occurrenceId,verbatimScientificName,scientificName,key,matchType,confidence,status,rank,kingdom,phylum,class,order,family,genus,species,canonicalName,authorship,usageKey,acceptedUsageKey
,"Potentilla gracilis","Potentilla gracilis Douglas ex Hook.","5365416","EXACT","99","ACCEPTED","SPECIES","Plantae","Tracheophyta","Magnoliopsida","Rosales","Rosaceae","Potentilla","Potentilla gracilis","Potentilla gracilis","Douglas ex Hook.","5365416",
,"Potentilla gracilis","Potentilla gracilis Douglas ex Hook.","5365416","EXACT","99","ACCEPTED","SPECIES","Plantae","Tracheophyta","Magnoliopsida","Rosales","Rosaceae","Potentilla","Potentilla gracilis","Potentilla gracilis","Douglas ex Hook.","5365416",
,"Potentilla gracilis","Potentilla gracilis Douglas ex Hook.","5365416","EXACT","99","ACCEPTED","SPECIES","Plantae","Tracheophyta","Magnoliopsida","Rosales","Rosaceae","Potentilla","Potentilla gracilis","Potentilla gracilis","Douglas ex Hook.","5365416",
,"Potentilla gracilis","Potentilla gracilis Douglas ex Hook.","5365416","EXACT","99","ACCEPTED","SPECIES","Plantae","Tracheophyta","Magnoliopsida","Rosales","Rosaceae","Potentilla","Potentilla gracilis","Potentilla gracilis","Douglas ex Hook.","5365416",
,"Potentilla gracilis","Potentilla gracilis Douglas ex Hook.","5365416","EXACT","99","ACCEPTED","SPECIES","Plantae","Tracheophyta","Magnoliopsida","Rosales","Rosaceae","Potentilla","Potentilla gracilis","Potentilla gracilis","Douglas ex Hook.","5365416",
,"Parentucellia viscosa","Parentucellia viscosa (L.) Caruel","3171818","EXACT","99","SYNONYM","SPECIES","Plantae","Tracheophyta","Magnoliopsida","Lamiales","Orobanchaceae","Bellardia","Bellardia viscosa","Parentucellia viscosa","(L.) Caruel","3171818","7733140"
,"Prunella vulgaris","Prunella vulgaris L.","5341297","EXACT","99","ACCEPTED","SPECIES","Plantae","Tracheophyta","Magnoliopsida","Lamiales","Lamiaceae","Prunella","Prunella vulgaris","Prunella vulgaris","L.","5341297",
,"Centaurium erythraea","Centaurium erythraea Rafn","5414457","EXACT","99","ACCEPTED","SPECIES","Plantae","Tracheophyta","Magnoliopsida","Gentianales","Gentianaceae","Centaurium","Centaurium erythraea","Centaurium erythraea","Rafn","5414457",
,"Plagiobothrys figuratus","Plagiobothrys figuratus (Piper) I.M.Johnst.","8164333","EXACT","99","ACCEPTED","SPECIES","Plantae","Tracheophyta","Magnoliopsida","Boraginales","Boraginaceae","Plagiobothrys","Plagiobothrys figuratus","Plagiobothrys figuratus","(Piper) I.M.Johnst.","8164333",
,"Orthocarpus Nutt. bracteosus Benth.","Orthocarpus Nutt.","3171622","HIGHERRANK","100","ACCEPTED","GENUS","Plantae","Tracheophyta","Magnoliopsida","Lamiales","Orobanchaceae","Orthocarpus",,"Orthocarpus","Nutt.","3171622",
,"Eriophyllum lanatum","Eriophyllum lanatum (Pursh) Forbes","3130472","EXACT","100","ACCEPTED","SPECIES","Plantae","Tracheophyta","Magnoliopsida","Asterales","Asteraceae","Eriophyllum","Eriophyllum lanatum","Eriophyllum lanatum","(Pursh) Forbes","3130472",
,"Eriophyllum lanatum","Eriophyllum lanatum (Pursh) Forbes","3130472","EXACT","100","ACCEPTED","SPECIES","Plantae","Tracheophyta","Magnoliopsida","Asterales","Asteraceae","Eriophyllum","Eriophyllum lanatum","Eriophyllum lanatum","(Pursh) Forbes","3130472",
,"Eriophyllum lanatum","Eriophyllum lanatum (Pursh) Forbes","3130472","EXACT","100","ACCEPTED","SPECIES","Plantae","Tracheophyta","Magnoliopsida","Asterales","Asteraceae","Eriophyllum","Eriophyllum lanatum","Eriophyllum lanatum","(Pursh) Forbes","3130472",
,"Eriophyllum lanatum","Eriophyllum lanatum (Pursh) Forbes","3130472","EXACT","100","ACCEPTED","SPECIES","Plantae","Tracheophyta","Magnoliopsida","Asterales","Asteraceae","Eriophyllum","Eriophyllum lanatum","Eriophyllum lanatum","(Pursh) Forbes","3130472",
,"Eriophyllum lanatum","Eriophyllum lanatum (Pursh) Forbes","3130472","EXACT","100","ACCEPTED","SPECIES","Plantae","Tracheophyta","Magnoliopsida","Asterales","Asteraceae","Eriophyllum","Eriophyllum lanatum","Eriophyllum lanatum","(Pursh) Forbes","3130472",
,"Horkelia congesta","Horkelia congesta Douglas ex Hook.","3025210","EXACT","99","SYNONYM","SPECIES","Plantae","Tracheophyta","Magnoliopsida","Rosales","Rosaceae","Potentilla","Potentilla congesta","Horkelia congesta","Douglas ex Hook.","3025210","5368914"
,"Erigeron decumbens","Erigeron decumbens Nutt.","7845106","EXACT","99","ACCEPTED","SPECIES","Plantae","Tracheophyta","Magnoliopsida","Asterales","Asteraceae","Erigeron","Erigeron decumbens","Erigeron decumbens","Nutt.","7845106",
,"Potentilla gracilis","Potentilla gracilis Douglas ex Hook.","5365416","EXACT","99","ACCEPTED","SPECIES","Plantae","Tracheophyta","Magnoliopsida","Rosales","Rosaceae","Potentilla","Potentilla gracilis","Potentilla gracilis","Douglas ex Hook.","5365416",
,"Potentilla gracilis","Potentilla gracilis Douglas ex Hook.","5365416","EXACT","99","ACCEPTED","SPECIES","Plantae","Tracheophyta","Magnoliopsida","Rosales","Rosaceae","Potentilla","Potentilla gracilis","Potentilla gracilis","Douglas ex Hook.","5365416",
,"Hypochaeris radicata","Hypochaeris radicata L.","3093702","EXACT","100","ACCEPTED","SPECIES","Plantae","Tracheophyta","Magnoliopsida","Asterales","Asteraceae","Hypochaeris","Hypochaeris radicata","Hypochaeris radicata","L.","3093702",
,"Hypochaeris radicata","Hypochaeris radicata L.","3093702","EXACT","100","ACCEPTED","SPECIES","Plantae","Tracheophyta","Magnoliopsida","Asterales","Asteraceae","Hypochaeris","Hypochaeris radicata","Hypochaeris radicata","L.","3093702",
,"Leontodon  taraxacoides","Leontodon taraxacoides Lacaita, 1918","7975952","EXACT","99","ACCEPTED","SPECIES","Plantae","Tracheophyta","Magnoliopsida","Asterales","Asteraceae","Leontodon","Leontodon taraxacoides","Leontodon taraxacoides","Lacaita, 1918","7975952",
,"Leontodon  taraxacoides","Leontodon taraxacoides Lacaita, 1918","7975952","EXACT","99","ACCEPTED","SPECIES","Plantae","Tracheophyta","Magnoliopsida","Asterales","Asteraceae","Leontodon","Leontodon taraxacoides","Leontodon taraxacoides","Lacaita, 1918","7975952",
,"Leontodon  taraxacoides","Leontodon taraxacoides Lacaita, 1918","7975952","EXACT","99","ACCEPTED","SPECIES","Plantae","Tracheophyta","Magnoliopsida","Asterales","Asteraceae","Leontodon","Leontodon taraxacoides","Leontodon taraxacoides","Lacaita, 1918","7975952",
,"Leontodon  taraxacoides","Leontodon taraxacoides Lacaita, 1918","7975952","EXACT","99","ACCEPTED","SPECIES","Plantae","Tracheophyta","Magnoliopsida","Asterales","Asteraceae","Leontodon","Leontodon taraxacoides","Leontodon taraxacoides","Lacaita, 1918","7975952",
,"Leontodon  taraxacoides","Leontodon taraxacoides Lacaita, 1918","7975952","EXACT","99","ACCEPTED","SPECIES","Plantae","Tracheophyta","Magnoliopsida","Asterales","Asteraceae","Leontodon","Leontodon taraxacoides","Leontodon taraxacoides","Lacaita, 1918","7975952",
,"Leontodon  taraxacoides","Leontodon taraxacoides Lacaita, 1918","7975952","EXACT","99","ACCEPTED","SPECIES","Plantae","Tracheophyta","Magnoliopsida","Asterales","Asteraceae","Leontodon","Leontodon taraxacoides","Leontodon taraxacoides","Lacaita, 1918","7975952",
,"Leontodon  taraxacoides","Leontodon taraxacoides Lacaita, 1918","7975952","EXACT","99","ACCEPTED","SPECIES","Plantae","Tracheophyta","Magnoliopsida","Asterales","Asteraceae","Leontodon","Leontodon taraxacoides","Leontodon taraxacoides","Lacaita, 1918","7975952",
,"Centaurium erythraea","Centaurium erythraea Rafn","5414457","EXACT","99","ACCEPTED","SPECIES","Plantae","Tracheophyta","Magnoliopsida","Gentianales","Gentianaceae","Centaurium","Centaurium erythraea","Centaurium erythraea","Rafn","5414457",
,"Plagiobothrys figuratus","Plagiobothrys figuratus (Piper) I.M.Johnst.","8164333","EXACT","99","ACCEPTED","SPECIES","Plantae","Tracheophyta","Magnoliopsida","Boraginales","Boraginaceae","Plagiobothrys","Plagiobothrys figuratus","Plagiobothrys figuratus","(Piper) I.M.Johnst.","8164333",
,"Parentucellia viscosa","Parentucellia viscosa (L.) Caruel","3171818","EXACT","99","SYNONYM","SPECIES","Plantae","Tracheophyta","Magnoliopsida","Lamiales","Orobanchaceae","Bellardia","Bellardia viscosa","Parentucellia viscosa","(L.) Caruel","3171818","7733140"
,"Brodiaea coronaria","Brodiaea coronaria (Salisb.) Jeps.","2767717","EXACT","99","ACCEPTED","SPECIES","Plantae","Tracheophyta","Liliopsida","Asparagales","Asparagaceae","Brodiaea","Brodiaea coronaria","Brodiaea coronaria","(Salisb.) Jeps.","2767717",
,"Downingia elegans","Downingia elegans (Douglas ex Lindl.) Torr.","3166285","EXACT","99","ACCEPTED","SPECIES","Plantae","Tracheophyta","Magnoliopsida","Asterales","Campanulaceae","Downingia","Downingia elegans","Downingia elegans","(Douglas ex Lindl.) Torr.","3166285",
,"Prunella vulgaris","Prunella vulgaris L.","5341297","EXACT","99","ACCEPTED","SPECIES","Plantae","Tracheophyta","Magnoliopsida","Lamiales","Lamiaceae","Prunella","Prunella vulgaris","Prunella vulgaris","L.","5341297",
,"Crepis setosa","Crepis setosa Haller fil.","4245384","EXACT","100","ACCEPTED","SPECIES","Plantae","Tracheophyta","Magnoliopsida","Asterales","Asteraceae","Crepis","Crepis setosa","Crepis setosa","Haller fil.","4245384",
,"Crepis setosa","Crepis setosa Haller fil.","4245384","EXACT","100","ACCEPTED","SPECIES","Plantae","Tracheophyta","Magnoliopsida","Asterales","Asteraceae","Crepis","Crepis setosa","Crepis setosa","Haller fil.","4245384",
,"Crepis setosa","Crepis setosa Haller fil.","4245384","EXACT","100","ACCEPTED","SPECIES","Plantae","Tracheophyta","Magnoliopsida","Asterales","Asteraceae","Crepis","Crepis setosa","Crepis setosa","Haller fil.","4245384",
,"Crepis setosa","Crepis setosa Haller fil.","4245384","EXACT","100","ACCEPTED","SPECIES","Plantae","Tracheophyta","Magnoliopsida","Asterales","Asteraceae","Crepis","Crepis setosa","Crepis setosa","Haller fil.","4245384",
,"Crepis setosa","Crepis setosa Haller fil.","4245384","EXACT","100","ACCEPTED","SPECIES","Plantae","Tracheophyta","Magnoliopsida","Asterales","Asteraceae","Crepis","Crepis setosa","Crepis setosa","Haller fil.","4245384",
,"Crepis setosa","Crepis setosa Haller fil.","4245384","EXACT","100","ACCEPTED","SPECIES","Plantae","Tracheophyta","Magnoliopsida","Asterales","Asteraceae","Crepis","Crepis setosa","Crepis setosa","Haller fil.","4245384",
,"Crepis setosa","Crepis setosa Haller fil.","4245384","EXACT","100","ACCEPTED","SPECIES","Plantae","Tracheophyta","Magnoliopsida","Asterales","Asteraceae","Crepis","Crepis setosa","Crepis setosa","Haller fil.","4245384",
,"Crepis setosa","Crepis setosa Haller fil.","4245384","EXACT","100","ACCEPTED","SPECIES","Plantae","Tracheophyta","Magnoliopsida","Asterales","Asteraceae","Crepis","Crepis setosa","Crepis setosa","Haller fil.","4245384",
,"Crepis setosa","Crepis setosa Haller fil.","4245384","EXACT","100","ACCEPTED","SPECIES","Plantae","Tracheophyta","Magnoliopsida","Asterales","Asteraceae","Crepis","Crepis setosa","Crepis setosa","Haller fil.","4245384",
,"Crepis setosa","Crepis setosa Haller fil.","4245384","EXACT","100","ACCEPTED","SPECIES","Plantae","Tracheophyta","Magnoliopsida","Asterales","Asteraceae","Crepis","Crepis setosa","Crepis setosa","Haller fil.","4245384",
,"Crepis setosa","Crepis setosa Haller fil.","4245384","EXACT","100","ACCEPTED","SPECIES","Plantae","Tracheophyta","Magnoliopsida","Asterales","Asteraceae","Crepis","Crepis setosa","Crepis setosa","Haller fil.","4245384",
,"Crepis setosa","Crepis setosa Haller fil.","4245384","EXACT","100","ACCEPTED","SPECIES","Plantae","Tracheophyta","Magnoliopsida","Asterales","Asteraceae","Crepis","Crepis setosa","Crepis setosa","Haller fil.","4245384",
,"Crepis setosa","Crepis setosa Haller fil.","4245384","EXACT","100","ACCEPTED","SPECIES","Plantae","Tracheophyta","Magnoliopsida","Asterales","Asteraceae","Crepis","Crepis setosa","Crepis setosa","Haller fil.","4245384",
,"Crepis setosa","Crepis setosa Haller fil.","4245384","EXACT","100","ACCEPTED","SPECIES","Plantae","Tracheophyta","Magnoliopsida","Asterales","Asteraceae","Crepis","Crepis setosa","Crepis setosa","Haller fil.","4245384",
,"Crepis setosa","Crepis setosa Haller fil.","4245384","EXACT","100","ACCEPTED","SPECIES","Plantae","Tracheophyta","Magnoliopsida","Asterales","Asteraceae","Crepis","Crepis setosa","Crepis setosa","Haller fil.","4245384",
,"Crepis setosa","Crepis setosa Haller fil.","4245384","EXACT","100","ACCEPTED","SPECIES","Plantae","Tracheophyta","Magnoliopsida","Asterales","Asteraceae","Crepis","Crepis setosa","Crepis setosa","Haller fil.","4245384",
,"Crepis setosa","Crepis setosa Haller fil.","4245384","EXACT","100","ACCEPTED","SPECIES","Plantae","Tracheophyta","Magnoliopsida","Asterales","Asteraceae","Crepis","Crepis setosa","Crepis setosa","Haller fil.","4245384",
,"Crepis setosa","Crepis setosa Haller fil.","4245384","EXACT","100","ACCEPTED","SPECIES","Plantae","Tracheophyta","Magnoliopsida","Asterales","Asteraceae","Crepis","Crepis setosa","Crepis setosa","Haller fil.","4245384",
,"Centaurium erythraea","Centaurium erythraea Rafn","5414457","EXACT","99","ACCEPTED","SPECIES","Plantae","Tracheophyta","Magnoliopsida","Gentianales","Gentianaceae","Centaurium","Centaurium erythraea","Centaurium erythraea","Rafn","5414457",
,"Hypericum perforatum","Hypericum perforatum L.","3189486","EXACT","100","ACCEPTED","SPECIES","Plantae","Tracheophyta","Magnoliopsida","Malpighiales","Hypericaceae","Hypericum","Hypericum perforatum","Hypericum perforatum","L.","3189486",
,"Hypericum perforatum","Hypericum perforatum L.","3189486","EXACT","100","ACCEPTED","SPECIES","Plantae","Tracheophyta","Magnoliopsida","Malpighiales","Hypericaceae","Hypericum","Hypericum perforatum","Hypericum perforatum","L.","3189486",
,"Clarkia purpurea","Clarkia purpurea (Curtis) A.Nelson & J.F.Macbr.","5420968","EXACT","100","ACCEPTED","SPECIES","Plantae","Tracheophyta","Magnoliopsida","Myrtales","Onagraceae","Clarkia","Clarkia purpurea","Clarkia purpurea","(Curtis) A.Nelson & J.F.Macbr.","5420968",
,"Leucanthemum vulgare","Leucanthemum vulgare Lam.","8848598","EXACT","100","ACCEPTED","SPECIES","Plantae","Tracheophyta","Magnoliopsida","Asterales","Asteraceae","Leucanthemum","Leucanthemum vulgare","Leucanthemum vulgare","Lam.","8848598",
,"Mentha pulegium","Mentha pulegium L.","2927189","EXACT","99","ACCEPTED","SPECIES","Plantae","Tracheophyta","Magnoliopsida","Lamiales","Lamiaceae","Mentha","Mentha pulegium","Mentha pulegium","L.","2927189",
,"Mentha pulegium","Mentha pulegium L.","2927189","EXACT","99","ACCEPTED","SPECIES","Plantae","Tracheophyta","Magnoliopsida","Lamiales","Lamiaceae","Mentha","Mentha pulegium","Mentha pulegium","L.","2927189",
,"Mentha pulegium","Mentha pulegium L.","2927189","EXACT","99","ACCEPTED","SPECIES","Plantae","Tracheophyta","Magnoliopsida","Lamiales","Lamiaceae","Mentha","Mentha pulegium","Mentha pulegium","L.","2927189",
,"Mentha pulegium","Mentha pulegium L.","2927189","EXACT","99","ACCEPTED","SPECIES","Plantae","Tracheophyta","Magnoliopsida","Lamiales","Lamiaceae","Mentha","Mentha pulegium","Mentha pulegium","L.","2927189",
,"Centaurium erythraea","Centaurium erythraea Rafn","5414457","EXACT","99","ACCEPTED","SPECIES","Plantae","Tracheophyta","Magnoliopsida","Gentianales","Gentianaceae","Centaurium","Centaurium erythraea","Centaurium erythraea","Rafn","5414457",
,"Erigeron decumbens","Erigeron decumbens Nutt.","7845106","EXACT","99","ACCEPTED","SPECIES","Plantae","Tracheophyta","Magnoliopsida","Asterales","Asteraceae","Erigeron","Erigeron decumbens","Erigeron decumbens","Nutt.","7845106",
,"Potentilla gracilis","Potentilla gracilis Douglas ex Hook.","5365416","EXACT","99","ACCEPTED","SPECIES","Plantae","Tracheophyta","Magnoliopsida","Rosales","Rosaceae","Potentilla","Potentilla gracilis","Potentilla gracilis","Douglas ex Hook.","5365416",
,"Spiraea douglasii","Spiraea douglasii Hook.","3027159","EXACT","100","ACCEPTED","SPECIES","Plantae","Tracheophyta","Magnoliopsida","Rosales","Rosaceae","Spiraea","Spiraea douglasii","Spiraea douglasii","Hook.","3027159",
,"Spiraea douglasii","Spiraea douglasii Hook.","3027159","EXACT","100","ACCEPTED","SPECIES","Plantae","Tracheophyta","Magnoliopsida","Rosales","Rosaceae","Spiraea","Spiraea douglasii","Spiraea douglasii","Hook.","3027159",
,"Prunella vulgaris","Prunella vulgaris L.","5341297","EXACT","99","ACCEPTED","SPECIES","Plantae","Tracheophyta","Magnoliopsida","Lamiales","Lamiaceae","Prunella","Prunella vulgaris","Prunella vulgaris","L.","5341297",
,"Horkelia congesta","Horkelia congesta Douglas ex Hook.","3025210","EXACT","99","SYNONYM","SPECIES","Plantae","Tracheophyta","Magnoliopsida","Rosales","Rosaceae","Potentilla","Potentilla congesta","Horkelia congesta","Douglas ex Hook.","3025210","5368914"
,"Crepis capillaris","Crepis capillaris (L.) Wallr.","5403304","EXACT","100","ACCEPTED","SPECIES","Plantae","Tracheophyta","Magnoliopsida","Asterales","Asteraceae","Crepis","Crepis capillaris","Crepis capillaris","(L.) Wallr.","5403304",
,"Crepis capillaris","Crepis capillaris (L.) Wallr.","5403304","EXACT","100","ACCEPTED","SPECIES","Plantae","Tracheophyta","Magnoliopsida","Asterales","Asteraceae","Crepis","Crepis capillaris","Crepis capillaris","(L.) Wallr.","5403304",
,"Crepis capillaris","Crepis capillaris (L.) Wallr.","5403304","EXACT","100","ACCEPTED","SPECIES","Plantae","Tracheophyta","Magnoliopsida","Asterales","Asteraceae","Crepis","Crepis capillaris","Crepis capillaris","(L.) Wallr.","5403304",
,"Crepis capillaris","Crepis capillaris (L.) Wallr.","5403304","EXACT","100","ACCEPTED","SPECIES","Plantae","Tracheophyta","Magnoliopsida","Asterales","Asteraceae","Crepis","Crepis capillaris","Crepis capillaris","(L.) Wallr.","5403304",
,"Crepis capillaris","Crepis capillaris (L.) Wallr.","5403304","EXACT","100","ACCEPTED","SPECIES","Plantae","Tracheophyta","Magnoliopsida","Asterales","Asteraceae","Crepis","Crepis capillaris","Crepis capillaris","(L.) Wallr.","5403304",
,"Crepis capillaris","Crepis capillaris (L.) Wallr.","5403304","EXACT","100","ACCEPTED","SPECIES","Plantae","Tracheophyta","Magnoliopsida","Asterales","Asteraceae","Crepis","Crepis capillaris","Crepis capillaris","(L.) Wallr.","5403304",
,"Centaurium erythraea","Centaurium erythraea Rafn","5414457","EXACT","99","ACCEPTED","SPECIES","Plantae","Tracheophyta","Magnoliopsida","Gentianales","Gentianaceae","Centaurium","Centaurium erythraea","Centaurium erythraea","Rafn","5414457",
,"Potentilla gracilis","Potentilla gracilis Douglas ex Hook.","5365416","EXACT","99","ACCEPTED","SPECIES","Plantae","Tracheophyta","Magnoliopsida","Rosales","Rosaceae","Potentilla","Potentilla gracilis","Potentilla gracilis","Douglas ex Hook.","5365416",
,"Potentilla gracilis","Potentilla gracilis Douglas ex Hook.","5365416","EXACT","99","ACCEPTED","SPECIES","Plantae","Tracheophyta","Magnoliopsida","Rosales","Rosaceae","Potentilla","Potentilla gracilis","Potentilla gracilis","Douglas ex Hook.","5365416",
,"Navarretia squarrosa","Navarretia squarrosa (Eschsch.) Hook. & Arn.","2927684","EXACT","100","ACCEPTED","SPECIES","Plantae","Tracheophyta","Magnoliopsida","Ericales","Polemoniaceae","Navarretia","Navarretia squarrosa","Navarretia squarrosa","(Eschsch.) Hook. & Arn.","2927684",
,"Daucus carota","Daucus carota L.","3034742","EXACT","99","ACCEPTED","SPECIES","Plantae","Tracheophyta","Magnoliopsida","Apiales","Apiaceae","Daucus","Daucus carota","Daucus carota","L.","3034742",
,"Daucus carota","Daucus carota L.","3034742","EXACT","99","ACCEPTED","SPECIES","Plantae","Tracheophyta","Magnoliopsida","Apiales","Apiaceae","Daucus","Daucus carota","Daucus carota","L.","3034742",
,"Daucus carota","Daucus carota L.","3034742","EXACT","99","ACCEPTED","SPECIES","Plantae","Tracheophyta","Magnoliopsida","Apiales","Apiaceae","Daucus","Daucus carota","Daucus carota","L.","3034742",
,"Daucus carota","Daucus carota L.","3034742","EXACT","99","ACCEPTED","SPECIES","Plantae","Tracheophyta","Magnoliopsida","Apiales","Apiaceae","Daucus","Daucus carota","Daucus carota","L.","3034742",
,"Daucus carota","Daucus carota L.","3034742","EXACT","99","ACCEPTED","SPECIES","Plantae","Tracheophyta","Magnoliopsida","Apiales","Apiaceae","Daucus","Daucus carota","Daucus carota","L.","3034742",
,"Daucus carota","Daucus carota L.","3034742","EXACT","99","ACCEPTED","SPECIES","Plantae","Tracheophyta","Magnoliopsida","Apiales","Apiaceae","Daucus","Daucus carota","Daucus carota","L.","3034742",
,"Daucus carota","Daucus carota L.","3034742","EXACT","99","ACCEPTED","SPECIES","Plantae","Tracheophyta","Magnoliopsida","Apiales","Apiaceae","Daucus","Daucus carota","Daucus carota","L.","3034742",
,"Daucus carota","Daucus carota L.","3034742","EXACT","99","ACCEPTED","SPECIES","Plantae","Tracheophyta","Magnoliopsida","Apiales","Apiaceae","Daucus","Daucus carota","Daucus carota","L.","3034742",
,"Daucus carota","Daucus carota L.","3034742","EXACT","99","ACCEPTED","SPECIES","Plantae","Tracheophyta","Magnoliopsida","Apiales","Apiaceae","Daucus","Daucus carota","Daucus carota","L.","3034742",
,"Anthemis cotula","Anthemis cotula L.","8035698","EXACT","99","ACCEPTED","SPECIES","Plantae","Tracheophyta","Magnoliopsida","Asterales","Asteraceae","Anthemis","Anthemis cotula","Anthemis cotula","L.","8035698",
,"Erigeron decumbens","Erigeron decumbens Nutt.","7845106","EXACT","99","ACCEPTED","SPECIES","Plantae","Tracheophyta","Magnoliopsida","Asterales","Asteraceae","Erigeron","Erigeron decumbens","Erigeron decumbens","Nutt.","7845106",
,"Epilobium ciliatum","Epilobium ciliatum Raf.","9188840","EXACT","100","ACCEPTED","SPECIES","Plantae","Tracheophyta","Magnoliopsida","Myrtales","Onagraceae","Epilobium","Epilobium ciliatum","Epilobium ciliatum","Raf.","9188840",
,"Epilobium ciliatum","Epilobium ciliatum Raf.","9188840","EXACT","100","ACCEPTED","SPECIES","Plantae","Tracheophyta","Magnoliopsida","Myrtales","Onagraceae","Epilobium","Epilobium ciliatum","Epilobium ciliatum","Raf.","9188840",
,"Epilobium densiflorum","Epilobium densiflorum (Lindl.) Hoch & P.H.Raven","3189090","EXACT","99","ACCEPTED","SPECIES","Plantae","Tracheophyta","Magnoliopsida","Myrtales","Onagraceae","Epilobium","Epilobium densiflorum","Epilobium densiflorum","(Lindl.) Hoch & P.H.Raven","3189090",
,"Epilobium densiflorum","Epilobium densiflorum (Lindl.) Hoch & P.H.Raven","3189090","EXACT","99","ACCEPTED","SPECIES","Plantae","Tracheophyta","Magnoliopsida","Myrtales","Onagraceae","Epilobium","Epilobium densiflorum","Epilobium densiflorum","(Lindl.) Hoch & P.H.Raven","3189090",
,"Epilobium densiflorum","Epilobium densiflorum (Lindl.) Hoch & P.H.Raven","3189090","EXACT","99","ACCEPTED","SPECIES","Plantae","Tracheophyta","Magnoliopsida","Myrtales","Onagraceae","Epilobium","Epilobium densiflorum","Epilobium densiflorum","(Lindl.) Hoch & P.H.Raven","3189090",
,"Epilobium densiflorum","Epilobium densiflorum (Lindl.) Hoch & P.H.Raven","3189090","EXACT","99","ACCEPTED","SPECIES","Plantae","Tracheophyta","Magnoliopsida","Myrtales","Onagraceae","Epilobium","Epilobium densiflorum","Epilobium densiflorum","(Lindl.) Hoch & P.H.Raven","3189090",
,"Clarkia amoena","Clarkia amoena (Lehm.) A.Nelson & J.F.Macbr.","5420978","EXACT","100","ACCEPTED","SPECIES","Plantae","Tracheophyta","Magnoliopsida","Myrtales","Onagraceae","Clarkia","Clarkia amoena","Clarkia amoena","(Lehm.) A.Nelson & J.F.Macbr.","5420978",
,"Mentha pulegium","Mentha pulegium L.","2927189","EXACT","99","ACCEPTED","SPECIES","Plantae","Tracheophyta","Magnoliopsida","Lamiales","Lamiaceae","Mentha","Mentha pulegium","Mentha pulegium","L.","2927189",
,"Mentha pulegium","Mentha pulegium L.","2927189","EXACT","99","ACCEPTED","SPECIES","Plantae","Tracheophyta","Magnoliopsida","Lamiales","Lamiaceae","Mentha","Mentha pulegium","Mentha pulegium","L.","2927189",
,"Hypericum perforatum","Hypericum perforatum L.","3189486","EXACT","100","ACCEPTED","SPECIES","Plantae","Tracheophyta","Magnoliopsida","Malpighiales","Hypericaceae","Hypericum","Hypericum perforatum","Hypericum perforatum","L.","3189486",
,"Hypericum perforatum","Hypericum perforatum L.","3189486","EXACT","100","ACCEPTED","SPECIES","Plantae","Tracheophyta","Magnoliopsida","Malpighiales","Hypericaceae","Hypericum","Hypericum perforatum","Hypericum perforatum","L.","3189486",
,"Hypericum perforatum","Hypericum perforatum L.","3189486","EXACT","100","ACCEPTED","SPECIES","Plantae","Tracheophyta","Magnoliopsida","Malpighiales","Hypericaceae","Hypericum","Hypericum perforatum","Hypericum perforatum","L.","3189486",
,"Hypericum perforatum","Hypericum perforatum L.","3189486","EXACT","100","ACCEPTED","SPECIES","Plantae","Tracheophyta","Magnoliopsida","Malpighiales","Hypericaceae","Hypericum","Hypericum perforatum","Hypericum perforatum","L.","3189486",
,"Hypericum perforatum","Hypericum perforatum L.","3189486","EXACT","100","ACCEPTED","SPECIES","Plantae","Tracheophyta","Magnoliopsida","Malpighiales","Hypericaceae","Hypericum","Hypericum perforatum","Hypericum perforatum","L.","3189486",
,"Mentha pulegium","Mentha pulegium L.","2927189","EXACT","99","ACCEPTED","SPECIES","Plantae","Tracheophyta","Magnoliopsida","Lamiales","Lamiaceae","Mentha","Mentha pulegium","Mentha pulegium","L.","2927189",
,"Madia elegans","Madia elegans D.Don","7745385","EXACT","99","ACCEPTED","SPECIES","Plantae","Tracheophyta","Magnoliopsida","Asterales","Asteraceae","Madia","Madia elegans","Madia elegans","D.Don","7745385",
,"Madia elegans","Madia elegans D.Don","7745385","EXACT","99","ACCEPTED","SPECIES","Plantae","Tracheophyta","Magnoliopsida","Asterales","Asteraceae","Madia","Madia elegans","Madia elegans","D.Don","7745385",
,"Madia elegans","Madia elegans D.Don","7745385","EXACT","99","ACCEPTED","SPECIES","Plantae","Tracheophyta","Magnoliopsida","Asterales","Asteraceae","Madia","Madia elegans","Madia elegans","D.Don","7745385",
,"Madia elegans","Madia elegans D.Don","7745385","EXACT","99","ACCEPTED","SPECIES","Plantae","Tracheophyta","Magnoliopsida","Asterales","Asteraceae","Madia","Madia elegans","Madia elegans","D.Don","7745385",
,"Madia elegans","Madia elegans D.Don","7745385","EXACT","99","ACCEPTED","SPECIES","Plantae","Tracheophyta","Magnoliopsida","Asterales","Asteraceae","Madia","Madia elegans","Madia elegans","D.Don","7745385",
,"Madia elegans","Madia elegans D.Don","7745385","EXACT","99","ACCEPTED","SPECIES","Plantae","Tracheophyta","Magnoliopsida","Asterales","Asteraceae","Madia","Madia elegans","Madia elegans","D.Don","7745385",
,"Madia elegans","Madia elegans D.Don","7745385","EXACT","99","ACCEPTED","SPECIES","Plantae","Tracheophyta","Magnoliopsida","Asterales","Asteraceae","Madia","Madia elegans","Madia elegans","D.Don","7745385",
,"Madia elegans","Madia elegans D.Don","7745385","EXACT","99","ACCEPTED","SPECIES","Plantae","Tracheophyta","Magnoliopsida","Asterales","Asteraceae","Madia","Madia elegans","Madia elegans","D.Don","7745385",
,"Madia elegans","Madia elegans D.Don","7745385","EXACT","99","ACCEPTED","SPECIES","Plantae","Tracheophyta","Magnoliopsida","Asterales","Asteraceae","Madia","Madia elegans","Madia elegans","D.Don","7745385",
,"Madia elegans","Madia elegans D.Don","7745385","EXACT","99","ACCEPTED","SPECIES","Plantae","Tracheophyta","Magnoliopsida","Asterales","Asteraceae","Madia","Madia elegans","Madia elegans","D.Don","7745385",
,"Madia elegans","Madia elegans D.Don","7745385","EXACT","99","ACCEPTED","SPECIES","Plantae","Tracheophyta","Magnoliopsida","Asterales","Asteraceae","Madia","Madia elegans","Madia elegans","D.Don","7745385",
,"Madia elegans","Madia elegans D.Don","7745385","EXACT","99","ACCEPTED","SPECIES","Plantae","Tracheophyta","Magnoliopsida","Asterales","Asteraceae","Madia","Madia elegans","Madia elegans","D.Don","7745385",
,"Madia elegans","Madia elegans D.Don","7745385","EXACT","99","ACCEPTED","SPECIES","Plantae","Tracheophyta","Magnoliopsida","Asterales","Asteraceae","Madia","Madia elegans","Madia elegans","D.Don","7745385",
,"Madia elegans","Madia elegans D.Don","7745385","EXACT","99","ACCEPTED","SPECIES","Plantae","Tracheophyta","Magnoliopsida","Asterales","Asteraceae","Madia","Madia elegans","Madia elegans","D.Don","7745385",
,"Madia elegans","Madia elegans D.Don","7745385","EXACT","99","ACCEPTED","SPECIES","Plantae","Tracheophyta","Magnoliopsida","Asterales","Asteraceae","Madia","Madia elegans","Madia elegans","D.Don","7745385",
,"Madia elegans","Madia elegans D.Don","7745385","EXACT","99","ACCEPTED","SPECIES","Plantae","Tracheophyta","Magnoliopsida","Asterales","Asteraceae","Madia","Madia elegans","Madia elegans","D.Don","7745385",
,"Madia elegans","Madia elegans D.Don","7745385","EXACT","99","ACCEPTED","SPECIES","Plantae","Tracheophyta","Magnoliopsida","Asterales","Asteraceae","Madia","Madia elegans","Madia elegans","D.Don","7745385",
,"Madia elegans","Madia elegans D.Don","7745385","EXACT","99","ACCEPTED","SPECIES","Plantae","Tracheophyta","Magnoliopsida","Asterales","Asteraceae","Madia","Madia elegans","Madia elegans","D.Don","7745385",
,"Madia elegans","Madia elegans D.Don","7745385","EXACT","99","ACCEPTED","SPECIES","Plantae","Tracheophyta","Magnoliopsida","Asterales","Asteraceae","Madia","Madia elegans","Madia elegans","D.Don","7745385",
,"Madia elegans","Madia elegans D.Don","7745385","EXACT","99","ACCEPTED","SPECIES","Plantae","Tracheophyta","Magnoliopsida","Asterales","Asteraceae","Madia","Madia elegans","Madia elegans","D.Don","7745385",
,"Crepis setosa","Crepis setosa Haller fil.","4245384","EXACT","100","ACCEPTED","SPECIES","Plantae","Tracheophyta","Magnoliopsida","Asterales","Asteraceae","Crepis","Crepis setosa","Crepis setosa","Haller fil.","4245384",
,"Crepis setosa","Crepis setosa Haller fil.","4245384","EXACT","100","ACCEPTED","SPECIES","Plantae","Tracheophyta","Magnoliopsida","Asterales","Asteraceae","Crepis","Crepis setosa","Crepis setosa","Haller fil.","4245384",
,"Crepis setosa","Crepis setosa Haller fil.","4245384","EXACT","100","ACCEPTED","SPECIES","Plantae","Tracheophyta","Magnoliopsida","Asterales","Asteraceae","Crepis","Crepis setosa","Crepis setosa","Haller fil.","4245384",
,"Centaurium erythraea","Centaurium erythraea Rafn","5414457","EXACT","99","ACCEPTED","SPECIES","Plantae","Tracheophyta","Magnoliopsida","Gentianales","Gentianaceae","Centaurium","Centaurium erythraea","Centaurium erythraea","Rafn","5414457",
,"Clarkia amoena","Clarkia amoena (Lehm.) A.Nelson & J.F.Macbr.","5420978","EXACT","100","ACCEPTED","SPECIES","Plantae","Tracheophyta","Magnoliopsida","Myrtales","Onagraceae","Clarkia","Clarkia amoena","Clarkia amoena","(Lehm.) A.Nelson & J.F.Macbr.","5420978",
,"Hypochaeris radicata","Hypochaeris radicata L.","3093702","EXACT","100","ACCEPTED","SPECIES","Plantae","Tracheophyta","Magnoliopsida","Asterales","Asteraceae","Hypochaeris","Hypochaeris radicata","Hypochaeris radicata","L.","3093702",
,"Hypochaeris radicata","Hypochaeris radicata L.","3093702","EXACT","100","ACCEPTED","SPECIES","Plantae","Tracheophyta","Magnoliopsida","Asterales","Asteraceae","Hypochaeris","Hypochaeris radicata","Hypochaeris radicata","L.","3093702",
,"Hypochaeris radicata","Hypochaeris radicata L.","3093702","EXACT","100","ACCEPTED","SPECIES","Plantae","Tracheophyta","Magnoliopsida","Asterales","Asteraceae","Hypochaeris","Hypochaeris radicata","Hypochaeris radicata","L.","3093702",
,"Leontodon  taraxacoides","Leontodon taraxacoides Lacaita, 1918","7975952","EXACT","99","ACCEPTED","SPECIES","Plantae","Tracheophyta","Magnoliopsida","Asterales","Asteraceae","Leontodon","Leontodon taraxacoides","Leontodon taraxacoides","Lacaita, 1918","7975952",
,"Leontodon  taraxacoides","Leontodon taraxacoides Lacaita, 1918","7975952","EXACT","99","ACCEPTED","SPECIES","Plantae","Tracheophyta","Magnoliopsida","Asterales","Asteraceae","Leontodon","Leontodon taraxacoides","Leontodon taraxacoides","Lacaita, 1918","7975952",
,"Leontodon  taraxacoides","Leontodon taraxacoides Lacaita, 1918","7975952","EXACT","99","ACCEPTED","SPECIES","Plantae","Tracheophyta","Magnoliopsida","Asterales","Asteraceae","Leontodon","Leontodon taraxacoides","Leontodon taraxacoides","Lacaita, 1918","7975952",
,"Leontodon  taraxacoides","Leontodon taraxacoides Lacaita, 1918","7975952","EXACT","99","ACCEPTED","SPECIES","Plantae","Tracheophyta","Magnoliopsida","Asterales","Asteraceae","Leontodon","Leontodon taraxacoides","Leontodon taraxacoides","Lacaita, 1918","7975952",
,"Leontodon  taraxacoides","Leontodon taraxacoides Lacaita, 1918","7975952","EXACT","99","ACCEPTED","SPECIES","Plantae","Tracheophyta","Magnoliopsida","Asterales","Asteraceae","Leontodon","Leontodon taraxacoides","Leontodon taraxacoides","Lacaita, 1918","7975952",
,"Leontodon  taraxacoides","Leontodon taraxacoides Lacaita, 1918","7975952","EXACT","99","ACCEPTED","SPECIES","Plantae","Tracheophyta","Magnoliopsida","Asterales","Asteraceae","Leontodon","Leontodon taraxacoides","Leontodon taraxacoides","Lacaita, 1918","7975952",
,"Leontodon  taraxacoides","Leontodon taraxacoides Lacaita, 1918","7975952","EXACT","99","ACCEPTED","SPECIES","Plantae","Tracheophyta","Magnoliopsida","Asterales","Asteraceae","Leontodon","Leontodon taraxacoides","Leontodon taraxacoides","Lacaita, 1918","7975952",
,"Senecio jacobaea","Senecio jacobaea Loscos & Pardo","8965572","EXACT","99","ACCEPTED","SPECIES","Plantae","Tracheophyta","Magnoliopsida","Asterales","Asteraceae","Senecio","Senecio jacobaea","Senecio jacobaea","Loscos & Pardo","8965572",
,"Senecio jacobaea","Senecio jacobaea Loscos & Pardo","8965572","EXACT","99","ACCEPTED","SPECIES","Plantae","Tracheophyta","Magnoliopsida","Asterales","Asteraceae","Senecio","Senecio jacobaea","Senecio jacobaea","Loscos & Pardo","8965572",
,"Senecio jacobaea","Senecio jacobaea Loscos & Pardo","8965572","EXACT","99","ACCEPTED","SPECIES","Plantae","Tracheophyta","Magnoliopsida","Asterales","Asteraceae","Senecio","Senecio jacobaea","Senecio jacobaea","Loscos & Pardo","8965572",
,"Achillea millefolium","Achillea millefolium L.","3120060","EXACT","99","ACCEPTED","SPECIES","Plantae","Tracheophyta","Magnoliopsida","Asterales","Asteraceae","Achillea","Achillea millefolium","Achillea millefolium","L.","3120060",
,"Daucus carota","Daucus carota L.","3034742","EXACT","99","ACCEPTED","SPECIES","Plantae","Tracheophyta","Magnoliopsida","Apiales","Apiaceae","Daucus","Daucus carota","Daucus carota","L.","3034742",
,"Potentilla gracilis","Potentilla gracilis Douglas ex Hook.","5365416","EXACT","99","ACCEPTED","SPECIES","Plantae","Tracheophyta","Magnoliopsida","Rosales","Rosaceae","Potentilla","Potentilla gracilis","Potentilla gracilis","Douglas ex Hook.","5365416",
,"Potentilla gracilis","Potentilla gracilis Douglas ex Hook.","5365416","EXACT","99","ACCEPTED","SPECIES","Plantae","Tracheophyta","Magnoliopsida","Rosales","Rosaceae","Potentilla","Potentilla gracilis","Potentilla gracilis","Douglas ex Hook.","5365416",
,"Mentha pulegium","Mentha pulegium L.","2927189","EXACT","99","ACCEPTED","SPECIES","Plantae","Tracheophyta","Magnoliopsida","Lamiales","Lamiaceae","Mentha","Mentha pulegium","Mentha pulegium","L.","2927189",
,"Mentha pulegium","Mentha pulegium L.","2927189","EXACT","99","ACCEPTED","SPECIES","Plantae","Tracheophyta","Magnoliopsida","Lamiales","Lamiaceae","Mentha","Mentha pulegium","Mentha pulegium","L.","2927189",
,"Mentha pulegium","Mentha pulegium L.","2927189","EXACT","99","ACCEPTED","SPECIES","Plantae","Tracheophyta","Magnoliopsida","Lamiales","Lamiaceae","Mentha","Mentha pulegium","Mentha pulegium","L.","2927189",
,"Leontodon  taraxacoides","Leontodon taraxacoides Lacaita, 1918","7975952","EXACT","99","ACCEPTED","SPECIES","Plantae","Tracheophyta","Magnoliopsida","Asterales","Asteraceae","Leontodon","Leontodon taraxacoides","Leontodon taraxacoides","Lacaita, 1918","7975952",
,"Centaurium erythraea","Centaurium erythraea Rafn","5414457","EXACT","99","ACCEPTED","SPECIES","Plantae","Tracheophyta","Magnoliopsida","Gentianales","Gentianaceae","Centaurium","Centaurium erythraea","Centaurium erythraea","Rafn","5414457",
,"Leucanthemum vulgare","Leucanthemum vulgare Lam.","8848598","EXACT","100","ACCEPTED","SPECIES","Plantae","Tracheophyta","Magnoliopsida","Asterales","Asteraceae","Leucanthemum","Leucanthemum vulgare","Leucanthemum vulgare","Lam.","8848598",
,"Downingia elegans","Downingia elegans (Douglas ex Lindl.) Torr.","3166285","EXACT","99","ACCEPTED","SPECIES","Plantae","Tracheophyta","Magnoliopsida","Asterales","Campanulaceae","Downingia","Downingia elegans","Downingia elegans","(Douglas ex Lindl.) Torr.","3166285",
,"Leontodon  taraxacoides","Leontodon taraxacoides Lacaita, 1918","7975952","EXACT","99","ACCEPTED","SPECIES","Plantae","Tracheophyta","Magnoliopsida","Asterales","Asteraceae","Leontodon","Leontodon taraxacoides","Leontodon taraxacoides","Lacaita, 1918","7975952",
,"Leontodon  taraxacoides","Leontodon taraxacoides Lacaita, 1918","7975952","EXACT","99","ACCEPTED","SPECIES","Plantae","Tracheophyta","Magnoliopsida","Asterales","Asteraceae","Leontodon","Leontodon taraxacoides","Leontodon taraxacoides","Lacaita, 1918","7975952",
,"Leontodon  taraxacoides","Leontodon taraxacoides Lacaita, 1918","7975952","EXACT","99","ACCEPTED","SPECIES","Plantae","Tracheophyta","Magnoliopsida","Asterales","Asteraceae","Leontodon","Leontodon taraxacoides","Leontodon taraxacoides","Lacaita, 1918","7975952",
,"Centaurium erythraea","Centaurium erythraea Rafn","5414457","EXACT","99","ACCEPTED","SPECIES","Plantae","Tracheophyta","Magnoliopsida","Gentianales","Gentianaceae","Centaurium","Centaurium erythraea","Centaurium erythraea","Rafn","5414457",
,"Centaurium erythraea","Centaurium erythraea Rafn","5414457","EXACT","99","ACCEPTED","SPECIES","Plantae","Tracheophyta","Magnoliopsida","Gentianales","Gentianaceae","Centaurium","Centaurium erythraea","Centaurium erythraea","Rafn","5414457",
,"Mentha pulegium","Mentha pulegium L.","2927189","EXACT","99","ACCEPTED","SPECIES","Plantae","Tracheophyta","Magnoliopsida","Lamiales","Lamiaceae","Mentha","Mentha pulegium","Mentha pulegium","L.","2927189",
,"Mentha pulegium","Mentha pulegium L.","2927189","EXACT","99","ACCEPTED","SPECIES","Plantae","Tracheophyta","Magnoliopsida","Lamiales","Lamiaceae","Mentha","Mentha pulegium","Mentha pulegium","L.","2927189",
,"Mentha pulegium","Mentha pulegium L.","2927189","EXACT","99","ACCEPTED","SPECIES","Plantae","Tracheophyta","Magnoliopsida","Lamiales","Lamiaceae","Mentha","Mentha pulegium","Mentha pulegium","L.","2927189",
,"Mentha pulegium","Mentha pulegium L.","2927189","EXACT","99","ACCEPTED","SPECIES","Plantae","Tracheophyta","Magnoliopsida","Lamiales","Lamiaceae","Mentha","Mentha pulegium","Mentha pulegium","L.","2927189",
,"Leucanthemum vulgare","Leucanthemum vulgare Lam.","8848598","EXACT","100","ACCEPTED","SPECIES","Plantae","Tracheophyta","Magnoliopsida","Asterales","Asteraceae","Leucanthemum","Leucanthemum vulgare","Leucanthemum vulgare","Lam.","8848598",
,"Hypochaeris radicata","Hypochaeris radicata L.","3093702","EXACT","100","ACCEPTED","SPECIES","Plantae","Tracheophyta","Magnoliopsida","Asterales","Asteraceae","Hypochaeris","Hypochaeris radicata","Hypochaeris radicata","L.","3093702",
,"Eriophyllum lanatum","Eriophyllum lanatum (Pursh) Forbes","3130472","EXACT","100","ACCEPTED","SPECIES","Plantae","Tracheophyta","Magnoliopsida","Asterales","Asteraceae","Eriophyllum","Eriophyllum lanatum","Eriophyllum lanatum","(Pursh) Forbes","3130472",
,"Linum bienne","Linum bienne Mill.","2873896","EXACT","100","ACCEPTED","SPECIES","Plantae","Tracheophyta","Magnoliopsida","Malpighiales","Linaceae","Linum","Linum bienne","Linum bienne","Mill.","2873896",
,"Leucanthemum vulgare","Leucanthemum vulgare Lam.","8848598","EXACT","100","ACCEPTED","SPECIES","Plantae","Tracheophyta","Magnoliopsida","Asterales","Asteraceae","Leucanthemum","Leucanthemum vulgare","Leucanthemum vulgare","Lam.","8848598",
,"Leontodon  taraxacoides","Leontodon taraxacoides Lacaita, 1918","7975952","EXACT","99","ACCEPTED","SPECIES","Plantae","Tracheophyta","Magnoliopsida","Asterales","Asteraceae","Leontodon","Leontodon taraxacoides","Leontodon taraxacoides","Lacaita, 1918","7975952",
,"Leontodon  taraxacoides","Leontodon taraxacoides Lacaita, 1918","7975952","EXACT","99","ACCEPTED","SPECIES","Plantae","Tracheophyta","Magnoliopsida","Asterales","Asteraceae","Leontodon","Leontodon taraxacoides","Leontodon taraxacoides","Lacaita, 1918","7975952",
,"Leontodon  taraxacoides","Leontodon taraxacoides Lacaita, 1918","7975952","EXACT","99","ACCEPTED","SPECIES","Plantae","Tracheophyta","Magnoliopsida","Asterales","Asteraceae","Leontodon","Leontodon taraxacoides","Leontodon taraxacoides","Lacaita, 1918","7975952",
,"Leontodon  taraxacoides","Leontodon taraxacoides Lacaita, 1918","7975952","EXACT","99","ACCEPTED","SPECIES","Plantae","Tracheophyta","Magnoliopsida","Asterales","Asteraceae","Leontodon","Leontodon taraxacoides","Leontodon taraxacoides","Lacaita, 1918","7975952",
,"Dipsacus fullonum","Dipsacus fullonum L.","8435025","EXACT","99","ACCEPTED","SPECIES","Plantae","Tracheophyta","Magnoliopsida","Dipsacales","Caprifoliaceae","Dipsacus","Dipsacus fullonum","Dipsacus fullonum","L.","8435025",
,"Dipsacus fullonum","Dipsacus fullonum L.","8435025","EXACT","99","ACCEPTED","SPECIES","Plantae","Tracheophyta","Magnoliopsida","Dipsacales","Caprifoliaceae","Dipsacus","Dipsacus fullonum","Dipsacus fullonum","L.","8435025",
,"Dipsacus fullonum","Dipsacus fullonum L.","8435025","EXACT","99","ACCEPTED","SPECIES","Plantae","Tracheophyta","Magnoliopsida","Dipsacales","Caprifoliaceae","Dipsacus","Dipsacus fullonum","Dipsacus fullonum","L.","8435025",
,"Dipsacus fullonum","Dipsacus fullonum L.","8435025","EXACT","99","ACCEPTED","SPECIES","Plantae","Tracheophyta","Magnoliopsida","Dipsacales","Caprifoliaceae","Dipsacus","Dipsacus fullonum","Dipsacus fullonum","L.","8435025",
,"Dipsacus fullonum","Dipsacus fullonum L.","8435025","EXACT","99","ACCEPTED","SPECIES","Plantae","Tracheophyta","Magnoliopsida","Dipsacales","Caprifoliaceae","Dipsacus","Dipsacus fullonum","Dipsacus fullonum","L.","8435025",
,"Leontodon  taraxacoides","Leontodon taraxacoides Lacaita, 1918","7975952","EXACT","99","ACCEPTED","SPECIES","Plantae","Tracheophyta","Magnoliopsida","Asterales","Asteraceae","Leontodon","Leontodon taraxacoides","Leontodon taraxacoides","Lacaita, 1918","7975952",
,"Leontodon  taraxacoides","Leontodon taraxacoides Lacaita, 1918","7975952","EXACT","99","ACCEPTED","SPECIES","Plantae","Tracheophyta","Magnoliopsida","Asterales","Asteraceae","Leontodon","Leontodon taraxacoides","Leontodon taraxacoides","Lacaita, 1918","7975952",
,"Leontodon  taraxacoides","Leontodon taraxacoides Lacaita, 1918","7975952","EXACT","99","ACCEPTED","SPECIES","Plantae","Tracheophyta","Magnoliopsida","Asterales","Asteraceae","Leontodon","Leontodon taraxacoides","Leontodon taraxacoides","Lacaita, 1918","7975952",
,"Centaurium erythraea","Centaurium erythraea Rafn","5414457","EXACT","99","ACCEPTED","SPECIES","Plantae","Tracheophyta","Magnoliopsida","Gentianales","Gentianaceae","Centaurium","Centaurium erythraea","Centaurium erythraea","Rafn","5414457",
,"Mentha pulegium","Mentha pulegium L.","2927189","EXACT","99","ACCEPTED","SPECIES","Plantae","Tracheophyta","Magnoliopsida","Lamiales","Lamiaceae","Mentha","Mentha pulegium","Mentha pulegium","L.","2927189",
,"Mentha pulegium","Mentha pulegium L.","2927189","EXACT","99","ACCEPTED","SPECIES","Plantae","Tracheophyta","Magnoliopsida","Lamiales","Lamiaceae","Mentha","Mentha pulegium","Mentha pulegium","L.","2927189",
,"Leucanthemum vulgare","Leucanthemum vulgare Lam.","8848598","EXACT","100","ACCEPTED","SPECIES","Plantae","Tracheophyta","Magnoliopsida","Asterales","Asteraceae","Leucanthemum","Leucanthemum vulgare","Leucanthemum vulgare","Lam.","8848598",
,"Leucanthemum vulgare","Leucanthemum vulgare Lam.","8848598","EXACT","100","ACCEPTED","SPECIES","Plantae","Tracheophyta","Magnoliopsida","Asterales","Asteraceae","Leucanthemum","Leucanthemum vulgare","Leucanthemum vulgare","Lam.","8848598",
,"Hypochaeris radicata","Hypochaeris radicata L.","3093702","EXACT","100","ACCEPTED","SPECIES","Plantae","Tracheophyta","Magnoliopsida","Asterales","Asteraceae","Hypochaeris","Hypochaeris radicata","Hypochaeris radicata","L.","3093702",
,"Hypochaeris radicata","Hypochaeris radicata L.","3093702","EXACT","100","ACCEPTED","SPECIES","Plantae","Tracheophyta","Magnoliopsida","Asterales","Asteraceae","Hypochaeris","Hypochaeris radicata","Hypochaeris radicata","L.","3093702",
,"Potentilla gracilis","Potentilla gracilis Douglas ex Hook.","5365416","EXACT","99","ACCEPTED","SPECIES","Plantae","Tracheophyta","Magnoliopsida","Rosales","Rosaceae","Potentilla","Potentilla gracilis","Potentilla gracilis","Douglas ex Hook.","5365416",
,"Mentha pulegium","Mentha pulegium L.","2927189","EXACT","99","ACCEPTED","SPECIES","Plantae","Tracheophyta","Magnoliopsida","Lamiales","Lamiaceae","Mentha","Mentha pulegium","Mentha pulegium","L.","2927189",
,"Leontodon  taraxacoides","Leontodon taraxacoides Lacaita, 1918","7975952","EXACT","99","ACCEPTED","SPECIES","Plantae","Tracheophyta","Magnoliopsida","Asterales","Asteraceae","Leontodon","Leontodon taraxacoides","Leontodon taraxacoides","Lacaita, 1918","7975952",
,"Leontodon  taraxacoides","Leontodon taraxacoides Lacaita, 1918","7975952","EXACT","99","ACCEPTED","SPECIES","Plantae","Tracheophyta","Magnoliopsida","Asterales","Asteraceae","Leontodon","Leontodon taraxacoides","Leontodon taraxacoides","Lacaita, 1918","7975952",
,"Leontodon  taraxacoides","Leontodon taraxacoides Lacaita, 1918","7975952","EXACT","99","ACCEPTED","SPECIES","Plantae","Tracheophyta","Magnoliopsida","Asterales","Asteraceae","Leontodon","Leontodon taraxacoides","Leontodon taraxacoides","Lacaita, 1918","7975952",
,"Microseris laciniata","Microseris laciniata (Hook.) Sch.Bip.","5399438","EXACT","100","ACCEPTED","SPECIES","Plantae","Tracheophyta","Magnoliopsida","Asterales","Asteraceae","Microseris","Microseris laciniata","Microseris laciniata","(Hook.) Sch.Bip.","5399438",
,"Microseris laciniata","Microseris laciniata (Hook.) Sch.Bip.","5399438","EXACT","100","ACCEPTED","SPECIES","Plantae","Tracheophyta","Magnoliopsida","Asterales","Asteraceae","Microseris","Microseris laciniata","Microseris laciniata","(Hook.) Sch.Bip.","5399438",
,"Centaurium erythraea","Centaurium erythraea Rafn","5414457","EXACT","99","ACCEPTED","SPECIES","Plantae","Tracheophyta","Magnoliopsida","Gentianales","Gentianaceae","Centaurium","Centaurium erythraea","Centaurium erythraea","Rafn","5414457",
,"Leucanthemum vulgare","Leucanthemum vulgare Lam.","8848598","EXACT","100","ACCEPTED","SPECIES","Plantae","Tracheophyta","Magnoliopsida","Asterales","Asteraceae","Leucanthemum","Leucanthemum vulgare","Leucanthemum vulgare","Lam.","8848598",
,"Downingia elegans","Downingia elegans (Douglas ex Lindl.) Torr.","3166285","EXACT","99","ACCEPTED","SPECIES","Plantae","Tracheophyta","Magnoliopsida","Asterales","Campanulaceae","Downingia","Downingia elegans","Downingia elegans","(Douglas ex Lindl.) Torr.","3166285",
,"Mentha pulegium","Mentha pulegium L.","2927189","EXACT","99","ACCEPTED","SPECIES","Plantae","Tracheophyta","Magnoliopsida","Lamiales","Lamiaceae","Mentha","Mentha pulegium","Mentha pulegium","L.","2927189",
,"Mentha pulegium","Mentha pulegium L.","2927189","EXACT","99","ACCEPTED","SPECIES","Plantae","Tracheophyta","Magnoliopsida","Lamiales","Lamiaceae","Mentha","Mentha pulegium","Mentha pulegium","L.","2927189",
,"Mentha pulegium","Mentha pulegium L.","2927189","EXACT","99","ACCEPTED","SPECIES","Plantae","Tracheophyta","Magnoliopsida","Lamiales","Lamiaceae","Mentha","Mentha pulegium","Mentha pulegium","L.","2927189",
,"Mentha pulegium","Mentha pulegium L.","2927189","EXACT","99","ACCEPTED","SPECIES","Plantae","Tracheophyta","Magnoliopsida","Lamiales","Lamiaceae","Mentha","Mentha pulegium","Mentha pulegium","L.","2927189",
,"Mentha pulegium","Mentha pulegium L.","2927189","EXACT","99","ACCEPTED","SPECIES","Plantae","Tracheophyta","Magnoliopsida","Lamiales","Lamiaceae","Mentha","Mentha pulegium","Mentha pulegium","L.","2927189",
,"Centaurium erythraea","Centaurium erythraea Rafn","5414457","EXACT","99","ACCEPTED","SPECIES","Plantae","Tracheophyta","Magnoliopsida","Gentianales","Gentianaceae","Centaurium","Centaurium erythraea","Centaurium erythraea","Rafn","5414457",
,"Potentilla gracilis","Potentilla gracilis Douglas ex Hook.","5365416","EXACT","99","ACCEPTED","SPECIES","Plantae","Tracheophyta","Magnoliopsida","Rosales","Rosaceae","Potentilla","Potentilla gracilis","Potentilla gracilis","Douglas ex Hook.","5365416",
,"Potentilla gracilis","Potentilla gracilis Douglas ex Hook.","5365416","EXACT","99","ACCEPTED","SPECIES","Plantae","Tracheophyta","Magnoliopsida","Rosales","Rosaceae","Potentilla","Potentilla gracilis","Potentilla gracilis","Douglas ex Hook.","5365416",
,"Erigeron decumbens","Erigeron decumbens Nutt.","7845106","EXACT","99","ACCEPTED","SPECIES","Plantae","Tracheophyta","Magnoliopsida","Asterales","Asteraceae","Erigeron","Erigeron decumbens","Erigeron decumbens","Nutt.","7845106",
,"Erigeron decumbens","Erigeron decumbens Nutt.","7845106","EXACT","99","ACCEPTED","SPECIES","Plantae","Tracheophyta","Magnoliopsida","Asterales","Asteraceae","Erigeron","Erigeron decumbens","Erigeron decumbens","Nutt.","7845106",
,"Erigeron decumbens","Erigeron decumbens Nutt.","7845106","EXACT","99","ACCEPTED","SPECIES","Plantae","Tracheophyta","Magnoliopsida","Asterales","Asteraceae","Erigeron","Erigeron decumbens","Erigeron decumbens","Nutt.","7845106",
,"Horkelia congesta","Horkelia congesta Douglas ex Hook.","3025210","EXACT","99","SYNONYM","SPECIES","Plantae","Tracheophyta","Magnoliopsida","Rosales","Rosaceae","Potentilla","Potentilla congesta","Horkelia congesta","Douglas ex Hook.","3025210","5368914"
,"Prunella vulgaris","Prunella vulgaris L.","5341297","EXACT","99","ACCEPTED","SPECIES","Plantae","Tracheophyta","Magnoliopsida","Lamiales","Lamiaceae","Prunella","Prunella vulgaris","Prunella vulgaris","L.","5341297",
,"Spiraea douglasii","Spiraea douglasii Hook.","3027159","EXACT","100","ACCEPTED","SPECIES","Plantae","Tracheophyta","Magnoliopsida","Rosales","Rosaceae","Spiraea","Spiraea douglasii","Spiraea douglasii","Hook.","3027159",
,"Spiraea douglasii","Spiraea douglasii Hook.","3027159","EXACT","100","ACCEPTED","SPECIES","Plantae","Tracheophyta","Magnoliopsida","Rosales","Rosaceae","Spiraea","Spiraea douglasii","Spiraea douglasii","Hook.","3027159",
,"Spiraea douglasii","Spiraea douglasii Hook.","3027159","EXACT","100","ACCEPTED","SPECIES","Plantae","Tracheophyta","Magnoliopsida","Rosales","Rosaceae","Spiraea","Spiraea douglasii","Spiraea douglasii","Hook.","3027159",
,"Spiraea douglasii","Spiraea douglasii Hook.","3027159","EXACT","100","ACCEPTED","SPECIES","Plantae","Tracheophyta","Magnoliopsida","Rosales","Rosaceae","Spiraea","Spiraea douglasii","Spiraea douglasii","Hook.","3027159",
,"Spiraea douglasii","Spiraea douglasii Hook.","3027159","EXACT","100","ACCEPTED","SPECIES","Plantae","Tracheophyta","Magnoliopsida","Rosales","Rosaceae","Spiraea","Spiraea douglasii","Spiraea douglasii","Hook.","3027159",
,"Centaurium erythraea","Centaurium erythraea Rafn","5414457","EXACT","99","ACCEPTED","SPECIES","Plantae","Tracheophyta","Magnoliopsida","Gentianales","Gentianaceae","Centaurium","Centaurium erythraea","Centaurium erythraea","Rafn","5414457",
,"Crepis setosa","Crepis setosa Haller fil.","4245384","EXACT","100","ACCEPTED","SPECIES","Plantae","Tracheophyta","Magnoliopsida","Asterales","Asteraceae","Crepis","Crepis setosa","Crepis setosa","Haller fil.","4245384",
,"Crepis setosa","Crepis setosa Haller fil.","4245384","EXACT","100","ACCEPTED","SPECIES","Plantae","Tracheophyta","Magnoliopsida","Asterales","Asteraceae","Crepis","Crepis setosa","Crepis setosa","Haller fil.","4245384",
,"Crepis setosa","Crepis setosa Haller fil.","4245384","EXACT","100","ACCEPTED","SPECIES","Plantae","Tracheophyta","Magnoliopsida","Asterales","Asteraceae","Crepis","Crepis setosa","Crepis setosa","Haller fil.","4245384",
,"Hypericum perforatum","Hypericum perforatum L.","3189486","EXACT","100","ACCEPTED","SPECIES","Plantae","Tracheophyta","Magnoliopsida","Malpighiales","Hypericaceae","Hypericum","Hypericum perforatum","Hypericum perforatum","L.","3189486",
,"Clarkia purpurea","Clarkia purpurea (Curtis) A.Nelson & J.F.Macbr.","5420968","EXACT","100","ACCEPTED","SPECIES","Plantae","Tracheophyta","Magnoliopsida","Myrtales","Onagraceae","Clarkia","Clarkia purpurea","Clarkia purpurea","(Curtis) A.Nelson & J.F.Macbr.","5420968",
,"Leucanthemum vulgare","Leucanthemum vulgare Lam.","8848598","EXACT","100","ACCEPTED","SPECIES","Plantae","Tracheophyta","Magnoliopsida","Asterales","Asteraceae","Leucanthemum","Leucanthemum vulgare","Leucanthemum vulgare","Lam.","8848598",
,"Microseris laciniata","Microseris laciniata (Hook.) Sch.Bip.","5399438","EXACT","100","ACCEPTED","SPECIES","Plantae","Tracheophyta","Magnoliopsida","Asterales","Asteraceae","Microseris","Microseris laciniata","Microseris laciniata","(Hook.) Sch.Bip.","5399438",
,"Microseris laciniata","Microseris laciniata (Hook.) Sch.Bip.","5399438","EXACT","100","ACCEPTED","SPECIES","Plantae","Tracheophyta","Magnoliopsida","Asterales","Asteraceae","Microseris","Microseris laciniata","Microseris laciniata","(Hook.) Sch.Bip.","5399438",
,"Microseris laciniata","Microseris laciniata (Hook.) Sch.Bip.","5399438","EXACT","100","ACCEPTED","SPECIES","Plantae","Tracheophyta","Magnoliopsida","Asterales","Asteraceae","Microseris","Microseris laciniata","Microseris laciniata","(Hook.) Sch.Bip.","5399438",
,"Microseris laciniata","Microseris laciniata (Hook.) Sch.Bip.","5399438","EXACT","100","ACCEPTED","SPECIES","Plantae","Tracheophyta","Magnoliopsida","Asterales","Asteraceae","Microseris","Microseris laciniata","Microseris laciniata","(Hook.) Sch.Bip.","5399438",
,"Microseris laciniata","Microseris laciniata (Hook.) Sch.Bip.","5399438","EXACT","100","ACCEPTED","SPECIES","Plantae","Tracheophyta","Magnoliopsida","Asterales","Asteraceae","Microseris","Microseris laciniata","Microseris laciniata","(Hook.) Sch.Bip.","5399438",
,"Microseris laciniata","Microseris laciniata (Hook.) Sch.Bip.","5399438","EXACT","100","ACCEPTED","SPECIES","Plantae","Tracheophyta","Magnoliopsida","Asterales","Asteraceae","Microseris","Microseris laciniata","Microseris laciniata","(Hook.) Sch.Bip.","5399438",
,"Microseris laciniata","Microseris laciniata (Hook.) Sch.Bip.","5399438","EXACT","100","ACCEPTED","SPECIES","Plantae","Tracheophyta","Magnoliopsida","Asterales","Asteraceae","Microseris","Microseris laciniata","Microseris laciniata","(Hook.) Sch.Bip.","5399438",
,"Microseris laciniata","Microseris laciniata (Hook.) Sch.Bip.","5399438","EXACT","100","ACCEPTED","SPECIES","Plantae","Tracheophyta","Magnoliopsida","Asterales","Asteraceae","Microseris","Microseris laciniata","Microseris laciniata","(Hook.) Sch.Bip.","5399438",
,"Microseris laciniata","Microseris laciniata (Hook.) Sch.Bip.","5399438","EXACT","100","ACCEPTED","SPECIES","Plantae","Tracheophyta","Magnoliopsida","Asterales","Asteraceae","Microseris","Microseris laciniata","Microseris laciniata","(Hook.) Sch.Bip.","5399438",
,"Epilobium densiflorum","Epilobium densiflorum (Lindl.) Hoch & P.H.Raven","3189090","EXACT","99","ACCEPTED","SPECIES","Plantae","Tracheophyta","Magnoliopsida","Myrtales","Onagraceae","Epilobium","Epilobium densiflorum","Epilobium densiflorum","(Lindl.) Hoch & P.H.Raven","3189090",
,"Navarretia squarrosa","Navarretia squarrosa (Eschsch.) Hook. & Arn.","2927684","EXACT","100","ACCEPTED","SPECIES","Plantae","Tracheophyta","Magnoliopsida","Ericales","Polemoniaceae","Navarretia","Navarretia squarrosa","Navarretia squarrosa","(Eschsch.) Hook. & Arn.","2927684",
,"Centaurium erythraea","Centaurium erythraea Rafn","5414457","EXACT","99","ACCEPTED","SPECIES","Plantae","Tracheophyta","Magnoliopsida","Gentianales","Gentianaceae","Centaurium","Centaurium erythraea","Centaurium erythraea","Rafn","5414457",
,"Epilobium brachycarpum","Epilobium brachycarpum C.Presl","3189073","EXACT","99","ACCEPTED","SPECIES","Plantae","Tracheophyta","Magnoliopsida","Myrtales","Onagraceae","Epilobium","Epilobium brachycarpum","Epilobium brachycarpum","C.Presl","3189073",
,"Mentha pulegium","Mentha pulegium L.","2927189","EXACT","99","ACCEPTED","SPECIES","Plantae","Tracheophyta","Magnoliopsida","Lamiales","Lamiaceae","Mentha","Mentha pulegium","Mentha pulegium","L.","2927189",
,"Crepis setosa","Crepis setosa Haller fil.","4245384","EXACT","100","ACCEPTED","SPECIES","Plantae","Tracheophyta","Magnoliopsida","Asterales","Asteraceae","Crepis","Crepis setosa","Crepis setosa","Haller fil.","4245384",
,"Crepis setosa","Crepis setosa Haller fil.","4245384","EXACT","100","ACCEPTED","SPECIES","Plantae","Tracheophyta","Magnoliopsida","Asterales","Asteraceae","Crepis","Crepis setosa","Crepis setosa","Haller fil.","4245384",
,"Prunella vulgaris","Prunella vulgaris L.","5341297","EXACT","99","ACCEPTED","SPECIES","Plantae","Tracheophyta","Magnoliopsida","Lamiales","Lamiaceae","Prunella","Prunella vulgaris","Prunella vulgaris","L.","5341297",
,"Prunella vulgaris","Prunella vulgaris L.","5341297","EXACT","99","ACCEPTED","SPECIES","Plantae","Tracheophyta","Magnoliopsida","Lamiales","Lamiaceae","Prunella","Prunella vulgaris","Prunella vulgaris","L.","5341297",
,"Erigeron decumbens","Erigeron decumbens Nutt.","7845106","EXACT","99","ACCEPTED","SPECIES","Plantae","Tracheophyta","Magnoliopsida","Asterales","Asteraceae","Erigeron","Erigeron decumbens","Erigeron decumbens","Nutt.","7845106",
,"Crepis capillaris","Crepis capillaris (L.) Wallr.","5403304","EXACT","100","ACCEPTED","SPECIES","Plantae","Tracheophyta","Magnoliopsida","Asterales","Asteraceae","Crepis","Crepis capillaris","Crepis capillaris","(L.) Wallr.","5403304",
,"Crepis capillaris","Crepis capillaris (L.) Wallr.","5403304","EXACT","100","ACCEPTED","SPECIES","Plantae","Tracheophyta","Magnoliopsida","Asterales","Asteraceae","Crepis","Crepis capillaris","Crepis capillaris","(L.) Wallr.","5403304",
,"Eriophyllum lanatum","Eriophyllum lanatum (Pursh) Forbes","3130472","EXACT","100","ACCEPTED","SPECIES","Plantae","Tracheophyta","Magnoliopsida","Asterales","Asteraceae","Eriophyllum","Eriophyllum lanatum","Eriophyllum lanatum","(Pursh) Forbes","3130472",
,"Daucus carota","Daucus carota L.","3034742","EXACT","99","ACCEPTED","SPECIES","Plantae","Tracheophyta","Magnoliopsida","Apiales","Apiaceae","Daucus","Daucus carota","Daucus carota","L.","3034742",
,"Daucus carota","Daucus carota L.","3034742","EXACT","99","ACCEPTED","SPECIES","Plantae","Tracheophyta","Magnoliopsida","Apiales","Apiaceae","Daucus","Daucus carota","Daucus carota","L.","3034742",
,"Achillea millefolium","Achillea millefolium L.","3120060","EXACT","99","ACCEPTED","SPECIES","Plantae","Tracheophyta","Magnoliopsida","Asterales","Asteraceae","Achillea","Achillea millefolium","Achillea millefolium","L.","3120060",
,"Achillea millefolium","Achillea millefolium L.","3120060","EXACT","99","ACCEPTED","SPECIES","Plantae","Tracheophyta","Magnoliopsida","Asterales","Asteraceae","Achillea","Achillea millefolium","Achillea millefolium","L.","3120060",
,"Achillea millefolium","Achillea millefolium L.","3120060","EXACT","99","ACCEPTED","SPECIES","Plantae","Tracheophyta","Magnoliopsida","Asterales","Asteraceae","Achillea","Achillea millefolium","Achillea millefolium","L.","3120060",
,"Hypericum perforatum","Hypericum perforatum L.","3189486","EXACT","100","ACCEPTED","SPECIES","Plantae","Tracheophyta","Magnoliopsida","Malpighiales","Hypericaceae","Hypericum","Hypericum perforatum","Hypericum perforatum","L.","3189486",
,"Hypericum perforatum","Hypericum perforatum L.","3189486","EXACT","100","ACCEPTED","SPECIES","Plantae","Tracheophyta","Magnoliopsida","Malpighiales","Hypericaceae","Hypericum","Hypericum perforatum","Hypericum perforatum","L.","3189486",
,"Clarkia amoena","Clarkia amoena (Lehm.) A.Nelson & J.F.Macbr.","5420978","EXACT","100","ACCEPTED","SPECIES","Plantae","Tracheophyta","Magnoliopsida","Myrtales","Onagraceae","Clarkia","Clarkia amoena","Clarkia amoena","(Lehm.) A.Nelson & J.F.Macbr.","5420978",
,"Clarkia amoena","Clarkia amoena (Lehm.) A.Nelson & J.F.Macbr.","5420978","EXACT","100","ACCEPTED","SPECIES","Plantae","Tracheophyta","Magnoliopsida","Myrtales","Onagraceae","Clarkia","Clarkia amoena","Clarkia amoena","(Lehm.) A.Nelson & J.F.Macbr.","5420978",
,"Prunella vulgaris","Prunella vulgaris L.","5341297","EXACT","99","ACCEPTED","SPECIES","Plantae","Tracheophyta","Magnoliopsida","Lamiales","Lamiaceae","Prunella","Prunella vulgaris","Prunella vulgaris","L.","5341297",
,"Prunella vulgaris","Prunella vulgaris L.","5341297","EXACT","99","ACCEPTED","SPECIES","Plantae","Tracheophyta","Magnoliopsida","Lamiales","Lamiaceae","Prunella","Prunella vulgaris","Prunella vulgaris","L.","5341297",
,"Prunella vulgaris","Prunella vulgaris L.","5341297","EXACT","99","ACCEPTED","SPECIES","Plantae","Tracheophyta","Magnoliopsida","Lamiales","Lamiaceae","Prunella","Prunella vulgaris","Prunella vulgaris","L.","5341297",
,"Anthemis cotula","Anthemis cotula L.","8035698","EXACT","99","ACCEPTED","SPECIES","Plantae","Tracheophyta","Magnoliopsida","Asterales","Asteraceae","Anthemis","Anthemis cotula","Anthemis cotula","L.","8035698",
,"Cirsium arvense","Cirsium arvense (L.) Scop.","3113414","EXACT","100","ACCEPTED","SPECIES","Plantae","Tracheophyta","Magnoliopsida","Asterales","Asteraceae","Cirsium","Cirsium arvense","Cirsium arvense","(L.) Scop.","3113414",
,"Cirsium arvense","Cirsium arvense (L.) Scop.","3113414","EXACT","100","ACCEPTED","SPECIES","Plantae","Tracheophyta","Magnoliopsida","Asterales","Asteraceae","Cirsium","Cirsium arvense","Cirsium arvense","(L.) Scop.","3113414",
,"Cirsium arvense","Cirsium arvense (L.) Scop.","3113414","EXACT","100","ACCEPTED","SPECIES","Plantae","Tracheophyta","Magnoliopsida","Asterales","Asteraceae","Cirsium","Cirsium arvense","Cirsium arvense","(L.) Scop.","3113414",
,"Crepis setosa","Crepis setosa Haller fil.","4245384","EXACT","100","ACCEPTED","SPECIES","Plantae","Tracheophyta","Magnoliopsida","Asterales","Asteraceae","Crepis","Crepis setosa","Crepis setosa","Haller fil.","4245384",
,"Crepis setosa","Crepis setosa Haller fil.","4245384","EXACT","100","ACCEPTED","SPECIES","Plantae","Tracheophyta","Magnoliopsida","Asterales","Asteraceae","Crepis","Crepis setosa","Crepis setosa","Haller fil.","4245384",
,"Crepis setosa","Crepis setosa Haller fil.","4245384","EXACT","100","ACCEPTED","SPECIES","Plantae","Tracheophyta","Magnoliopsida","Asterales","Asteraceae","Crepis","Crepis setosa","Crepis setosa","Haller fil.","4245384",
,"Crepis setosa","Crepis setosa Haller fil.","4245384","EXACT","100","ACCEPTED","SPECIES","Plantae","Tracheophyta","Magnoliopsida","Asterales","Asteraceae","Crepis","Crepis setosa","Crepis setosa","Haller fil.","4245384",
,"Crepis setosa","Crepis setosa Haller fil.","4245384","EXACT","100","ACCEPTED","SPECIES","Plantae","Tracheophyta","Magnoliopsida","Asterales","Asteraceae","Crepis","Crepis setosa","Crepis setosa","Haller fil.","4245384",
,"Crepis setosa","Crepis setosa Haller fil.","4245384","EXACT","100","ACCEPTED","SPECIES","Plantae","Tracheophyta","Magnoliopsida","Asterales","Asteraceae","Crepis","Crepis setosa","Crepis setosa","Haller fil.","4245384",
,"Crepis setosa","Crepis setosa Haller fil.","4245384","EXACT","100","ACCEPTED","SPECIES","Plantae","Tracheophyta","Magnoliopsida","Asterales","Asteraceae","Crepis","Crepis setosa","Crepis setosa","Haller fil.","4245384",
,"Crepis setosa","Crepis setosa Haller fil.","4245384","EXACT","100","ACCEPTED","SPECIES","Plantae","Tracheophyta","Magnoliopsida","Asterales","Asteraceae","Crepis","Crepis setosa","Crepis setosa","Haller fil.","4245384",
,"Crepis setosa","Crepis setosa Haller fil.","4245384","EXACT","100","ACCEPTED","SPECIES","Plantae","Tracheophyta","Magnoliopsida","Asterales","Asteraceae","Crepis","Crepis setosa","Crepis setosa","Haller fil.","4245384",
,"Leucanthemum vulgare","Leucanthemum vulgare Lam.","8848598","EXACT","100","ACCEPTED","SPECIES","Plantae","Tracheophyta","Magnoliopsida","Asterales","Asteraceae","Leucanthemum","Leucanthemum vulgare","Leucanthemum vulgare","Lam.","8848598",
,"Centaurium erythraea","Centaurium erythraea Rafn","5414457","EXACT","99","ACCEPTED","SPECIES","Plantae","Tracheophyta","Magnoliopsida","Gentianales","Gentianaceae","Centaurium","Centaurium erythraea","Centaurium erythraea","Rafn","5414457",
,"Hypericum perforatum","Hypericum perforatum L.","3189486","EXACT","100","ACCEPTED","SPECIES","Plantae","Tracheophyta","Magnoliopsida","Malpighiales","Hypericaceae","Hypericum","Hypericum perforatum","Hypericum perforatum","L.","3189486",
,"Daucus carota","Daucus carota L.","3034742","EXACT","99","ACCEPTED","SPECIES","Plantae","Tracheophyta","Magnoliopsida","Apiales","Apiaceae","Daucus","Daucus carota","Daucus carota","L.","3034742",
,"Crepis capillaris","Crepis capillaris (L.) Wallr.","5403304","EXACT","100","ACCEPTED","SPECIES","Plantae","Tracheophyta","Magnoliopsida","Asterales","Asteraceae","Crepis","Crepis capillaris","Crepis capillaris","(L.) Wallr.","5403304",
,"Senecio jacobaea","Senecio jacobaea Loscos & Pardo","8965572","EXACT","99","ACCEPTED","SPECIES","Plantae","Tracheophyta","Magnoliopsida","Asterales","Asteraceae","Senecio","Senecio jacobaea","Senecio jacobaea","Loscos & Pardo","8965572",
,"Senecio jacobaea","Senecio jacobaea Loscos & Pardo","8965572","EXACT","99","ACCEPTED","SPECIES","Plantae","Tracheophyta","Magnoliopsida","Asterales","Asteraceae","Senecio","Senecio jacobaea","Senecio jacobaea","Loscos & Pardo","8965572",
,"Clarkia amoena","Clarkia amoena (Lehm.) A.Nelson & J.F.Macbr.","5420978","EXACT","100","ACCEPTED","SPECIES","Plantae","Tracheophyta","Magnoliopsida","Myrtales","Onagraceae","Clarkia","Clarkia amoena","Clarkia amoena","(Lehm.) A.Nelson & J.F.Macbr.","5420978",
,"Crepis setosa","Crepis setosa Haller fil.","4245384","EXACT","100","ACCEPTED","SPECIES","Plantae","Tracheophyta","Magnoliopsida","Asterales","Asteraceae","Crepis","Crepis setosa","Crepis setosa","Haller fil.","4245384",
,"Crepis setosa","Crepis setosa Haller fil.","4245384","EXACT","100","ACCEPTED","SPECIES","Plantae","Tracheophyta","Magnoliopsida","Asterales","Asteraceae","Crepis","Crepis setosa","Crepis setosa","Haller fil.","4245384",
,"Crepis setosa","Crepis setosa Haller fil.","4245384","EXACT","100","ACCEPTED","SPECIES","Plantae","Tracheophyta","Magnoliopsida","Asterales","Asteraceae","Crepis","Crepis setosa","Crepis setosa","Haller fil.","4245384",
,"Dipsacus fullonum","Dipsacus fullonum L.","8435025","EXACT","99","ACCEPTED","SPECIES","Plantae","Tracheophyta","Magnoliopsida","Dipsacales","Caprifoliaceae","Dipsacus","Dipsacus fullonum","Dipsacus fullonum","L.","8435025",
,"Dipsacus fullonum","Dipsacus fullonum L.","8435025","EXACT","99","ACCEPTED","SPECIES","Plantae","Tracheophyta","Magnoliopsida","Dipsacales","Caprifoliaceae","Dipsacus","Dipsacus fullonum","Dipsacus fullonum","L.","8435025",
,"Madia elegans","Madia elegans D.Don","7745385","EXACT","99","ACCEPTED","SPECIES","Plantae","Tracheophyta","Magnoliopsida","Asterales","Asteraceae","Madia","Madia elegans","Madia elegans","D.Don","7745385",
,"Linum bienne","Linum bienne Mill.","2873896","EXACT","100","ACCEPTED","SPECIES","Plantae","Tracheophyta","Magnoliopsida","Malpighiales","Linaceae","Linum","Linum bienne","Linum bienne","Mill.","2873896",
,"Erigeron decumbens","Erigeron decumbens Nutt.","7845106","EXACT","99","ACCEPTED","SPECIES","Plantae","Tracheophyta","Magnoliopsida","Asterales","Asteraceae","Erigeron","Erigeron decumbens","Erigeron decumbens","Nutt.","7845106",
,"Erigeron decumbens","Erigeron decumbens Nutt.","7845106","EXACT","99","ACCEPTED","SPECIES","Plantae","Tracheophyta","Magnoliopsida","Asterales","Asteraceae","Erigeron","Erigeron decumbens","Erigeron decumbens","Nutt.","7845106",
,"Potentilla gracilis","Potentilla gracilis Douglas ex Hook.","5365416","EXACT","99","ACCEPTED","SPECIES","Plantae","Tracheophyta","Magnoliopsida","Rosales","Rosaceae","Potentilla","Potentilla gracilis","Potentilla gracilis","Douglas ex Hook.","5365416",
,"Potentilla gracilis","Potentilla gracilis Douglas ex Hook.","5365416","EXACT","99","ACCEPTED","SPECIES","Plantae","Tracheophyta","Magnoliopsida","Rosales","Rosaceae","Potentilla","Potentilla gracilis","Potentilla gracilis","Douglas ex Hook.","5365416",
,"Potentilla gracilis","Potentilla gracilis Douglas ex Hook.","5365416","EXACT","99","ACCEPTED","SPECIES","Plantae","Tracheophyta","Magnoliopsida","Rosales","Rosaceae","Potentilla","Potentilla gracilis","Potentilla gracilis","Douglas ex Hook.","5365416",
,"Potentilla gracilis","Potentilla gracilis Douglas ex Hook.","5365416","EXACT","99","ACCEPTED","SPECIES","Plantae","Tracheophyta","Magnoliopsida","Rosales","Rosaceae","Potentilla","Potentilla gracilis","Potentilla gracilis","Douglas ex Hook.","5365416",
,"Potentilla gracilis","Potentilla gracilis Douglas ex Hook.","5365416","EXACT","99","ACCEPTED","SPECIES","Plantae","Tracheophyta","Magnoliopsida","Rosales","Rosaceae","Potentilla","Potentilla gracilis","Potentilla gracilis","Douglas ex Hook.","5365416",
,"Leucanthemum vulgare","Leucanthemum vulgare Lam.","8848598","EXACT","100","ACCEPTED","SPECIES","Plantae","Tracheophyta","Magnoliopsida","Asterales","Asteraceae","Leucanthemum","Leucanthemum vulgare","Leucanthemum vulgare","Lam.","8848598",
,"Leucanthemum vulgare","Leucanthemum vulgare Lam.","8848598","EXACT","100","ACCEPTED","SPECIES","Plantae","Tracheophyta","Magnoliopsida","Asterales","Asteraceae","Leucanthemum","Leucanthemum vulgare","Leucanthemum vulgare","Lam.","8848598",
,"Plectritis congesta","Plectritis congesta (Lindl.) DC.","2888738","EXACT","100","ACCEPTED","SPECIES","Plantae","Tracheophyta","Magnoliopsida","Dipsacales","Caprifoliaceae","Plectritis","Plectritis congesta","Plectritis congesta","(Lindl.) DC.","2888738",
,"Plectritis congesta","Plectritis congesta (Lindl.) DC.","2888738","EXACT","100","ACCEPTED","SPECIES","Plantae","Tracheophyta","Magnoliopsida","Dipsacales","Caprifoliaceae","Plectritis","Plectritis congesta","Plectritis congesta","(Lindl.) DC.","2888738",
,"Plectritis congesta","Plectritis congesta (Lindl.) DC.","2888738","EXACT","100","ACCEPTED","SPECIES","Plantae","Tracheophyta","Magnoliopsida","Dipsacales","Caprifoliaceae","Plectritis","Plectritis congesta","Plectritis congesta","(Lindl.) DC.","2888738",
,"Heracleum maximum","Heracleum maximum W.Bartram","3034826","EXACT","100","ACCEPTED","SPECIES","Plantae","Tracheophyta","Magnoliopsida","Apiales","Apiaceae","Heracleum","Heracleum maximum","Heracleum maximum","W.Bartram","3034826",
,"Heracleum maximum","Heracleum maximum W.Bartram","3034826","EXACT","100","ACCEPTED","SPECIES","Plantae","Tracheophyta","Magnoliopsida","Apiales","Apiaceae","Heracleum","Heracleum maximum","Heracleum maximum","W.Bartram","3034826",
,"Heracleum maximum","Heracleum maximum W.Bartram","3034826","EXACT","100","ACCEPTED","SPECIES","Plantae","Tracheophyta","Magnoliopsida","Apiales","Apiaceae","Heracleum","Heracleum maximum","Heracleum maximum","W.Bartram","3034826",
,"Heracleum maximum","Heracleum maximum W.Bartram","3034826","EXACT","100","ACCEPTED","SPECIES","Plantae","Tracheophyta","Magnoliopsida","Apiales","Apiaceae","Heracleum","Heracleum maximum","Heracleum maximum","W.Bartram","3034826",
,"Heracleum maximum","Heracleum maximum W.Bartram","3034826","EXACT","100","ACCEPTED","SPECIES","Plantae","Tracheophyta","Magnoliopsida","Apiales","Apiaceae","Heracleum","Heracleum maximum","Heracleum maximum","W.Bartram","3034826",
,"Eriophyllum lanatum","Eriophyllum lanatum (Pursh) Forbes","3130472","EXACT","100","ACCEPTED","SPECIES","Plantae","Tracheophyta","Magnoliopsida","Asterales","Asteraceae","Eriophyllum","Eriophyllum lanatum","Eriophyllum lanatum","(Pursh) Forbes","3130472",
,"Erigeron decumbens","Erigeron decumbens Nutt.","7845106","EXACT","99","ACCEPTED","SPECIES","Plantae","Tracheophyta","Magnoliopsida","Asterales","Asteraceae","Erigeron","Erigeron decumbens","Erigeron decumbens","Nutt.","7845106",
,"Eriophyllum lanatum","Eriophyllum lanatum (Pursh) Forbes","3130472","EXACT","100","ACCEPTED","SPECIES","Plantae","Tracheophyta","Magnoliopsida","Asterales","Asteraceae","Eriophyllum","Eriophyllum lanatum","Eriophyllum lanatum","(Pursh) Forbes","3130472",
,"Leontodon  taraxacoides","Leontodon taraxacoides Lacaita, 1918","7975952","EXACT","99","ACCEPTED","SPECIES","Plantae","Tracheophyta","Magnoliopsida","Asterales","Asteraceae","Leontodon","Leontodon taraxacoides","Leontodon taraxacoides","Lacaita, 1918","7975952",
,"Mentha pulegium","Mentha pulegium L.","2927189","EXACT","99","ACCEPTED","SPECIES","Plantae","Tracheophyta","Magnoliopsida","Lamiales","Lamiaceae","Mentha","Mentha pulegium","Mentha pulegium","L.","2927189",
,"Sidalcea virgata","Sidalcea virgata Howell","3939895","EXACT","100","SYNONYM","SPECIES","Plantae","Tracheophyta","Magnoliopsida","Malvales","Malvaceae","Sidalcea","Sidalcea asprella","Sidalcea virgata","Howell","3939895","11160737"
,"Sidalcea virgata","Sidalcea virgata Howell","3939895","EXACT","100","SYNONYM","SPECIES","Plantae","Tracheophyta","Magnoliopsida","Malvales","Malvaceae","Sidalcea","Sidalcea asprella","Sidalcea virgata","Howell","3939895","11160737"
,"Sidalcea virgata","Sidalcea virgata Howell","3939895","EXACT","100","SYNONYM","SPECIES","Plantae","Tracheophyta","Magnoliopsida","Malvales","Malvaceae","Sidalcea","Sidalcea asprella","Sidalcea virgata","Howell","3939895","11160737"
,"Sidalcea virgata","Sidalcea virgata Howell","3939895","EXACT","100","SYNONYM","SPECIES","Plantae","Tracheophyta","Magnoliopsida","Malvales","Malvaceae","Sidalcea","Sidalcea asprella","Sidalcea virgata","Howell","3939895","11160737"
,"Sidalcea virgata","Sidalcea virgata Howell","3939895","EXACT","100","SYNONYM","SPECIES","Plantae","Tracheophyta","Magnoliopsida","Malvales","Malvaceae","Sidalcea","Sidalcea asprella","Sidalcea virgata","Howell","3939895","11160737"
,"Sidalcea virgata","Sidalcea virgata Howell","3939895","EXACT","100","SYNONYM","SPECIES","Plantae","Tracheophyta","Magnoliopsida","Malvales","Malvaceae","Sidalcea","Sidalcea asprella","Sidalcea virgata","Howell","3939895","11160737"
,"Sidalcea virgata","Sidalcea virgata Howell","3939895","EXACT","100","SYNONYM","SPECIES","Plantae","Tracheophyta","Magnoliopsida","Malvales","Malvaceae","Sidalcea","Sidalcea asprella","Sidalcea virgata","Howell","3939895","11160737"
,"Sidalcea virgata","Sidalcea virgata Howell","3939895","EXACT","100","SYNONYM","SPECIES","Plantae","Tracheophyta","Magnoliopsida","Malvales","Malvaceae","Sidalcea","Sidalcea asprella","Sidalcea virgata","Howell","3939895","11160737"
,"Sidalcea virgata","Sidalcea virgata Howell","3939895","EXACT","100","SYNONYM","SPECIES","Plantae","Tracheophyta","Magnoliopsida","Malvales","Malvaceae","Sidalcea","Sidalcea asprella","Sidalcea virgata","Howell","3939895","11160737"
,"Achillea millefolium","Achillea millefolium L.","3120060","EXACT","99","ACCEPTED","SPECIES","Plantae","Tracheophyta","Magnoliopsida","Asterales","Asteraceae","Achillea","Achillea millefolium","Achillea millefolium","L.","3120060",
,"Achillea millefolium","Achillea millefolium L.","3120060","EXACT","99","ACCEPTED","SPECIES","Plantae","Tracheophyta","Magnoliopsida","Asterales","Asteraceae","Achillea","Achillea millefolium","Achillea millefolium","L.","3120060",
,"Achillea millefolium","Achillea millefolium L.","3120060","EXACT","99","ACCEPTED","SPECIES","Plantae","Tracheophyta","Magnoliopsida","Asterales","Asteraceae","Achillea","Achillea millefolium","Achillea millefolium","L.","3120060",
,"Achillea millefolium","Achillea millefolium L.","3120060","EXACT","99","ACCEPTED","SPECIES","Plantae","Tracheophyta","Magnoliopsida","Asterales","Asteraceae","Achillea","Achillea millefolium","Achillea millefolium","L.","3120060",
,"Achillea millefolium","Achillea millefolium L.","3120060","EXACT","99","ACCEPTED","SPECIES","Plantae","Tracheophyta","Magnoliopsida","Asterales","Asteraceae","Achillea","Achillea millefolium","Achillea millefolium","L.","3120060",
,"Achillea millefolium","Achillea millefolium L.","3120060","EXACT","99","ACCEPTED","SPECIES","Plantae","Tracheophyta","Magnoliopsida","Asterales","Asteraceae","Achillea","Achillea millefolium","Achillea millefolium","L.","3120060",
,"Achillea millefolium","Achillea millefolium L.","3120060","EXACT","99","ACCEPTED","SPECIES","Plantae","Tracheophyta","Magnoliopsida","Asterales","Asteraceae","Achillea","Achillea millefolium","Achillea millefolium","L.","3120060",
,"Achillea millefolium","Achillea millefolium L.","3120060","EXACT","99","ACCEPTED","SPECIES","Plantae","Tracheophyta","Magnoliopsida","Asterales","Asteraceae","Achillea","Achillea millefolium","Achillea millefolium","L.","3120060",
,"Achillea millefolium","Achillea millefolium L.","3120060","EXACT","99","ACCEPTED","SPECIES","Plantae","Tracheophyta","Magnoliopsida","Asterales","Asteraceae","Achillea","Achillea millefolium","Achillea millefolium","L.","3120060",
,"Achillea millefolium","Achillea millefolium L.","3120060","EXACT","99","ACCEPTED","SPECIES","Plantae","Tracheophyta","Magnoliopsida","Asterales","Asteraceae","Achillea","Achillea millefolium","Achillea millefolium","L.","3120060",
,"Achillea millefolium","Achillea millefolium L.","3120060","EXACT","99","ACCEPTED","SPECIES","Plantae","Tracheophyta","Magnoliopsida","Asterales","Asteraceae","Achillea","Achillea millefolium","Achillea millefolium","L.","3120060",
,"Achillea millefolium","Achillea millefolium L.","3120060","EXACT","99","ACCEPTED","SPECIES","Plantae","Tracheophyta","Magnoliopsida","Asterales","Asteraceae","Achillea","Achillea millefolium","Achillea millefolium","L.","3120060",
,"Achillea millefolium","Achillea millefolium L.","3120060","EXACT","99","ACCEPTED","SPECIES","Plantae","Tracheophyta","Magnoliopsida","Asterales","Asteraceae","Achillea","Achillea millefolium","Achillea millefolium","L.","3120060",
,"Daucus carota","Daucus carota L.","3034742","EXACT","99","ACCEPTED","SPECIES","Plantae","Tracheophyta","Magnoliopsida","Apiales","Apiaceae","Daucus","Daucus carota","Daucus carota","L.","3034742",
,"Daucus carota","Daucus carota L.","3034742","EXACT","99","ACCEPTED","SPECIES","Plantae","Tracheophyta","Magnoliopsida","Apiales","Apiaceae","Daucus","Daucus carota","Daucus carota","L.","3034742",
,"Daucus carota","Daucus carota L.","3034742","EXACT","99","ACCEPTED","SPECIES","Plantae","Tracheophyta","Magnoliopsida","Apiales","Apiaceae","Daucus","Daucus carota","Daucus carota","L.","3034742",
,"Daucus carota","Daucus carota L.","3034742","EXACT","99","ACCEPTED","SPECIES","Plantae","Tracheophyta","Magnoliopsida","Apiales","Apiaceae","Daucus","Daucus carota","Daucus carota","L.","3034742",
,"Daucus carota","Daucus carota L.","3034742","EXACT","99","ACCEPTED","SPECIES","Plantae","Tracheophyta","Magnoliopsida","Apiales","Apiaceae","Daucus","Daucus carota","Daucus carota","L.","3034742",
,"Daucus carota","Daucus carota L.","3034742","EXACT","99","ACCEPTED","SPECIES","Plantae","Tracheophyta","Magnoliopsida","Apiales","Apiaceae","Daucus","Daucus carota","Daucus carota","L.","3034742",
,"Daucus carota","Daucus carota L.","3034742","EXACT","99","ACCEPTED","SPECIES","Plantae","Tracheophyta","Magnoliopsida","Apiales","Apiaceae","Daucus","Daucus carota","Daucus carota","L.","3034742",
,"Daucus carota","Daucus carota L.","3034742","EXACT","99","ACCEPTED","SPECIES","Plantae","Tracheophyta","Magnoliopsida","Apiales","Apiaceae","Daucus","Daucus carota","Daucus carota","L.","3034742",
,"Daucus carota","Daucus carota L.","3034742","EXACT","99","ACCEPTED","SPECIES","Plantae","Tracheophyta","Magnoliopsida","Apiales","Apiaceae","Daucus","Daucus carota","Daucus carota","L.","3034742",
,"Dipsacus fullonum","Dipsacus fullonum L.","8435025","EXACT","99","ACCEPTED","SPECIES","Plantae","Tracheophyta","Magnoliopsida","Dipsacales","Caprifoliaceae","Dipsacus","Dipsacus fullonum","Dipsacus fullonum","L.","8435025",
,"Dipsacus fullonum","Dipsacus fullonum L.","8435025","EXACT","99","ACCEPTED","SPECIES","Plantae","Tracheophyta","Magnoliopsida","Dipsacales","Caprifoliaceae","Dipsacus","Dipsacus fullonum","Dipsacus fullonum","L.","8435025",
,"Dipsacus fullonum","Dipsacus fullonum L.","8435025","EXACT","99","ACCEPTED","SPECIES","Plantae","Tracheophyta","Magnoliopsida","Dipsacales","Caprifoliaceae","Dipsacus","Dipsacus fullonum","Dipsacus fullonum","L.","8435025",
,"Dipsacus fullonum","Dipsacus fullonum L.","8435025","EXACT","99","ACCEPTED","SPECIES","Plantae","Tracheophyta","Magnoliopsida","Dipsacales","Caprifoliaceae","Dipsacus","Dipsacus fullonum","Dipsacus fullonum","L.","8435025",
,"Dipsacus fullonum","Dipsacus fullonum L.","8435025","EXACT","99","ACCEPTED","SPECIES","Plantae","Tracheophyta","Magnoliopsida","Dipsacales","Caprifoliaceae","Dipsacus","Dipsacus fullonum","Dipsacus fullonum","L.","8435025",
,"Dipsacus fullonum","Dipsacus fullonum L.","8435025","EXACT","99","ACCEPTED","SPECIES","Plantae","Tracheophyta","Magnoliopsida","Dipsacales","Caprifoliaceae","Dipsacus","Dipsacus fullonum","Dipsacus fullonum","L.","8435025",
,"Dipsacus fullonum","Dipsacus fullonum L.","8435025","EXACT","99","ACCEPTED","SPECIES","Plantae","Tracheophyta","Magnoliopsida","Dipsacales","Caprifoliaceae","Dipsacus","Dipsacus fullonum","Dipsacus fullonum","L.","8435025",
,"Dipsacus fullonum","Dipsacus fullonum L.","8435025","EXACT","99","ACCEPTED","SPECIES","Plantae","Tracheophyta","Magnoliopsida","Dipsacales","Caprifoliaceae","Dipsacus","Dipsacus fullonum","Dipsacus fullonum","L.","8435025",
,"Dipsacus fullonum","Dipsacus fullonum L.","8435025","EXACT","99","ACCEPTED","SPECIES","Plantae","Tracheophyta","Magnoliopsida","Dipsacales","Caprifoliaceae","Dipsacus","Dipsacus fullonum","Dipsacus fullonum","L.","8435025",
,"Dipsacus fullonum","Dipsacus fullonum L.","8435025","EXACT","99","ACCEPTED","SPECIES","Plantae","Tracheophyta","Magnoliopsida","Dipsacales","Caprifoliaceae","Dipsacus","Dipsacus fullonum","Dipsacus fullonum","L.","8435025",
,"Crepis capillaris","Crepis capillaris (L.) Wallr.","5403304","EXACT","100","ACCEPTED","SPECIES","Plantae","Tracheophyta","Magnoliopsida","Asterales","Asteraceae","Crepis","Crepis capillaris","Crepis capillaris","(L.) Wallr.","5403304",
,"Crepis capillaris","Crepis capillaris (L.) Wallr.","5403304","EXACT","100","ACCEPTED","SPECIES","Plantae","Tracheophyta","Magnoliopsida","Asterales","Asteraceae","Crepis","Crepis capillaris","Crepis capillaris","(L.) Wallr.","5403304",
,"Crepis capillaris","Crepis capillaris (L.) Wallr.","5403304","EXACT","100","ACCEPTED","SPECIES","Plantae","Tracheophyta","Magnoliopsida","Asterales","Asteraceae","Crepis","Crepis capillaris","Crepis capillaris","(L.) Wallr.","5403304",
,"Crepis capillaris","Crepis capillaris (L.) Wallr.","5403304","EXACT","100","ACCEPTED","SPECIES","Plantae","Tracheophyta","Magnoliopsida","Asterales","Asteraceae","Crepis","Crepis capillaris","Crepis capillaris","(L.) Wallr.","5403304",
,"Crepis capillaris","Crepis capillaris (L.) Wallr.","5403304","EXACT","100","ACCEPTED","SPECIES","Plantae","Tracheophyta","Magnoliopsida","Asterales","Asteraceae","Crepis","Crepis capillaris","Crepis capillaris","(L.) Wallr.","5403304",
,"Crepis setosa","Crepis setosa Haller fil.","4245384","EXACT","100","ACCEPTED","SPECIES","Plantae","Tracheophyta","Magnoliopsida","Asterales","Asteraceae","Crepis","Crepis setosa","Crepis setosa","Haller fil.","4245384",
,"Hypericum perforatum","Hypericum perforatum L.","3189486","EXACT","100","ACCEPTED","SPECIES","Plantae","Tracheophyta","Magnoliopsida","Malpighiales","Hypericaceae","Hypericum","Hypericum perforatum","Hypericum perforatum","L.","3189486",
,"Brassica rapa","Brassica rapa L.","7903057","EXACT","99","ACCEPTED","SPECIES","Plantae","Tracheophyta","Magnoliopsida","Brassicales","Brassicaceae","Brassica","Brassica rapa","Brassica rapa","L.","7903057",
,"Brassica rapa","Brassica rapa L.","7903057","EXACT","99","ACCEPTED","SPECIES","Plantae","Tracheophyta","Magnoliopsida","Brassicales","Brassicaceae","Brassica","Brassica rapa","Brassica rapa","L.","7903057",
,"Senecio jacobaea","Senecio jacobaea Loscos & Pardo","8965572","EXACT","99","ACCEPTED","SPECIES","Plantae","Tracheophyta","Magnoliopsida","Asterales","Asteraceae","Senecio","Senecio jacobaea","Senecio jacobaea","Loscos & Pardo","8965572",
,"Senecio jacobaea","Senecio jacobaea Loscos & Pardo","8965572","EXACT","99","ACCEPTED","SPECIES","Plantae","Tracheophyta","Magnoliopsida","Asterales","Asteraceae","Senecio","Senecio jacobaea","Senecio jacobaea","Loscos & Pardo","8965572",
,"Senecio jacobaea","Senecio jacobaea Loscos & Pardo","8965572","EXACT","99","ACCEPTED","SPECIES","Plantae","Tracheophyta","Magnoliopsida","Asterales","Asteraceae","Senecio","Senecio jacobaea","Senecio jacobaea","Loscos & Pardo","8965572",
,"Epilobium densiflorum","Epilobium densiflorum (Lindl.) Hoch & P.H.Raven","3189090","EXACT","99","ACCEPTED","SPECIES","Plantae","Tracheophyta","Magnoliopsida","Myrtales","Onagraceae","Epilobium","Epilobium densiflorum","Epilobium densiflorum","(Lindl.) Hoch & P.H.Raven","3189090",
,"Epilobium brachycarpum","Epilobium brachycarpum C.Presl","3189073","EXACT","99","ACCEPTED","SPECIES","Plantae","Tracheophyta","Magnoliopsida","Myrtales","Onagraceae","Epilobium","Epilobium brachycarpum","Epilobium brachycarpum","C.Presl","3189073",
,"Epilobium brachycarpum","Epilobium brachycarpum C.Presl","3189073","EXACT","99","ACCEPTED","SPECIES","Plantae","Tracheophyta","Magnoliopsida","Myrtales","Onagraceae","Epilobium","Epilobium brachycarpum","Epilobium brachycarpum","C.Presl","3189073",
,"Potentilla gracilis","Potentilla gracilis Douglas ex Hook.","5365416","EXACT","99","ACCEPTED","SPECIES","Plantae","Tracheophyta","Magnoliopsida","Rosales","Rosaceae","Potentilla","Potentilla gracilis","Potentilla gracilis","Douglas ex Hook.","5365416",
,"Potentilla gracilis","Potentilla gracilis Douglas ex Hook.","5365416","EXACT","99","ACCEPTED","SPECIES","Plantae","Tracheophyta","Magnoliopsida","Rosales","Rosaceae","Potentilla","Potentilla gracilis","Potentilla gracilis","Douglas ex Hook.","5365416",
,"Potentilla gracilis","Potentilla gracilis Douglas ex Hook.","5365416","EXACT","99","ACCEPTED","SPECIES","Plantae","Tracheophyta","Magnoliopsida","Rosales","Rosaceae","Potentilla","Potentilla gracilis","Potentilla gracilis","Douglas ex Hook.","5365416",
,"Potentilla gracilis","Potentilla gracilis Douglas ex Hook.","5365416","EXACT","99","ACCEPTED","SPECIES","Plantae","Tracheophyta","Magnoliopsida","Rosales","Rosaceae","Potentilla","Potentilla gracilis","Potentilla gracilis","Douglas ex Hook.","5365416",
,"Daucus carota","Daucus carota L.","3034742","EXACT","99","ACCEPTED","SPECIES","Plantae","Tracheophyta","Magnoliopsida","Apiales","Apiaceae","Daucus","Daucus carota","Daucus carota","L.","3034742",
,"Daucus carota","Daucus carota L.","3034742","EXACT","99","ACCEPTED","SPECIES","Plantae","Tracheophyta","Magnoliopsida","Apiales","Apiaceae","Daucus","Daucus carota","Daucus carota","L.","3034742",
,"Daucus carota","Daucus carota L.","3034742","EXACT","99","ACCEPTED","SPECIES","Plantae","Tracheophyta","Magnoliopsida","Apiales","Apiaceae","Daucus","Daucus carota","Daucus carota","L.","3034742",
,"Daucus carota","Daucus carota L.","3034742","EXACT","99","ACCEPTED","SPECIES","Plantae","Tracheophyta","Magnoliopsida","Apiales","Apiaceae","Daucus","Daucus carota","Daucus carota","L.","3034742",
,"Daucus carota","Daucus carota L.","3034742","EXACT","99","ACCEPTED","SPECIES","Plantae","Tracheophyta","Magnoliopsida","Apiales","Apiaceae","Daucus","Daucus carota","Daucus carota","L.","3034742",
,"Daucus carota","Daucus carota L.","3034742","EXACT","99","ACCEPTED","SPECIES","Plantae","Tracheophyta","Magnoliopsida","Apiales","Apiaceae","Daucus","Daucus carota","Daucus carota","L.","3034742",
,"Daucus carota","Daucus carota L.","3034742","EXACT","99","ACCEPTED","SPECIES","Plantae","Tracheophyta","Magnoliopsida","Apiales","Apiaceae","Daucus","Daucus carota","Daucus carota","L.","3034742",
,"Daucus carota","Daucus carota L.","3034742","EXACT","99","ACCEPTED","SPECIES","Plantae","Tracheophyta","Magnoliopsida","Apiales","Apiaceae","Daucus","Daucus carota","Daucus carota","L.","3034742",
,"Daucus carota","Daucus carota L.","3034742","EXACT","99","ACCEPTED","SPECIES","Plantae","Tracheophyta","Magnoliopsida","Apiales","Apiaceae","Daucus","Daucus carota","Daucus carota","L.","3034742",
,"Daucus carota","Daucus carota L.","3034742","EXACT","99","ACCEPTED","SPECIES","Plantae","Tracheophyta","Magnoliopsida","Apiales","Apiaceae","Daucus","Daucus carota","Daucus carota","L.","3034742",
,"Daucus carota","Daucus carota L.","3034742","EXACT","99","ACCEPTED","SPECIES","Plantae","Tracheophyta","Magnoliopsida","Apiales","Apiaceae","Daucus","Daucus carota","Daucus carota","L.","3034742",
,"Daucus carota","Daucus carota L.","3034742","EXACT","99","ACCEPTED","SPECIES","Plantae","Tracheophyta","Magnoliopsida","Apiales","Apiaceae","Daucus","Daucus carota","Daucus carota","L.","3034742",
,"Daucus carota","Daucus carota L.","3034742","EXACT","99","ACCEPTED","SPECIES","Plantae","Tracheophyta","Magnoliopsida","Apiales","Apiaceae","Daucus","Daucus carota","Daucus carota","L.","3034742",
,"Achillea millefolium","Achillea millefolium L.","3120060","EXACT","99","ACCEPTED","SPECIES","Plantae","Tracheophyta","Magnoliopsida","Asterales","Asteraceae","Achillea","Achillea millefolium","Achillea millefolium","L.","3120060",
,"Achillea millefolium","Achillea millefolium L.","3120060","EXACT","99","ACCEPTED","SPECIES","Plantae","Tracheophyta","Magnoliopsida","Asterales","Asteraceae","Achillea","Achillea millefolium","Achillea millefolium","L.","3120060",
,"Achillea millefolium","Achillea millefolium L.","3120060","EXACT","99","ACCEPTED","SPECIES","Plantae","Tracheophyta","Magnoliopsida","Asterales","Asteraceae","Achillea","Achillea millefolium","Achillea millefolium","L.","3120060",
,"Hypericum perforatum","Hypericum perforatum L.","3189486","EXACT","100","ACCEPTED","SPECIES","Plantae","Tracheophyta","Magnoliopsida","Malpighiales","Hypericaceae","Hypericum","Hypericum perforatum","Hypericum perforatum","L.","3189486",
,"Hypericum perforatum","Hypericum perforatum L.","3189486","EXACT","100","ACCEPTED","SPECIES","Plantae","Tracheophyta","Magnoliopsida","Malpighiales","Hypericaceae","Hypericum","Hypericum perforatum","Hypericum perforatum","L.","3189486",
,"Hypericum perforatum","Hypericum perforatum L.","3189486","EXACT","100","ACCEPTED","SPECIES","Plantae","Tracheophyta","Magnoliopsida","Malpighiales","Hypericaceae","Hypericum","Hypericum perforatum","Hypericum perforatum","L.","3189486",
,"Mentha pulegium","Mentha pulegium L.","2927189","EXACT","99","ACCEPTED","SPECIES","Plantae","Tracheophyta","Magnoliopsida","Lamiales","Lamiaceae","Mentha","Mentha pulegium","Mentha pulegium","L.","2927189",
,"Mentha pulegium","Mentha pulegium L.","2927189","EXACT","99","ACCEPTED","SPECIES","Plantae","Tracheophyta","Magnoliopsida","Lamiales","Lamiaceae","Mentha","Mentha pulegium","Mentha pulegium","L.","2927189",
,"Mentha pulegium","Mentha pulegium L.","2927189","EXACT","99","ACCEPTED","SPECIES","Plantae","Tracheophyta","Magnoliopsida","Lamiales","Lamiaceae","Mentha","Mentha pulegium","Mentha pulegium","L.","2927189",
,"Mentha pulegium","Mentha pulegium L.","2927189","EXACT","99","ACCEPTED","SPECIES","Plantae","Tracheophyta","Magnoliopsida","Lamiales","Lamiaceae","Mentha","Mentha pulegium","Mentha pulegium","L.","2927189",
,"Mentha pulegium","Mentha pulegium L.","2927189","EXACT","99","ACCEPTED","SPECIES","Plantae","Tracheophyta","Magnoliopsida","Lamiales","Lamiaceae","Mentha","Mentha pulegium","Mentha pulegium","L.","2927189",
,"Acmispon americanus","Acmispon americanus (Nutt.) Rydb.","2975816","EXACT","100","ACCEPTED","SPECIES","Plantae","Tracheophyta","Magnoliopsida","Fabales","Fabaceae","Acmispon","Acmispon americanus","Acmispon americanus","(Nutt.) Rydb.","2975816",
,"Centaurium erythraea","Centaurium erythraea Rafn","5414457","EXACT","99","ACCEPTED","SPECIES","Plantae","Tracheophyta","Magnoliopsida","Gentianales","Gentianaceae","Centaurium","Centaurium erythraea","Centaurium erythraea","Rafn","5414457",
,"Achillea millefolium","Achillea millefolium L.","3120060","EXACT","99","ACCEPTED","SPECIES","Plantae","Tracheophyta","Magnoliopsida","Asterales","Asteraceae","Achillea","Achillea millefolium","Achillea millefolium","L.","3120060",
,"Daucus carota","Daucus carota L.","3034742","EXACT","99","ACCEPTED","SPECIES","Plantae","Tracheophyta","Magnoliopsida","Apiales","Apiaceae","Daucus","Daucus carota","Daucus carota","L.","3034742",
,"Daucus carota","Daucus carota L.","3034742","EXACT","99","ACCEPTED","SPECIES","Plantae","Tracheophyta","Magnoliopsida","Apiales","Apiaceae","Daucus","Daucus carota","Daucus carota","L.","3034742",
,"Daucus carota","Daucus carota L.","3034742","EXACT","99","ACCEPTED","SPECIES","Plantae","Tracheophyta","Magnoliopsida","Apiales","Apiaceae","Daucus","Daucus carota","Daucus carota","L.","3034742",
,"Daucus carota","Daucus carota L.","3034742","EXACT","99","ACCEPTED","SPECIES","Plantae","Tracheophyta","Magnoliopsida","Apiales","Apiaceae","Daucus","Daucus carota","Daucus carota","L.","3034742",
,"Hypericum perforatum","Hypericum perforatum L.","3189486","EXACT","100","ACCEPTED","SPECIES","Plantae","Tracheophyta","Magnoliopsida","Malpighiales","Hypericaceae","Hypericum","Hypericum perforatum","Hypericum perforatum","L.","3189486",
,"Hypericum perforatum","Hypericum perforatum L.","3189486","EXACT","100","ACCEPTED","SPECIES","Plantae","Tracheophyta","Magnoliopsida","Malpighiales","Hypericaceae","Hypericum","Hypericum perforatum","Hypericum perforatum","L.","3189486",
,"Hypochaeris radicata","Hypochaeris radicata L.","3093702","EXACT","100","ACCEPTED","SPECIES","Plantae","Tracheophyta","Magnoliopsida","Asterales","Asteraceae","Hypochaeris","Hypochaeris radicata","Hypochaeris radicata","L.","3093702",
,"Hypochaeris radicata","Hypochaeris radicata L.","3093702","EXACT","100","ACCEPTED","SPECIES","Plantae","Tracheophyta","Magnoliopsida","Asterales","Asteraceae","Hypochaeris","Hypochaeris radicata","Hypochaeris radicata","L.","3093702",
,"Hypochaeris radicata","Hypochaeris radicata L.","3093702","EXACT","100","ACCEPTED","SPECIES","Plantae","Tracheophyta","Magnoliopsida","Asterales","Asteraceae","Hypochaeris","Hypochaeris radicata","Hypochaeris radicata","L.","3093702",
,"Hypochaeris radicata","Hypochaeris radicata L.","3093702","EXACT","100","ACCEPTED","SPECIES","Plantae","Tracheophyta","Magnoliopsida","Asterales","Asteraceae","Hypochaeris","Hypochaeris radicata","Hypochaeris radicata","L.","3093702",
,"Hypochaeris radicata","Hypochaeris radicata L.","3093702","EXACT","100","ACCEPTED","SPECIES","Plantae","Tracheophyta","Magnoliopsida","Asterales","Asteraceae","Hypochaeris","Hypochaeris radicata","Hypochaeris radicata","L.","3093702",
,"Hypochaeris radicata","Hypochaeris radicata L.","3093702","EXACT","100","ACCEPTED","SPECIES","Plantae","Tracheophyta","Magnoliopsida","Asterales","Asteraceae","Hypochaeris","Hypochaeris radicata","Hypochaeris radicata","L.","3093702",
,"Hypochaeris radicata","Hypochaeris radicata L.","3093702","EXACT","100","ACCEPTED","SPECIES","Plantae","Tracheophyta","Magnoliopsida","Asterales","Asteraceae","Hypochaeris","Hypochaeris radicata","Hypochaeris radicata","L.","3093702",
,"Hypochaeris radicata","Hypochaeris radicata L.","3093702","EXACT","100","ACCEPTED","SPECIES","Plantae","Tracheophyta","Magnoliopsida","Asterales","Asteraceae","Hypochaeris","Hypochaeris radicata","Hypochaeris radicata","L.","3093702",
,"Hypochaeris radicata","Hypochaeris radicata L.","3093702","EXACT","100","ACCEPTED","SPECIES","Plantae","Tracheophyta","Magnoliopsida","Asterales","Asteraceae","Hypochaeris","Hypochaeris radicata","Hypochaeris radicata","L.","3093702",
,"Hypochaeris radicata","Hypochaeris radicata L.","3093702","EXACT","100","ACCEPTED","SPECIES","Plantae","Tracheophyta","Magnoliopsida","Asterales","Asteraceae","Hypochaeris","Hypochaeris radicata","Hypochaeris radicata","L.","3093702",
,"Epilobium brachycarpum","Epilobium brachycarpum C.Presl","3189073","EXACT","99","ACCEPTED","SPECIES","Plantae","Tracheophyta","Magnoliopsida","Myrtales","Onagraceae","Epilobium","Epilobium brachycarpum","Epilobium brachycarpum","C.Presl","3189073",
,"Epilobium densiflorum","Epilobium densiflorum (Lindl.) Hoch & P.H.Raven","3189090","EXACT","99","ACCEPTED","SPECIES","Plantae","Tracheophyta","Magnoliopsida","Myrtales","Onagraceae","Epilobium","Epilobium densiflorum","Epilobium densiflorum","(Lindl.) Hoch & P.H.Raven","3189090",
,"Potentilla gracilis","Potentilla gracilis Douglas ex Hook.","5365416","EXACT","99","ACCEPTED","SPECIES","Plantae","Tracheophyta","Magnoliopsida","Rosales","Rosaceae","Potentilla","Potentilla gracilis","Potentilla gracilis","Douglas ex Hook.","5365416",
,"Mentha pulegium","Mentha pulegium L.","2927189","EXACT","99","ACCEPTED","SPECIES","Plantae","Tracheophyta","Magnoliopsida","Lamiales","Lamiaceae","Mentha","Mentha pulegium","Mentha pulegium","L.","2927189",
,"Acmispon americanus","Acmispon americanus (Nutt.) Rydb.","2975816","EXACT","100","ACCEPTED","SPECIES","Plantae","Tracheophyta","Magnoliopsida","Fabales","Fabaceae","Acmispon","Acmispon americanus","Acmispon americanus","(Nutt.) Rydb.","2975816",
,"Centaurium erythraea","Centaurium erythraea Rafn","5414457","EXACT","99","ACCEPTED","SPECIES","Plantae","Tracheophyta","Magnoliopsida","Gentianales","Gentianaceae","Centaurium","Centaurium erythraea","Centaurium erythraea","Rafn","5414457",
,"Brassica rapa","Brassica rapa L.","7903057","EXACT","99","ACCEPTED","SPECIES","Plantae","Tracheophyta","Magnoliopsida","Brassicales","Brassicaceae","Brassica","Brassica rapa","Brassica rapa","L.","7903057",
,"Brassica rapa","Brassica rapa L.","7903057","EXACT","99","ACCEPTED","SPECIES","Plantae","Tracheophyta","Magnoliopsida","Brassicales","Brassicaceae","Brassica","Brassica rapa","Brassica rapa","L.","7903057",
,"Brassica rapa","Brassica rapa L.","7903057","EXACT","99","ACCEPTED","SPECIES","Plantae","Tracheophyta","Magnoliopsida","Brassicales","Brassicaceae","Brassica","Brassica rapa","Brassica rapa","L.","7903057",
,"Brassica rapa","Brassica rapa L.","7903057","EXACT","99","ACCEPTED","SPECIES","Plantae","Tracheophyta","Magnoliopsida","Brassicales","Brassicaceae","Brassica","Brassica rapa","Brassica rapa","L.","7903057",
,"Brassica rapa","Brassica rapa L.","7903057","EXACT","99","ACCEPTED","SPECIES","Plantae","Tracheophyta","Magnoliopsida","Brassicales","Brassicaceae","Brassica","Brassica rapa","Brassica rapa","L.","7903057",
,"Brassica rapa","Brassica rapa L.","7903057","EXACT","99","ACCEPTED","SPECIES","Plantae","Tracheophyta","Magnoliopsida","Brassicales","Brassicaceae","Brassica","Brassica rapa","Brassica rapa","L.","7903057",
,"Brassica rapa","Brassica rapa L.","7903057","EXACT","99","ACCEPTED","SPECIES","Plantae","Tracheophyta","Magnoliopsida","Brassicales","Brassicaceae","Brassica","Brassica rapa","Brassica rapa","L.","7903057",
,"Brassica rapa","Brassica rapa L.","7903057","EXACT","99","ACCEPTED","SPECIES","Plantae","Tracheophyta","Magnoliopsida","Brassicales","Brassicaceae","Brassica","Brassica rapa","Brassica rapa","L.","7903057",
,"Brassica rapa","Brassica rapa L.","7903057","EXACT","99","ACCEPTED","SPECIES","Plantae","Tracheophyta","Magnoliopsida","Brassicales","Brassicaceae","Brassica","Brassica rapa","Brassica rapa","L.","7903057",
,"Senecio jacobaea","Senecio jacobaea Loscos & Pardo","8965572","EXACT","99","ACCEPTED","SPECIES","Plantae","Tracheophyta","Magnoliopsida","Asterales","Asteraceae","Senecio","Senecio jacobaea","Senecio jacobaea","Loscos & Pardo","8965572",
,"Senecio jacobaea","Senecio jacobaea Loscos & Pardo","8965572","EXACT","99","ACCEPTED","SPECIES","Plantae","Tracheophyta","Magnoliopsida","Asterales","Asteraceae","Senecio","Senecio jacobaea","Senecio jacobaea","Loscos & Pardo","8965572",
,"Senecio jacobaea","Senecio jacobaea Loscos & Pardo","8965572","EXACT","99","ACCEPTED","SPECIES","Plantae","Tracheophyta","Magnoliopsida","Asterales","Asteraceae","Senecio","Senecio jacobaea","Senecio jacobaea","Loscos & Pardo","8965572",
,"Senecio jacobaea","Senecio jacobaea Loscos & Pardo","8965572","EXACT","99","ACCEPTED","SPECIES","Plantae","Tracheophyta","Magnoliopsida","Asterales","Asteraceae","Senecio","Senecio jacobaea","Senecio jacobaea","Loscos & Pardo","8965572",
,"Hypochaeris radicata","Hypochaeris radicata L.","3093702","EXACT","100","ACCEPTED","SPECIES","Plantae","Tracheophyta","Magnoliopsida","Asterales","Asteraceae","Hypochaeris","Hypochaeris radicata","Hypochaeris radicata","L.","3093702",
,"Hypochaeris radicata","Hypochaeris radicata L.","3093702","EXACT","100","ACCEPTED","SPECIES","Plantae","Tracheophyta","Magnoliopsida","Asterales","Asteraceae","Hypochaeris","Hypochaeris radicata","Hypochaeris radicata","L.","3093702",
,"Hypochaeris radicata","Hypochaeris radicata L.","3093702","EXACT","100","ACCEPTED","SPECIES","Plantae","Tracheophyta","Magnoliopsida","Asterales","Asteraceae","Hypochaeris","Hypochaeris radicata","Hypochaeris radicata","L.","3093702",
,"Hypochaeris radicata","Hypochaeris radicata L.","3093702","EXACT","100","ACCEPTED","SPECIES","Plantae","Tracheophyta","Magnoliopsida","Asterales","Asteraceae","Hypochaeris","Hypochaeris radicata","Hypochaeris radicata","L.","3093702",
,"Dipsacus fullonum","Dipsacus fullonum L.","8435025","EXACT","99","ACCEPTED","SPECIES","Plantae","Tracheophyta","Magnoliopsida","Dipsacales","Caprifoliaceae","Dipsacus","Dipsacus fullonum","Dipsacus fullonum","L.","8435025",
,"Dipsacus fullonum","Dipsacus fullonum L.","8435025","EXACT","99","ACCEPTED","SPECIES","Plantae","Tracheophyta","Magnoliopsida","Dipsacales","Caprifoliaceae","Dipsacus","Dipsacus fullonum","Dipsacus fullonum","L.","8435025",
,"Dipsacus fullonum","Dipsacus fullonum L.","8435025","EXACT","99","ACCEPTED","SPECIES","Plantae","Tracheophyta","Magnoliopsida","Dipsacales","Caprifoliaceae","Dipsacus","Dipsacus fullonum","Dipsacus fullonum","L.","8435025",
,"Dipsacus fullonum","Dipsacus fullonum L.","8435025","EXACT","99","ACCEPTED","SPECIES","Plantae","Tracheophyta","Magnoliopsida","Dipsacales","Caprifoliaceae","Dipsacus","Dipsacus fullonum","Dipsacus fullonum","L.","8435025",
,"Dipsacus fullonum","Dipsacus fullonum L.","8435025","EXACT","99","ACCEPTED","SPECIES","Plantae","Tracheophyta","Magnoliopsida","Dipsacales","Caprifoliaceae","Dipsacus","Dipsacus fullonum","Dipsacus fullonum","L.","8435025",
,"Dipsacus fullonum","Dipsacus fullonum L.","8435025","EXACT","99","ACCEPTED","SPECIES","Plantae","Tracheophyta","Magnoliopsida","Dipsacales","Caprifoliaceae","Dipsacus","Dipsacus fullonum","Dipsacus fullonum","L.","8435025",
,"Daucus carota","Daucus carota L.","3034742","EXACT","99","ACCEPTED","SPECIES","Plantae","Tracheophyta","Magnoliopsida","Apiales","Apiaceae","Daucus","Daucus carota","Daucus carota","L.","3034742",
,"Crepis setosa","Crepis setosa Haller fil.","4245384","EXACT","100","ACCEPTED","SPECIES","Plantae","Tracheophyta","Magnoliopsida","Asterales","Asteraceae","Crepis","Crepis setosa","Crepis setosa","Haller fil.","4245384",
,"Crepis capillaris","Crepis capillaris (L.) Wallr.","5403304","EXACT","100","ACCEPTED","SPECIES","Plantae","Tracheophyta","Magnoliopsida","Asterales","Asteraceae","Crepis","Crepis capillaris","Crepis capillaris","(L.) Wallr.","5403304",
,"Crepis capillaris","Crepis capillaris (L.) Wallr.","5403304","EXACT","100","ACCEPTED","SPECIES","Plantae","Tracheophyta","Magnoliopsida","Asterales","Asteraceae","Crepis","Crepis capillaris","Crepis capillaris","(L.) Wallr.","5403304",
,"Crepis capillaris","Crepis capillaris (L.) Wallr.","5403304","EXACT","100","ACCEPTED","SPECIES","Plantae","Tracheophyta","Magnoliopsida","Asterales","Asteraceae","Crepis","Crepis capillaris","Crepis capillaris","(L.) Wallr.","5403304",
,"Crepis capillaris","Crepis capillaris (L.) Wallr.","5403304","EXACT","100","ACCEPTED","SPECIES","Plantae","Tracheophyta","Magnoliopsida","Asterales","Asteraceae","Crepis","Crepis capillaris","Crepis capillaris","(L.) Wallr.","5403304",
,"Crepis capillaris","Crepis capillaris (L.) Wallr.","5403304","EXACT","100","ACCEPTED","SPECIES","Plantae","Tracheophyta","Magnoliopsida","Asterales","Asteraceae","Crepis","Crepis capillaris","Crepis capillaris","(L.) Wallr.","5403304",
,"Crepis capillaris","Crepis capillaris (L.) Wallr.","5403304","EXACT","100","ACCEPTED","SPECIES","Plantae","Tracheophyta","Magnoliopsida","Asterales","Asteraceae","Crepis","Crepis capillaris","Crepis capillaris","(L.) Wallr.","5403304",
,"Hypericum perforatum","Hypericum perforatum L.","3189486","EXACT","100","ACCEPTED","SPECIES","Plantae","Tracheophyta","Magnoliopsida","Malpighiales","Hypericaceae","Hypericum","Hypericum perforatum","Hypericum perforatum","L.","3189486",
,"Eryngium petiolatum","Eryngium petiolatum Hook.","3034392","EXACT","100","ACCEPTED","SPECIES","Plantae","Tracheophyta","Magnoliopsida","Apiales","Apiaceae","Eryngium","Eryngium petiolatum","Eryngium petiolatum","Hook.","3034392",
,"Mentha pulegium","Mentha pulegium L.","2927189","EXACT","99","ACCEPTED","SPECIES","Plantae","Tracheophyta","Magnoliopsida","Lamiales","Lamiaceae","Mentha","Mentha pulegium","Mentha pulegium","L.","2927189",
,"Epilobium densiflorum","Epilobium densiflorum (Lindl.) Hoch & P.H.Raven","3189090","EXACT","99","ACCEPTED","SPECIES","Plantae","Tracheophyta","Magnoliopsida","Myrtales","Onagraceae","Epilobium","Epilobium densiflorum","Epilobium densiflorum","(Lindl.) Hoch & P.H.Raven","3189090",
,"Clarkia amoena","Clarkia amoena (Lehm.) A.Nelson & J.F.Macbr.","5420978","EXACT","100","ACCEPTED","SPECIES","Plantae","Tracheophyta","Magnoliopsida","Myrtales","Onagraceae","Clarkia","Clarkia amoena","Clarkia amoena","(Lehm.) A.Nelson & J.F.Macbr.","5420978",
,"Clarkia amoena","Clarkia amoena (Lehm.) A.Nelson & J.F.Macbr.","5420978","EXACT","100","ACCEPTED","SPECIES","Plantae","Tracheophyta","Magnoliopsida","Myrtales","Onagraceae","Clarkia","Clarkia amoena","Clarkia amoena","(Lehm.) A.Nelson & J.F.Macbr.","5420978",
,"Clarkia amoena","Clarkia amoena (Lehm.) A.Nelson & J.F.Macbr.","5420978","EXACT","100","ACCEPTED","SPECIES","Plantae","Tracheophyta","Magnoliopsida","Myrtales","Onagraceae","Clarkia","Clarkia amoena","Clarkia amoena","(Lehm.) A.Nelson & J.F.Macbr.","5420978",
,"Acmispon americanus","Acmispon americanus (Nutt.) Rydb.","2975816","EXACT","100","ACCEPTED","SPECIES","Plantae","Tracheophyta","Magnoliopsida","Fabales","Fabaceae","Acmispon","Acmispon americanus","Acmispon americanus","(Nutt.) Rydb.","2975816",
,"Eryngium petiolatum","Eryngium petiolatum Hook.","3034392","EXACT","100","ACCEPTED","SPECIES","Plantae","Tracheophyta","Magnoliopsida","Apiales","Apiaceae","Eryngium","Eryngium petiolatum","Eryngium petiolatum","Hook.","3034392",
,"Mentha pulegium","Mentha pulegium L.","2927189","EXACT","99","ACCEPTED","SPECIES","Plantae","Tracheophyta","Magnoliopsida","Lamiales","Lamiaceae","Mentha","Mentha pulegium","Mentha pulegium","L.","2927189",
,"Mentha pulegium","Mentha pulegium L.","2927189","EXACT","99","ACCEPTED","SPECIES","Plantae","Tracheophyta","Magnoliopsida","Lamiales","Lamiaceae","Mentha","Mentha pulegium","Mentha pulegium","L.","2927189",
,"Mentha pulegium","Mentha pulegium L.","2927189","EXACT","99","ACCEPTED","SPECIES","Plantae","Tracheophyta","Magnoliopsida","Lamiales","Lamiaceae","Mentha","Mentha pulegium","Mentha pulegium","L.","2927189",
,"Mentha pulegium","Mentha pulegium L.","2927189","EXACT","99","ACCEPTED","SPECIES","Plantae","Tracheophyta","Magnoliopsida","Lamiales","Lamiaceae","Mentha","Mentha pulegium","Mentha pulegium","L.","2927189",
,"Mentha pulegium","Mentha pulegium L.","2927189","EXACT","99","ACCEPTED","SPECIES","Plantae","Tracheophyta","Magnoliopsida","Lamiales","Lamiaceae","Mentha","Mentha pulegium","Mentha pulegium","L.","2927189",
,"Daucus carota","Daucus carota L.","3034742","EXACT","99","ACCEPTED","SPECIES","Plantae","Tracheophyta","Magnoliopsida","Apiales","Apiaceae","Daucus","Daucus carota","Daucus carota","L.","3034742",
,"Daucus carota","Daucus carota L.","3034742","EXACT","99","ACCEPTED","SPECIES","Plantae","Tracheophyta","Magnoliopsida","Apiales","Apiaceae","Daucus","Daucus carota","Daucus carota","L.","3034742",
,"Daucus carota","Daucus carota L.","3034742","EXACT","99","ACCEPTED","SPECIES","Plantae","Tracheophyta","Magnoliopsida","Apiales","Apiaceae","Daucus","Daucus carota","Daucus carota","L.","3034742",
,"Daucus carota","Daucus carota L.","3034742","EXACT","99","ACCEPTED","SPECIES","Plantae","Tracheophyta","Magnoliopsida","Apiales","Apiaceae","Daucus","Daucus carota","Daucus carota","L.","3034742",
,"Mentha pulegium","Mentha pulegium L.","2927189","EXACT","99","ACCEPTED","SPECIES","Plantae","Tracheophyta","Magnoliopsida","Lamiales","Lamiaceae","Mentha","Mentha pulegium","Mentha pulegium","L.","2927189",
,"Mentha pulegium","Mentha pulegium L.","2927189","EXACT","99","ACCEPTED","SPECIES","Plantae","Tracheophyta","Magnoliopsida","Lamiales","Lamiaceae","Mentha","Mentha pulegium","Mentha pulegium","L.","2927189",
,"Daucus carota","Daucus carota L.","3034742","EXACT","99","ACCEPTED","SPECIES","Plantae","Tracheophyta","Magnoliopsida","Apiales","Apiaceae","Daucus","Daucus carota","Daucus carota","L.","3034742",
,"Leontodon  taraxacoides","Leontodon taraxacoides Lacaita, 1918","7975952","EXACT","99","ACCEPTED","SPECIES","Plantae","Tracheophyta","Magnoliopsida","Asterales","Asteraceae","Leontodon","Leontodon taraxacoides","Leontodon taraxacoides","Lacaita, 1918","7975952",
,"Leontodon  taraxacoides","Leontodon taraxacoides Lacaita, 1918","7975952","EXACT","99","ACCEPTED","SPECIES","Plantae","Tracheophyta","Magnoliopsida","Asterales","Asteraceae","Leontodon","Leontodon taraxacoides","Leontodon taraxacoides","Lacaita, 1918","7975952",
,"Leontodon  taraxacoides","Leontodon taraxacoides Lacaita, 1918","7975952","EXACT","99","ACCEPTED","SPECIES","Plantae","Tracheophyta","Magnoliopsida","Asterales","Asteraceae","Leontodon","Leontodon taraxacoides","Leontodon taraxacoides","Lacaita, 1918","7975952",
,"Leontodon  taraxacoides","Leontodon taraxacoides Lacaita, 1918","7975952","EXACT","99","ACCEPTED","SPECIES","Plantae","Tracheophyta","Magnoliopsida","Asterales","Asteraceae","Leontodon","Leontodon taraxacoides","Leontodon taraxacoides","Lacaita, 1918","7975952",
,"Epilobium densiflorum","Epilobium densiflorum (Lindl.) Hoch & P.H.Raven","3189090","EXACT","99","ACCEPTED","SPECIES","Plantae","Tracheophyta","Magnoliopsida","Myrtales","Onagraceae","Epilobium","Epilobium densiflorum","Epilobium densiflorum","(Lindl.) Hoch & P.H.Raven","3189090",
,"Anaphalis margaritacea","Anaphalis margaritacea (L.) Benth.","4926336","EXACT","99","ACCEPTED","SPECIES","Plantae","Tracheophyta","Magnoliopsida","Asterales","Asteraceae","Anaphalis","Anaphalis margaritacea","Anaphalis margaritacea","(L.) Benth.","4926336",
,"Anaphalis margaritacea","Anaphalis margaritacea (L.) Benth.","4926336","EXACT","99","ACCEPTED","SPECIES","Plantae","Tracheophyta","Magnoliopsida","Asterales","Asteraceae","Anaphalis","Anaphalis margaritacea","Anaphalis margaritacea","(L.) Benth.","4926336",
,"Anaphalis margaritacea","Anaphalis margaritacea (L.) Benth.","4926336","EXACT","99","ACCEPTED","SPECIES","Plantae","Tracheophyta","Magnoliopsida","Asterales","Asteraceae","Anaphalis","Anaphalis margaritacea","Anaphalis margaritacea","(L.) Benth.","4926336",
,"Anaphalis margaritacea","Anaphalis margaritacea (L.) Benth.","4926336","EXACT","99","ACCEPTED","SPECIES","Plantae","Tracheophyta","Magnoliopsida","Asterales","Asteraceae","Anaphalis","Anaphalis margaritacea","Anaphalis margaritacea","(L.) Benth.","4926336",
,"Anaphalis margaritacea","Anaphalis margaritacea (L.) Benth.","4926336","EXACT","99","ACCEPTED","SPECIES","Plantae","Tracheophyta","Magnoliopsida","Asterales","Asteraceae","Anaphalis","Anaphalis margaritacea","Anaphalis margaritacea","(L.) Benth.","4926336",
,"Anaphalis margaritacea","Anaphalis margaritacea (L.) Benth.","4926336","EXACT","99","ACCEPTED","SPECIES","Plantae","Tracheophyta","Magnoliopsida","Asterales","Asteraceae","Anaphalis","Anaphalis margaritacea","Anaphalis margaritacea","(L.) Benth.","4926336",
,"Anaphalis margaritacea","Anaphalis margaritacea (L.) Benth.","4926336","EXACT","99","ACCEPTED","SPECIES","Plantae","Tracheophyta","Magnoliopsida","Asterales","Asteraceae","Anaphalis","Anaphalis margaritacea","Anaphalis margaritacea","(L.) Benth.","4926336",
,"Anaphalis margaritacea","Anaphalis margaritacea (L.) Benth.","4926336","EXACT","99","ACCEPTED","SPECIES","Plantae","Tracheophyta","Magnoliopsida","Asterales","Asteraceae","Anaphalis","Anaphalis margaritacea","Anaphalis margaritacea","(L.) Benth.","4926336",
,"Anaphalis margaritacea","Anaphalis margaritacea (L.) Benth.","4926336","EXACT","99","ACCEPTED","SPECIES","Plantae","Tracheophyta","Magnoliopsida","Asterales","Asteraceae","Anaphalis","Anaphalis margaritacea","Anaphalis margaritacea","(L.) Benth.","4926336",
,"Anaphalis margaritacea","Anaphalis margaritacea (L.) Benth.","4926336","EXACT","99","ACCEPTED","SPECIES","Plantae","Tracheophyta","Magnoliopsida","Asterales","Asteraceae","Anaphalis","Anaphalis margaritacea","Anaphalis margaritacea","(L.) Benth.","4926336",
,"Anaphalis margaritacea","Anaphalis margaritacea (L.) Benth.","4926336","EXACT","99","ACCEPTED","SPECIES","Plantae","Tracheophyta","Magnoliopsida","Asterales","Asteraceae","Anaphalis","Anaphalis margaritacea","Anaphalis margaritacea","(L.) Benth.","4926336",
,"Anaphalis margaritacea","Anaphalis margaritacea (L.) Benth.","4926336","EXACT","99","ACCEPTED","SPECIES","Plantae","Tracheophyta","Magnoliopsida","Asterales","Asteraceae","Anaphalis","Anaphalis margaritacea","Anaphalis margaritacea","(L.) Benth.","4926336",
,"Anaphalis margaritacea","Anaphalis margaritacea (L.) Benth.","4926336","EXACT","99","ACCEPTED","SPECIES","Plantae","Tracheophyta","Magnoliopsida","Asterales","Asteraceae","Anaphalis","Anaphalis margaritacea","Anaphalis margaritacea","(L.) Benth.","4926336",
,"Anaphalis margaritacea","Anaphalis margaritacea (L.) Benth.","4926336","EXACT","99","ACCEPTED","SPECIES","Plantae","Tracheophyta","Magnoliopsida","Asterales","Asteraceae","Anaphalis","Anaphalis margaritacea","Anaphalis margaritacea","(L.) Benth.","4926336",
,"Anaphalis margaritacea","Anaphalis margaritacea (L.) Benth.","4926336","EXACT","99","ACCEPTED","SPECIES","Plantae","Tracheophyta","Magnoliopsida","Asterales","Asteraceae","Anaphalis","Anaphalis margaritacea","Anaphalis margaritacea","(L.) Benth.","4926336",
,"Anaphalis margaritacea","Anaphalis margaritacea (L.) Benth.","4926336","EXACT","99","ACCEPTED","SPECIES","Plantae","Tracheophyta","Magnoliopsida","Asterales","Asteraceae","Anaphalis","Anaphalis margaritacea","Anaphalis margaritacea","(L.) Benth.","4926336",
,"Anaphalis margaritacea","Anaphalis margaritacea (L.) Benth.","4926336","EXACT","99","ACCEPTED","SPECIES","Plantae","Tracheophyta","Magnoliopsida","Asterales","Asteraceae","Anaphalis","Anaphalis margaritacea","Anaphalis margaritacea","(L.) Benth.","4926336",
,"Anaphalis margaritacea","Anaphalis margaritacea (L.) Benth.","4926336","EXACT","99","ACCEPTED","SPECIES","Plantae","Tracheophyta","Magnoliopsida","Asterales","Asteraceae","Anaphalis","Anaphalis margaritacea","Anaphalis margaritacea","(L.) Benth.","4926336",
,"Anaphalis margaritacea","Anaphalis margaritacea (L.) Benth.","4926336","EXACT","99","ACCEPTED","SPECIES","Plantae","Tracheophyta","Magnoliopsida","Asterales","Asteraceae","Anaphalis","Anaphalis margaritacea","Anaphalis margaritacea","(L.) Benth.","4926336",
,"Anaphalis margaritacea","Anaphalis margaritacea (L.) Benth.","4926336","EXACT","99","ACCEPTED","SPECIES","Plantae","Tracheophyta","Magnoliopsida","Asterales","Asteraceae","Anaphalis","Anaphalis margaritacea","Anaphalis margaritacea","(L.) Benth.","4926336",
,"Anaphalis margaritacea","Anaphalis margaritacea (L.) Benth.","4926336","EXACT","99","ACCEPTED","SPECIES","Plantae","Tracheophyta","Magnoliopsida","Asterales","Asteraceae","Anaphalis","Anaphalis margaritacea","Anaphalis margaritacea","(L.) Benth.","4926336",
,"Anaphalis margaritacea","Anaphalis margaritacea (L.) Benth.","4926336","EXACT","99","ACCEPTED","SPECIES","Plantae","Tracheophyta","Magnoliopsida","Asterales","Asteraceae","Anaphalis","Anaphalis margaritacea","Anaphalis margaritacea","(L.) Benth.","4926336",
,"Anaphalis margaritacea","Anaphalis margaritacea (L.) Benth.","4926336","EXACT","99","ACCEPTED","SPECIES","Plantae","Tracheophyta","Magnoliopsida","Asterales","Asteraceae","Anaphalis","Anaphalis margaritacea","Anaphalis margaritacea","(L.) Benth.","4926336",
,"Anaphalis margaritacea","Anaphalis margaritacea (L.) Benth.","4926336","EXACT","99","ACCEPTED","SPECIES","Plantae","Tracheophyta","Magnoliopsida","Asterales","Asteraceae","Anaphalis","Anaphalis margaritacea","Anaphalis margaritacea","(L.) Benth.","4926336",
,"Hypericum perforatum","Hypericum perforatum L.","3189486","EXACT","100","ACCEPTED","SPECIES","Plantae","Tracheophyta","Magnoliopsida","Malpighiales","Hypericaceae","Hypericum","Hypericum perforatum","Hypericum perforatum","L.","3189486",
,"Hypericum perforatum","Hypericum perforatum L.","3189486","EXACT","100","ACCEPTED","SPECIES","Plantae","Tracheophyta","Magnoliopsida","Malpighiales","Hypericaceae","Hypericum","Hypericum perforatum","Hypericum perforatum","L.","3189486",
,"Clarkia amoena","Clarkia amoena (Lehm.) A.Nelson & J.F.Macbr.","5420978","EXACT","100","ACCEPTED","SPECIES","Plantae","Tracheophyta","Magnoliopsida","Myrtales","Onagraceae","Clarkia","Clarkia amoena","Clarkia amoena","(Lehm.) A.Nelson & J.F.Macbr.","5420978",
,"Clarkia amoena","Clarkia amoena (Lehm.) A.Nelson & J.F.Macbr.","5420978","EXACT","100","ACCEPTED","SPECIES","Plantae","Tracheophyta","Magnoliopsida","Myrtales","Onagraceae","Clarkia","Clarkia amoena","Clarkia amoena","(Lehm.) A.Nelson & J.F.Macbr.","5420978",
,"Clarkia amoena","Clarkia amoena (Lehm.) A.Nelson & J.F.Macbr.","5420978","EXACT","100","ACCEPTED","SPECIES","Plantae","Tracheophyta","Magnoliopsida","Myrtales","Onagraceae","Clarkia","Clarkia amoena","Clarkia amoena","(Lehm.) A.Nelson & J.F.Macbr.","5420978",
,"Clarkia amoena","Clarkia amoena (Lehm.) A.Nelson & J.F.Macbr.","5420978","EXACT","100","ACCEPTED","SPECIES","Plantae","Tracheophyta","Magnoliopsida","Myrtales","Onagraceae","Clarkia","Clarkia amoena","Clarkia amoena","(Lehm.) A.Nelson & J.F.Macbr.","5420978",
,"Clarkia amoena","Clarkia amoena (Lehm.) A.Nelson & J.F.Macbr.","5420978","EXACT","100","ACCEPTED","SPECIES","Plantae","Tracheophyta","Magnoliopsida","Myrtales","Onagraceae","Clarkia","Clarkia amoena","Clarkia amoena","(Lehm.) A.Nelson & J.F.Macbr.","5420978",
,"Clarkia amoena","Clarkia amoena (Lehm.) A.Nelson & J.F.Macbr.","5420978","EXACT","100","ACCEPTED","SPECIES","Plantae","Tracheophyta","Magnoliopsida","Myrtales","Onagraceae","Clarkia","Clarkia amoena","Clarkia amoena","(Lehm.) A.Nelson & J.F.Macbr.","5420978",
,"Clarkia amoena","Clarkia amoena (Lehm.) A.Nelson & J.F.Macbr.","5420978","EXACT","100","ACCEPTED","SPECIES","Plantae","Tracheophyta","Magnoliopsida","Myrtales","Onagraceae","Clarkia","Clarkia amoena","Clarkia amoena","(Lehm.) A.Nelson & J.F.Macbr.","5420978",
,"Clarkia amoena","Clarkia amoena (Lehm.) A.Nelson & J.F.Macbr.","5420978","EXACT","100","ACCEPTED","SPECIES","Plantae","Tracheophyta","Magnoliopsida","Myrtales","Onagraceae","Clarkia","Clarkia amoena","Clarkia amoena","(Lehm.) A.Nelson & J.F.Macbr.","5420978",
,"Crepis capillaris","Crepis capillaris (L.) Wallr.","5403304","EXACT","100","ACCEPTED","SPECIES","Plantae","Tracheophyta","Magnoliopsida","Asterales","Asteraceae","Crepis","Crepis capillaris","Crepis capillaris","(L.) Wallr.","5403304",
,"Crepis capillaris","Crepis capillaris (L.) Wallr.","5403304","EXACT","100","ACCEPTED","SPECIES","Plantae","Tracheophyta","Magnoliopsida","Asterales","Asteraceae","Crepis","Crepis capillaris","Crepis capillaris","(L.) Wallr.","5403304",
,"Crepis capillaris","Crepis capillaris (L.) Wallr.","5403304","EXACT","100","ACCEPTED","SPECIES","Plantae","Tracheophyta","Magnoliopsida","Asterales","Asteraceae","Crepis","Crepis capillaris","Crepis capillaris","(L.) Wallr.","5403304",
,"Crepis capillaris","Crepis capillaris (L.) Wallr.","5403304","EXACT","100","ACCEPTED","SPECIES","Plantae","Tracheophyta","Magnoliopsida","Asterales","Asteraceae","Crepis","Crepis capillaris","Crepis capillaris","(L.) Wallr.","5403304",
,"Crepis capillaris","Crepis capillaris (L.) Wallr.","5403304","EXACT","100","ACCEPTED","SPECIES","Plantae","Tracheophyta","Magnoliopsida","Asterales","Asteraceae","Crepis","Crepis capillaris","Crepis capillaris","(L.) Wallr.","5403304",
,"Crepis capillaris","Crepis capillaris (L.) Wallr.","5403304","EXACT","100","ACCEPTED","SPECIES","Plantae","Tracheophyta","Magnoliopsida","Asterales","Asteraceae","Crepis","Crepis capillaris","Crepis capillaris","(L.) Wallr.","5403304",
,"Crepis capillaris","Crepis capillaris (L.) Wallr.","5403304","EXACT","100","ACCEPTED","SPECIES","Plantae","Tracheophyta","Magnoliopsida","Asterales","Asteraceae","Crepis","Crepis capillaris","Crepis capillaris","(L.) Wallr.","5403304",
,"Crepis capillaris","Crepis capillaris (L.) Wallr.","5403304","EXACT","100","ACCEPTED","SPECIES","Plantae","Tracheophyta","Magnoliopsida","Asterales","Asteraceae","Crepis","Crepis capillaris","Crepis capillaris","(L.) Wallr.","5403304",
,"Crepis capillaris","Crepis capillaris (L.) Wallr.","5403304","EXACT","100","ACCEPTED","SPECIES","Plantae","Tracheophyta","Magnoliopsida","Asterales","Asteraceae","Crepis","Crepis capillaris","Crepis capillaris","(L.) Wallr.","5403304",
,"Crepis capillaris","Crepis capillaris (L.) Wallr.","5403304","EXACT","100","ACCEPTED","SPECIES","Plantae","Tracheophyta","Magnoliopsida","Asterales","Asteraceae","Crepis","Crepis capillaris","Crepis capillaris","(L.) Wallr.","5403304",
,"Crepis capillaris","Crepis capillaris (L.) Wallr.","5403304","EXACT","100","ACCEPTED","SPECIES","Plantae","Tracheophyta","Magnoliopsida","Asterales","Asteraceae","Crepis","Crepis capillaris","Crepis capillaris","(L.) Wallr.","5403304",
,"Crepis capillaris","Crepis capillaris (L.) Wallr.","5403304","EXACT","100","ACCEPTED","SPECIES","Plantae","Tracheophyta","Magnoliopsida","Asterales","Asteraceae","Crepis","Crepis capillaris","Crepis capillaris","(L.) Wallr.","5403304",
,"Centaurium erythraea","Centaurium erythraea Rafn","5414457","EXACT","99","ACCEPTED","SPECIES","Plantae","Tracheophyta","Magnoliopsida","Gentianales","Gentianaceae","Centaurium","Centaurium erythraea","Centaurium erythraea","Rafn","5414457",
,"Acmispon americanus","Acmispon americanus (Nutt.) Rydb.","2975816","EXACT","100","ACCEPTED","SPECIES","Plantae","Tracheophyta","Magnoliopsida","Fabales","Fabaceae","Acmispon","Acmispon americanus","Acmispon americanus","(Nutt.) Rydb.","2975816",
,"Clarkia amoena","Clarkia amoena (Lehm.) A.Nelson & J.F.Macbr.","5420978","EXACT","100","ACCEPTED","SPECIES","Plantae","Tracheophyta","Magnoliopsida","Myrtales","Onagraceae","Clarkia","Clarkia amoena","Clarkia amoena","(Lehm.) A.Nelson & J.F.Macbr.","5420978",
,"Clarkia amoena","Clarkia amoena (Lehm.) A.Nelson & J.F.Macbr.","5420978","EXACT","100","ACCEPTED","SPECIES","Plantae","Tracheophyta","Magnoliopsida","Myrtales","Onagraceae","Clarkia","Clarkia amoena","Clarkia amoena","(Lehm.) A.Nelson & J.F.Macbr.","5420978",
,"Clarkia amoena","Clarkia amoena (Lehm.) A.Nelson & J.F.Macbr.","5420978","EXACT","100","ACCEPTED","SPECIES","Plantae","Tracheophyta","Magnoliopsida","Myrtales","Onagraceae","Clarkia","Clarkia amoena","Clarkia amoena","(Lehm.) A.Nelson & J.F.Macbr.","5420978",
,"Clarkia amoena","Clarkia amoena (Lehm.) A.Nelson & J.F.Macbr.","5420978","EXACT","100","ACCEPTED","SPECIES","Plantae","Tracheophyta","Magnoliopsida","Myrtales","Onagraceae","Clarkia","Clarkia amoena","Clarkia amoena","(Lehm.) A.Nelson & J.F.Macbr.","5420978",
,"Clarkia amoena","Clarkia amoena (Lehm.) A.Nelson & J.F.Macbr.","5420978","EXACT","100","ACCEPTED","SPECIES","Plantae","Tracheophyta","Magnoliopsida","Myrtales","Onagraceae","Clarkia","Clarkia amoena","Clarkia amoena","(Lehm.) A.Nelson & J.F.Macbr.","5420978",
,"Clarkia amoena","Clarkia amoena (Lehm.) A.Nelson & J.F.Macbr.","5420978","EXACT","100","ACCEPTED","SPECIES","Plantae","Tracheophyta","Magnoliopsida","Myrtales","Onagraceae","Clarkia","Clarkia amoena","Clarkia amoena","(Lehm.) A.Nelson & J.F.Macbr.","5420978",
,"Clarkia amoena","Clarkia amoena (Lehm.) A.Nelson & J.F.Macbr.","5420978","EXACT","100","ACCEPTED","SPECIES","Plantae","Tracheophyta","Magnoliopsida","Myrtales","Onagraceae","Clarkia","Clarkia amoena","Clarkia amoena","(Lehm.) A.Nelson & J.F.Macbr.","5420978",
,"Clarkia amoena","Clarkia amoena (Lehm.) A.Nelson & J.F.Macbr.","5420978","EXACT","100","ACCEPTED","SPECIES","Plantae","Tracheophyta","Magnoliopsida","Myrtales","Onagraceae","Clarkia","Clarkia amoena","Clarkia amoena","(Lehm.) A.Nelson & J.F.Macbr.","5420978",
,"Clarkia amoena","Clarkia amoena (Lehm.) A.Nelson & J.F.Macbr.","5420978","EXACT","100","ACCEPTED","SPECIES","Plantae","Tracheophyta","Magnoliopsida","Myrtales","Onagraceae","Clarkia","Clarkia amoena","Clarkia amoena","(Lehm.) A.Nelson & J.F.Macbr.","5420978",
,"Clarkia amoena","Clarkia amoena (Lehm.) A.Nelson & J.F.Macbr.","5420978","EXACT","100","ACCEPTED","SPECIES","Plantae","Tracheophyta","Magnoliopsida","Myrtales","Onagraceae","Clarkia","Clarkia amoena","Clarkia amoena","(Lehm.) A.Nelson & J.F.Macbr.","5420978",
,"Hypericum perforatum","Hypericum perforatum L.","3189486","EXACT","100","ACCEPTED","SPECIES","Plantae","Tracheophyta","Magnoliopsida","Malpighiales","Hypericaceae","Hypericum","Hypericum perforatum","Hypericum perforatum","L.","3189486",
,"Hypericum perforatum","Hypericum perforatum L.","3189486","EXACT","100","ACCEPTED","SPECIES","Plantae","Tracheophyta","Magnoliopsida","Malpighiales","Hypericaceae","Hypericum","Hypericum perforatum","Hypericum perforatum","L.","3189486",
,"Mentha pulegium","Mentha pulegium L.","2927189","EXACT","99","ACCEPTED","SPECIES","Plantae","Tracheophyta","Magnoliopsida","Lamiales","Lamiaceae","Mentha","Mentha pulegium","Mentha pulegium","L.","2927189",
,"Mentha pulegium","Mentha pulegium L.","2927189","EXACT","99","ACCEPTED","SPECIES","Plantae","Tracheophyta","Magnoliopsida","Lamiales","Lamiaceae","Mentha","Mentha pulegium","Mentha pulegium","L.","2927189",
,"Mentha pulegium","Mentha pulegium L.","2927189","EXACT","99","ACCEPTED","SPECIES","Plantae","Tracheophyta","Magnoliopsida","Lamiales","Lamiaceae","Mentha","Mentha pulegium","Mentha pulegium","L.","2927189",
,"Mentha pulegium","Mentha pulegium L.","2927189","EXACT","99","ACCEPTED","SPECIES","Plantae","Tracheophyta","Magnoliopsida","Lamiales","Lamiaceae","Mentha","Mentha pulegium","Mentha pulegium","L.","2927189",
,"Mentha pulegium","Mentha pulegium L.","2927189","EXACT","99","ACCEPTED","SPECIES","Plantae","Tracheophyta","Magnoliopsida","Lamiales","Lamiaceae","Mentha","Mentha pulegium","Mentha pulegium","L.","2927189",
,"Mentha pulegium","Mentha pulegium L.","2927189","EXACT","99","ACCEPTED","SPECIES","Plantae","Tracheophyta","Magnoliopsida","Lamiales","Lamiaceae","Mentha","Mentha pulegium","Mentha pulegium","L.","2927189",
,"Mentha pulegium","Mentha pulegium L.","2927189","EXACT","99","ACCEPTED","SPECIES","Plantae","Tracheophyta","Magnoliopsida","Lamiales","Lamiaceae","Mentha","Mentha pulegium","Mentha pulegium","L.","2927189",
,"Hypericum perforatum","Hypericum perforatum L.","3189486","EXACT","100","ACCEPTED","SPECIES","Plantae","Tracheophyta","Magnoliopsida","Malpighiales","Hypericaceae","Hypericum","Hypericum perforatum","Hypericum perforatum","L.","3189486",
,"Mentha pulegium","Mentha pulegium L.","2927189","EXACT","99","ACCEPTED","SPECIES","Plantae","Tracheophyta","Magnoliopsida","Lamiales","Lamiaceae","Mentha","Mentha pulegium","Mentha pulegium","L.","2927189",
,"Mentha pulegium","Mentha pulegium L.","2927189","EXACT","99","ACCEPTED","SPECIES","Plantae","Tracheophyta","Magnoliopsida","Lamiales","Lamiaceae","Mentha","Mentha pulegium","Mentha pulegium","L.","2927189",
,"Anaphalis margaritacea","Anaphalis margaritacea (L.) Benth.","4926336","EXACT","99","ACCEPTED","SPECIES","Plantae","Tracheophyta","Magnoliopsida","Asterales","Asteraceae","Anaphalis","Anaphalis margaritacea","Anaphalis margaritacea","(L.) Benth.","4926336",
,"Anaphalis margaritacea","Anaphalis margaritacea (L.) Benth.","4926336","EXACT","99","ACCEPTED","SPECIES","Plantae","Tracheophyta","Magnoliopsida","Asterales","Asteraceae","Anaphalis","Anaphalis margaritacea","Anaphalis margaritacea","(L.) Benth.","4926336",
,"Anaphalis margaritacea","Anaphalis margaritacea (L.) Benth.","4926336","EXACT","99","ACCEPTED","SPECIES","Plantae","Tracheophyta","Magnoliopsida","Asterales","Asteraceae","Anaphalis","Anaphalis margaritacea","Anaphalis margaritacea","(L.) Benth.","4926336",
,"Anaphalis margaritacea","Anaphalis margaritacea (L.) Benth.","4926336","EXACT","99","ACCEPTED","SPECIES","Plantae","Tracheophyta","Magnoliopsida","Asterales","Asteraceae","Anaphalis","Anaphalis margaritacea","Anaphalis margaritacea","(L.) Benth.","4926336",
,"Anaphalis margaritacea","Anaphalis margaritacea (L.) Benth.","4926336","EXACT","99","ACCEPTED","SPECIES","Plantae","Tracheophyta","Magnoliopsida","Asterales","Asteraceae","Anaphalis","Anaphalis margaritacea","Anaphalis margaritacea","(L.) Benth.","4926336",
,"Anaphalis margaritacea","Anaphalis margaritacea (L.) Benth.","4926336","EXACT","99","ACCEPTED","SPECIES","Plantae","Tracheophyta","Magnoliopsida","Asterales","Asteraceae","Anaphalis","Anaphalis margaritacea","Anaphalis margaritacea","(L.) Benth.","4926336",
,"Anaphalis margaritacea","Anaphalis margaritacea (L.) Benth.","4926336","EXACT","99","ACCEPTED","SPECIES","Plantae","Tracheophyta","Magnoliopsida","Asterales","Asteraceae","Anaphalis","Anaphalis margaritacea","Anaphalis margaritacea","(L.) Benth.","4926336",
,"Anaphalis margaritacea","Anaphalis margaritacea (L.) Benth.","4926336","EXACT","99","ACCEPTED","SPECIES","Plantae","Tracheophyta","Magnoliopsida","Asterales","Asteraceae","Anaphalis","Anaphalis margaritacea","Anaphalis margaritacea","(L.) Benth.","4926336",
,"Anaphalis margaritacea","Anaphalis margaritacea (L.) Benth.","4926336","EXACT","99","ACCEPTED","SPECIES","Plantae","Tracheophyta","Magnoliopsida","Asterales","Asteraceae","Anaphalis","Anaphalis margaritacea","Anaphalis margaritacea","(L.) Benth.","4926336",
,"Anaphalis margaritacea","Anaphalis margaritacea (L.) Benth.","4926336","EXACT","99","ACCEPTED","SPECIES","Plantae","Tracheophyta","Magnoliopsida","Asterales","Asteraceae","Anaphalis","Anaphalis margaritacea","Anaphalis margaritacea","(L.) Benth.","4926336",
,"Anaphalis margaritacea","Anaphalis margaritacea (L.) Benth.","4926336","EXACT","99","ACCEPTED","SPECIES","Plantae","Tracheophyta","Magnoliopsida","Asterales","Asteraceae","Anaphalis","Anaphalis margaritacea","Anaphalis margaritacea","(L.) Benth.","4926336",
,"Anaphalis margaritacea","Anaphalis margaritacea (L.) Benth.","4926336","EXACT","99","ACCEPTED","SPECIES","Plantae","Tracheophyta","Magnoliopsida","Asterales","Asteraceae","Anaphalis","Anaphalis margaritacea","Anaphalis margaritacea","(L.) Benth.","4926336",
,"Anaphalis margaritacea","Anaphalis margaritacea (L.) Benth.","4926336","EXACT","99","ACCEPTED","SPECIES","Plantae","Tracheophyta","Magnoliopsida","Asterales","Asteraceae","Anaphalis","Anaphalis margaritacea","Anaphalis margaritacea","(L.) Benth.","4926336",
,"Crepis setosa","Crepis setosa Haller fil.","4245384","EXACT","100","ACCEPTED","SPECIES","Plantae","Tracheophyta","Magnoliopsida","Asterales","Asteraceae","Crepis","Crepis setosa","Crepis setosa","Haller fil.","4245384",
,"Crepis setosa","Crepis setosa Haller fil.","4245384","EXACT","100","ACCEPTED","SPECIES","Plantae","Tracheophyta","Magnoliopsida","Asterales","Asteraceae","Crepis","Crepis setosa","Crepis setosa","Haller fil.","4245384",
,"Crepis setosa","Crepis setosa Haller fil.","4245384","EXACT","100","ACCEPTED","SPECIES","Plantae","Tracheophyta","Magnoliopsida","Asterales","Asteraceae","Crepis","Crepis setosa","Crepis setosa","Haller fil.","4245384",
,"Crepis setosa","Crepis setosa Haller fil.","4245384","EXACT","100","ACCEPTED","SPECIES","Plantae","Tracheophyta","Magnoliopsida","Asterales","Asteraceae","Crepis","Crepis setosa","Crepis setosa","Haller fil.","4245384",
,"Crepis setosa","Crepis setosa Haller fil.","4245384","EXACT","100","ACCEPTED","SPECIES","Plantae","Tracheophyta","Magnoliopsida","Asterales","Asteraceae","Crepis","Crepis setosa","Crepis setosa","Haller fil.","4245384",
,"Crepis setosa","Crepis setosa Haller fil.","4245384","EXACT","100","ACCEPTED","SPECIES","Plantae","Tracheophyta","Magnoliopsida","Asterales","Asteraceae","Crepis","Crepis setosa","Crepis setosa","Haller fil.","4245384",
,"Crepis setosa","Crepis setosa Haller fil.","4245384","EXACT","100","ACCEPTED","SPECIES","Plantae","Tracheophyta","Magnoliopsida","Asterales","Asteraceae","Crepis","Crepis setosa","Crepis setosa","Haller fil.","4245384",
,"Crepis setosa","Crepis setosa Haller fil.","4245384","EXACT","100","ACCEPTED","SPECIES","Plantae","Tracheophyta","Magnoliopsida","Asterales","Asteraceae","Crepis","Crepis setosa","Crepis setosa","Haller fil.","4245384",
,"Crepis setosa","Crepis setosa Haller fil.","4245384","EXACT","100","ACCEPTED","SPECIES","Plantae","Tracheophyta","Magnoliopsida","Asterales","Asteraceae","Crepis","Crepis setosa","Crepis setosa","Haller fil.","4245384",
,"Crepis setosa","Crepis setosa Haller fil.","4245384","EXACT","100","ACCEPTED","SPECIES","Plantae","Tracheophyta","Magnoliopsida","Asterales","Asteraceae","Crepis","Crepis setosa","Crepis setosa","Haller fil.","4245384",
,"Crepis setosa","Crepis setosa Haller fil.","4245384","EXACT","100","ACCEPTED","SPECIES","Plantae","Tracheophyta","Magnoliopsida","Asterales","Asteraceae","Crepis","Crepis setosa","Crepis setosa","Haller fil.","4245384",
,"Crepis setosa","Crepis setosa Haller fil.","4245384","EXACT","100","ACCEPTED","SPECIES","Plantae","Tracheophyta","Magnoliopsida","Asterales","Asteraceae","Crepis","Crepis setosa","Crepis setosa","Haller fil.","4245384",
,"Crepis setosa","Crepis setosa Haller fil.","4245384","EXACT","100","ACCEPTED","SPECIES","Plantae","Tracheophyta","Magnoliopsida","Asterales","Asteraceae","Crepis","Crepis setosa","Crepis setosa","Haller fil.","4245384",
,"Crepis setosa","Crepis setosa Haller fil.","4245384","EXACT","100","ACCEPTED","SPECIES","Plantae","Tracheophyta","Magnoliopsida","Asterales","Asteraceae","Crepis","Crepis setosa","Crepis setosa","Haller fil.","4245384",
,"Crepis setosa","Crepis setosa Haller fil.","4245384","EXACT","100","ACCEPTED","SPECIES","Plantae","Tracheophyta","Magnoliopsida","Asterales","Asteraceae","Crepis","Crepis setosa","Crepis setosa","Haller fil.","4245384",
,"Crepis setosa","Crepis setosa Haller fil.","4245384","EXACT","100","ACCEPTED","SPECIES","Plantae","Tracheophyta","Magnoliopsida","Asterales","Asteraceae","Crepis","Crepis setosa","Crepis setosa","Haller fil.","4245384",
,"Acmispon americanus","Acmispon americanus (Nutt.) Rydb.","2975816","EXACT","100","ACCEPTED","SPECIES","Plantae","Tracheophyta","Magnoliopsida","Fabales","Fabaceae","Acmispon","Acmispon americanus","Acmispon americanus","(Nutt.) Rydb.","2975816",
,"Centaurium erythraea","Centaurium erythraea Rafn","5414457","EXACT","99","ACCEPTED","SPECIES","Plantae","Tracheophyta","Magnoliopsida","Gentianales","Gentianaceae","Centaurium","Centaurium erythraea","Centaurium erythraea","Rafn","5414457",
,"Hypericum perforatum","Hypericum perforatum L.","3189486","EXACT","100","ACCEPTED","SPECIES","Plantae","Tracheophyta","Magnoliopsida","Malpighiales","Hypericaceae","Hypericum","Hypericum perforatum","Hypericum perforatum","L.","3189486",
,"Hypericum perforatum","Hypericum perforatum L.","3189486","EXACT","100","ACCEPTED","SPECIES","Plantae","Tracheophyta","Magnoliopsida","Malpighiales","Hypericaceae","Hypericum","Hypericum perforatum","Hypericum perforatum","L.","3189486",
,"Hypericum perforatum","Hypericum perforatum L.","3189486","EXACT","100","ACCEPTED","SPECIES","Plantae","Tracheophyta","Magnoliopsida","Malpighiales","Hypericaceae","Hypericum","Hypericum perforatum","Hypericum perforatum","L.","3189486",
,"Mentha pulegium","Mentha pulegium L.","2927189","EXACT","99","ACCEPTED","SPECIES","Plantae","Tracheophyta","Magnoliopsida","Lamiales","Lamiaceae","Mentha","Mentha pulegium","Mentha pulegium","L.","2927189",
,"Epilobium densiflorum","Epilobium densiflorum (Lindl.) Hoch & P.H.Raven","3189090","EXACT","99","ACCEPTED","SPECIES","Plantae","Tracheophyta","Magnoliopsida","Myrtales","Onagraceae","Epilobium","Epilobium densiflorum","Epilobium densiflorum","(Lindl.) Hoch & P.H.Raven","3189090",
,"Eryngium petiolatum","Eryngium petiolatum Hook.","3034392","EXACT","100","ACCEPTED","SPECIES","Plantae","Tracheophyta","Magnoliopsida","Apiales","Apiaceae","Eryngium","Eryngium petiolatum","Eryngium petiolatum","Hook.","3034392",
,"Mentha pulegium","Mentha pulegium L.","2927189","EXACT","99","ACCEPTED","SPECIES","Plantae","Tracheophyta","Magnoliopsida","Lamiales","Lamiaceae","Mentha","Mentha pulegium","Mentha pulegium","L.","2927189",
,"Leontodon  taraxacoides","Leontodon taraxacoides Lacaita, 1918","7975952","EXACT","99","ACCEPTED","SPECIES","Plantae","Tracheophyta","Magnoliopsida","Asterales","Asteraceae","Leontodon","Leontodon taraxacoides","Leontodon taraxacoides","Lacaita, 1918","7975952",
,"Leontodon  taraxacoides","Leontodon taraxacoides Lacaita, 1918","7975952","EXACT","99","ACCEPTED","SPECIES","Plantae","Tracheophyta","Magnoliopsida","Asterales","Asteraceae","Leontodon","Leontodon taraxacoides","Leontodon taraxacoides","Lacaita, 1918","7975952",
,"Leontodon  taraxacoides","Leontodon taraxacoides Lacaita, 1918","7975952","EXACT","99","ACCEPTED","SPECIES","Plantae","Tracheophyta","Magnoliopsida","Asterales","Asteraceae","Leontodon","Leontodon taraxacoides","Leontodon taraxacoides","Lacaita, 1918","7975952",
,"Leontodon  taraxacoides","Leontodon taraxacoides Lacaita, 1918","7975952","EXACT","99","ACCEPTED","SPECIES","Plantae","Tracheophyta","Magnoliopsida","Asterales","Asteraceae","Leontodon","Leontodon taraxacoides","Leontodon taraxacoides","Lacaita, 1918","7975952",
,"Daucus carota","Daucus carota L.","3034742","EXACT","99","ACCEPTED","SPECIES","Plantae","Tracheophyta","Magnoliopsida","Apiales","Apiaceae","Daucus","Daucus carota","Daucus carota","L.","3034742",
,"Daucus carota","Daucus carota L.","3034742","EXACT","99","ACCEPTED","SPECIES","Plantae","Tracheophyta","Magnoliopsida","Apiales","Apiaceae","Daucus","Daucus carota","Daucus carota","L.","3034742",
,"Daucus carota","Daucus carota L.","3034742","EXACT","99","ACCEPTED","SPECIES","Plantae","Tracheophyta","Magnoliopsida","Apiales","Apiaceae","Daucus","Daucus carota","Daucus carota","L.","3034742",
,"Daucus carota","Daucus carota L.","3034742","EXACT","99","ACCEPTED","SPECIES","Plantae","Tracheophyta","Magnoliopsida","Apiales","Apiaceae","Daucus","Daucus carota","Daucus carota","L.","3034742",
,"Daucus carota","Daucus carota L.","3034742","EXACT","99","ACCEPTED","SPECIES","Plantae","Tracheophyta","Magnoliopsida","Apiales","Apiaceae","Daucus","Daucus carota","Daucus carota","L.","3034742",
,"Daucus carota","Daucus carota L.","3034742","EXACT","99","ACCEPTED","SPECIES","Plantae","Tracheophyta","Magnoliopsida","Apiales","Apiaceae","Daucus","Daucus carota","Daucus carota","L.","3034742",
,"Daucus carota","Daucus carota L.","3034742","EXACT","99","ACCEPTED","SPECIES","Plantae","Tracheophyta","Magnoliopsida","Apiales","Apiaceae","Daucus","Daucus carota","Daucus carota","L.","3034742",
,"Daucus carota","Daucus carota L.","3034742","EXACT","99","ACCEPTED","SPECIES","Plantae","Tracheophyta","Magnoliopsida","Apiales","Apiaceae","Daucus","Daucus carota","Daucus carota","L.","3034742",
,"Daucus carota","Daucus carota L.","3034742","EXACT","99","ACCEPTED","SPECIES","Plantae","Tracheophyta","Magnoliopsida","Apiales","Apiaceae","Daucus","Daucus carota","Daucus carota","L.","3034742",
,"Daucus carota","Daucus carota L.","3034742","EXACT","99","ACCEPTED","SPECIES","Plantae","Tracheophyta","Magnoliopsida","Apiales","Apiaceae","Daucus","Daucus carota","Daucus carota","L.","3034742",
,"Epilobium densiflorum","Epilobium densiflorum (Lindl.) Hoch & P.H.Raven","3189090","EXACT","99","ACCEPTED","SPECIES","Plantae","Tracheophyta","Magnoliopsida","Myrtales","Onagraceae","Epilobium","Epilobium densiflorum","Epilobium densiflorum","(Lindl.) Hoch & P.H.Raven","3189090",
,"Acmispon parviflorus","Acmispon parviflorus (Benth.) D.D.Sokoloff","2975796","EXACT","100","ACCEPTED","SPECIES","Plantae","Tracheophyta","Magnoliopsida","Fabales","Fabaceae","Acmispon","Acmispon parviflorus","Acmispon parviflorus","(Benth.) D.D.Sokoloff","2975796",
,"Daucus carota","Daucus carota L.","3034742","EXACT","99","ACCEPTED","SPECIES","Plantae","Tracheophyta","Magnoliopsida","Apiales","Apiaceae","Daucus","Daucus carota","Daucus carota","L.","3034742",
,"Daucus carota","Daucus carota L.","3034742","EXACT","99","ACCEPTED","SPECIES","Plantae","Tracheophyta","Magnoliopsida","Apiales","Apiaceae","Daucus","Daucus carota","Daucus carota","L.","3034742",
,"Daucus carota","Daucus carota L.","3034742","EXACT","99","ACCEPTED","SPECIES","Plantae","Tracheophyta","Magnoliopsida","Apiales","Apiaceae","Daucus","Daucus carota","Daucus carota","L.","3034742",
,"Daucus carota","Daucus carota L.","3034742","EXACT","99","ACCEPTED","SPECIES","Plantae","Tracheophyta","Magnoliopsida","Apiales","Apiaceae","Daucus","Daucus carota","Daucus carota","L.","3034742",
,"Daucus carota","Daucus carota L.","3034742","EXACT","99","ACCEPTED","SPECIES","Plantae","Tracheophyta","Magnoliopsida","Apiales","Apiaceae","Daucus","Daucus carota","Daucus carota","L.","3034742",
,"Daucus carota","Daucus carota L.","3034742","EXACT","99","ACCEPTED","SPECIES","Plantae","Tracheophyta","Magnoliopsida","Apiales","Apiaceae","Daucus","Daucus carota","Daucus carota","L.","3034742",
,"Mentha pulegium","Mentha pulegium L.","2927189","EXACT","99","ACCEPTED","SPECIES","Plantae","Tracheophyta","Magnoliopsida","Lamiales","Lamiaceae","Mentha","Mentha pulegium","Mentha pulegium","L.","2927189",
,"Eryngium petiolatum","Eryngium petiolatum Hook.","3034392","EXACT","100","ACCEPTED","SPECIES","Plantae","Tracheophyta","Magnoliopsida","Apiales","Apiaceae","Eryngium","Eryngium petiolatum","Eryngium petiolatum","Hook.","3034392",
,"Eryngium petiolatum","Eryngium petiolatum Hook.","3034392","EXACT","100","ACCEPTED","SPECIES","Plantae","Tracheophyta","Magnoliopsida","Apiales","Apiaceae","Eryngium","Eryngium petiolatum","Eryngium petiolatum","Hook.","3034392",
,"Eryngium petiolatum","Eryngium petiolatum Hook.","3034392","EXACT","100","ACCEPTED","SPECIES","Plantae","Tracheophyta","Magnoliopsida","Apiales","Apiaceae","Eryngium","Eryngium petiolatum","Eryngium petiolatum","Hook.","3034392",
,"Erigeron decumbens","Erigeron decumbens Nutt.","7845106","EXACT","99","ACCEPTED","SPECIES","Plantae","Tracheophyta","Magnoliopsida","Asterales","Asteraceae","Erigeron","Erigeron decumbens","Erigeron decumbens","Nutt.","7845106",
,"Erigeron decumbens","Erigeron decumbens Nutt.","7845106","EXACT","99","ACCEPTED","SPECIES","Plantae","Tracheophyta","Magnoliopsida","Asterales","Asteraceae","Erigeron","Erigeron decumbens","Erigeron decumbens","Nutt.","7845106",
,"Hypochaeris radicata","Hypochaeris radicata L.","3093702","EXACT","100","ACCEPTED","SPECIES","Plantae","Tracheophyta","Magnoliopsida","Asterales","Asteraceae","Hypochaeris","Hypochaeris radicata","Hypochaeris radicata","L.","3093702",
,"Hypochaeris radicata","Hypochaeris radicata L.","3093702","EXACT","100","ACCEPTED","SPECIES","Plantae","Tracheophyta","Magnoliopsida","Asterales","Asteraceae","Hypochaeris","Hypochaeris radicata","Hypochaeris radicata","L.","3093702",
,"Hypochaeris radicata","Hypochaeris radicata L.","3093702","EXACT","100","ACCEPTED","SPECIES","Plantae","Tracheophyta","Magnoliopsida","Asterales","Asteraceae","Hypochaeris","Hypochaeris radicata","Hypochaeris radicata","L.","3093702",
,"Hypochaeris radicata","Hypochaeris radicata L.","3093702","EXACT","100","ACCEPTED","SPECIES","Plantae","Tracheophyta","Magnoliopsida","Asterales","Asteraceae","Hypochaeris","Hypochaeris radicata","Hypochaeris radicata","L.","3093702",
,"Hypochaeris radicata","Hypochaeris radicata L.","3093702","EXACT","100","ACCEPTED","SPECIES","Plantae","Tracheophyta","Magnoliopsida","Asterales","Asteraceae","Hypochaeris","Hypochaeris radicata","Hypochaeris radicata","L.","3093702",
,"Hypochaeris radicata","Hypochaeris radicata L.","3093702","EXACT","100","ACCEPTED","SPECIES","Plantae","Tracheophyta","Magnoliopsida","Asterales","Asteraceae","Hypochaeris","Hypochaeris radicata","Hypochaeris radicata","L.","3093702",
,"Hypochaeris radicata","Hypochaeris radicata L.","3093702","EXACT","100","ACCEPTED","SPECIES","Plantae","Tracheophyta","Magnoliopsida","Asterales","Asteraceae","Hypochaeris","Hypochaeris radicata","Hypochaeris radicata","L.","3093702",
,"Hypochaeris radicata","Hypochaeris radicata L.","3093702","EXACT","100","ACCEPTED","SPECIES","Plantae","Tracheophyta","Magnoliopsida","Asterales","Asteraceae","Hypochaeris","Hypochaeris radicata","Hypochaeris radicata","L.","3093702",
,"Hypochaeris radicata","Hypochaeris radicata L.","3093702","EXACT","100","ACCEPTED","SPECIES","Plantae","Tracheophyta","Magnoliopsida","Asterales","Asteraceae","Hypochaeris","Hypochaeris radicata","Hypochaeris radicata","L.","3093702",
,"NA NA","Plantae","6","HIGHERRANK","99","ACCEPTED","KINGDOM","Plantae",,,,,,,"Plantae",,"6",
,"NA NA","Plantae","6","HIGHERRANK","99","ACCEPTED","KINGDOM","Plantae",,,,,,,"Plantae",,"6",
,"NA NA","Plantae","6","HIGHERRANK","99","ACCEPTED","KINGDOM","Plantae",,,,,,,"Plantae",,"6",
,"NA NA","Plantae","6","HIGHERRANK","99","ACCEPTED","KINGDOM","Plantae",,,,,,,"Plantae",,"6",
,"NA NA","Plantae","6","HIGHERRANK","99","ACCEPTED","KINGDOM","Plantae",,,,,,,"Plantae",,"6",
,"NA NA","Plantae","6","HIGHERRANK","99","ACCEPTED","KINGDOM","Plantae",,,,,,,"Plantae",,"6",
,"NA NA","Plantae","6","HIGHERRANK","99","ACCEPTED","KINGDOM","Plantae",,,,,,,"Plantae",,"6",
,"NA NA","Plantae","6","HIGHERRANK","99","ACCEPTED","KINGDOM","Plantae",,,,,,,"Plantae",,"6",
,"NA NA","Plantae","6","HIGHERRANK","99","ACCEPTED","KINGDOM","Plantae",,,,,,,"Plantae",,"6",
,"NA NA","Plantae","6","HIGHERRANK","99","ACCEPTED","KINGDOM","Plantae",,,,,,,"Plantae",,"6",
,"NA NA","Plantae","6","HIGHERRANK","99","ACCEPTED","KINGDOM","Plantae",,,,,,,"Plantae",,"6",
,"NA NA","Plantae","6","HIGHERRANK","99","ACCEPTED","KINGDOM","Plantae",,,,,,,"Plantae",,"6",
,"NA NA","Plantae","6","HIGHERRANK","99","ACCEPTED","KINGDOM","Plantae",,,,,,,"Plantae",,"6",
,"NA NA","Plantae","6","HIGHERRANK","99","ACCEPTED","KINGDOM","Plantae",,,,,,,"Plantae",,"6",
,"NA NA","Plantae","6","HIGHERRANK","99","ACCEPTED","KINGDOM","Plantae",,,,,,,"Plantae",,"6",
,"NA NA","Plantae","6","HIGHERRANK","99","ACCEPTED","KINGDOM","Plantae",,,,,,,"Plantae",,"6",
,"NA NA","Plantae","6","HIGHERRANK","99","ACCEPTED","KINGDOM","Plantae",,,,,,,"Plantae",,"6",
,"NA NA","Plantae","6","HIGHERRANK","99","ACCEPTED","KINGDOM","Plantae",,,,,,,"Plantae",,"6",
,"NA NA","Plantae","6","HIGHERRANK","99","ACCEPTED","KINGDOM","Plantae",,,,,,,"Plantae",,"6",
,"NA NA","Plantae","6","HIGHERRANK","99","ACCEPTED","KINGDOM","Plantae",,,,,,,"Plantae",,"6",
,"NA NA","Plantae","6","HIGHERRANK","99","ACCEPTED","KINGDOM","Plantae",,,,,,,"Plantae",,"6",
,"NA NA","Plantae","6","HIGHERRANK","99","ACCEPTED","KINGDOM","Plantae",,,,,,,"Plantae",,"6",
,"NA NA","Plantae","6","HIGHERRANK","99","ACCEPTED","KINGDOM","Plantae",,,,,,,"Plantae",,"6",
,"NA NA","Plantae","6","HIGHERRANK","99","ACCEPTED","KINGDOM","Plantae",,,,,,,"Plantae",,"6",
,"NA NA","Plantae","6","HIGHERRANK","99","ACCEPTED","KINGDOM","Plantae",,,,,,,"Plantae",,"6",
,"NA NA","Plantae","6","HIGHERRANK","99","ACCEPTED","KINGDOM","Plantae",,,,,,,"Plantae",,"6",
,"NA NA","Plantae","6","HIGHERRANK","99","ACCEPTED","KINGDOM","Plantae",,,,,,,"Plantae",,"6",
,"NA NA","Plantae","6","HIGHERRANK","99","ACCEPTED","KINGDOM","Plantae",,,,,,,"Plantae",,"6",
,"NA NA","Plantae","6","HIGHERRANK","99","ACCEPTED","KINGDOM","Plantae",,,,,,,"Plantae",,"6",
,"NA NA","Plantae","6","HIGHERRANK","99","ACCEPTED","KINGDOM","Plantae",,,,,,,"Plantae",,"6",
,"NA NA","Plantae","6","HIGHERRANK","99","ACCEPTED","KINGDOM","Plantae",,,,,,,"Plantae",,"6",
,"NA NA","Plantae","6","HIGHERRANK","99","ACCEPTED","KINGDOM","Plantae",,,,,,,"Plantae",,"6",
,"Clarkia amoena","Clarkia amoena (Lehm.) A.Nelson & J.F.Macbr.","5420978","EXACT","100","ACCEPTED","SPECIES","Plantae","Tracheophyta","Magnoliopsida","Myrtales","Onagraceae","Clarkia","Clarkia amoena","Clarkia amoena","(Lehm.) A.Nelson & J.F.Macbr.","5420978",
,"Clarkia amoena","Clarkia amoena (Lehm.) A.Nelson & J.F.Macbr.","5420978","EXACT","100","ACCEPTED","SPECIES","Plantae","Tracheophyta","Magnoliopsida","Myrtales","Onagraceae","Clarkia","Clarkia amoena","Clarkia amoena","(Lehm.) A.Nelson & J.F.Macbr.","5420978",
,"Clarkia amoena","Clarkia amoena (Lehm.) A.Nelson & J.F.Macbr.","5420978","EXACT","100","ACCEPTED","SPECIES","Plantae","Tracheophyta","Magnoliopsida","Myrtales","Onagraceae","Clarkia","Clarkia amoena","Clarkia amoena","(Lehm.) A.Nelson & J.F.Macbr.","5420978",
,"Clarkia amoena","Clarkia amoena (Lehm.) A.Nelson & J.F.Macbr.","5420978","EXACT","100","ACCEPTED","SPECIES","Plantae","Tracheophyta","Magnoliopsida","Myrtales","Onagraceae","Clarkia","Clarkia amoena","Clarkia amoena","(Lehm.) A.Nelson & J.F.Macbr.","5420978",
,"Clarkia amoena","Clarkia amoena (Lehm.) A.Nelson & J.F.Macbr.","5420978","EXACT","100","ACCEPTED","SPECIES","Plantae","Tracheophyta","Magnoliopsida","Myrtales","Onagraceae","Clarkia","Clarkia amoena","Clarkia amoena","(Lehm.) A.Nelson & J.F.Macbr.","5420978",
,"Clarkia amoena","Clarkia amoena (Lehm.) A.Nelson & J.F.Macbr.","5420978","EXACT","100","ACCEPTED","SPECIES","Plantae","Tracheophyta","Magnoliopsida","Myrtales","Onagraceae","Clarkia","Clarkia amoena","Clarkia amoena","(Lehm.) A.Nelson & J.F.Macbr.","5420978",
,"Clarkia amoena","Clarkia amoena (Lehm.) A.Nelson & J.F.Macbr.","5420978","EXACT","100","ACCEPTED","SPECIES","Plantae","Tracheophyta","Magnoliopsida","Myrtales","Onagraceae","Clarkia","Clarkia amoena","Clarkia amoena","(Lehm.) A.Nelson & J.F.Macbr.","5420978",
,"Clarkia amoena","Clarkia amoena (Lehm.) A.Nelson & J.F.Macbr.","5420978","EXACT","100","ACCEPTED","SPECIES","Plantae","Tracheophyta","Magnoliopsida","Myrtales","Onagraceae","Clarkia","Clarkia amoena","Clarkia amoena","(Lehm.) A.Nelson & J.F.Macbr.","5420978",
,"Clarkia amoena","Clarkia amoena (Lehm.) A.Nelson & J.F.Macbr.","5420978","EXACT","100","ACCEPTED","SPECIES","Plantae","Tracheophyta","Magnoliopsida","Myrtales","Onagraceae","Clarkia","Clarkia amoena","Clarkia amoena","(Lehm.) A.Nelson & J.F.Macbr.","5420978",
,"Clarkia amoena","Clarkia amoena (Lehm.) A.Nelson & J.F.Macbr.","5420978","EXACT","100","ACCEPTED","SPECIES","Plantae","Tracheophyta","Magnoliopsida","Myrtales","Onagraceae","Clarkia","Clarkia amoena","Clarkia amoena","(Lehm.) A.Nelson & J.F.Macbr.","5420978",
,"Clarkia amoena","Clarkia amoena (Lehm.) A.Nelson & J.F.Macbr.","5420978","EXACT","100","ACCEPTED","SPECIES","Plantae","Tracheophyta","Magnoliopsida","Myrtales","Onagraceae","Clarkia","Clarkia amoena","Clarkia amoena","(Lehm.) A.Nelson & J.F.Macbr.","5420978",
,"NA NA","Plantae","6","HIGHERRANK","99","ACCEPTED","KINGDOM","Plantae",,,,,,,"Plantae",,"6",
,"NA NA","Plantae","6","HIGHERRANK","99","ACCEPTED","KINGDOM","Plantae",,,,,,,"Plantae",,"6",
,"NA NA","Plantae","6","HIGHERRANK","99","ACCEPTED","KINGDOM","Plantae",,,,,,,"Plantae",,"6",
,"NA NA","Plantae","6","HIGHERRANK","99","ACCEPTED","KINGDOM","Plantae",,,,,,,"Plantae",,"6",
,"NA NA","Plantae","6","HIGHERRANK","99","ACCEPTED","KINGDOM","Plantae",,,,,,,"Plantae",,"6",
,"NA NA","Plantae","6","HIGHERRANK","99","ACCEPTED","KINGDOM","Plantae",,,,,,,"Plantae",,"6",
,"NA NA","Plantae","6","HIGHERRANK","99","ACCEPTED","KINGDOM","Plantae",,,,,,,"Plantae",,"6",
,"NA NA","Plantae","6","HIGHERRANK","99","ACCEPTED","KINGDOM","Plantae",,,,,,,"Plantae",,"6",
,"NA NA","Plantae","6","HIGHERRANK","99","ACCEPTED","KINGDOM","Plantae",,,,,,,"Plantae",,"6",
,"NA NA","Plantae","6","HIGHERRANK","99","ACCEPTED","KINGDOM","Plantae",,,,,,,"Plantae",,"6",
,"NA NA","Plantae","6","HIGHERRANK","99","ACCEPTED","KINGDOM","Plantae",,,,,,,"Plantae",,"6",
,"NA NA","Plantae","6","HIGHERRANK","99","ACCEPTED","KINGDOM","Plantae",,,,,,,"Plantae",,"6",
,"NA NA","Plantae","6","HIGHERRANK","99","ACCEPTED","KINGDOM","Plantae",,,,,,,"Plantae",,"6",
,"NA NA","Plantae","6","HIGHERRANK","99","ACCEPTED","KINGDOM","Plantae",,,,,,,"Plantae",,"6",
,"NA NA","Plantae","6","HIGHERRANK","99","ACCEPTED","KINGDOM","Plantae",,,,,,,"Plantae",,"6",
,"NA NA","Plantae","6","HIGHERRANK","99","ACCEPTED","KINGDOM","Plantae",,,,,,,"Plantae",,"6",
,"NA NA","Plantae","6","HIGHERRANK","99","ACCEPTED","KINGDOM","Plantae",,,,,,,"Plantae",,"6",
,"NA NA","Plantae","6","HIGHERRANK","99","ACCEPTED","KINGDOM","Plantae",,,,,,,"Plantae",,"6",
,"NA NA","Plantae","6","HIGHERRANK","99","ACCEPTED","KINGDOM","Plantae",,,,,,,"Plantae",,"6",
,"NA NA","Plantae","6","HIGHERRANK","99","ACCEPTED","KINGDOM","Plantae",,,,,,,"Plantae",,"6",
,"NA NA","Plantae","6","HIGHERRANK","99","ACCEPTED","KINGDOM","Plantae",,,,,,,"Plantae",,"6",
,"NA NA","Plantae","6","HIGHERRANK","99","ACCEPTED","KINGDOM","Plantae",,,,,,,"Plantae",,"6",
,"NA NA","Plantae","6","HIGHERRANK","99","ACCEPTED","KINGDOM","Plantae",,,,,,,"Plantae",,"6",
,"NA NA","Plantae","6","HIGHERRANK","99","ACCEPTED","KINGDOM","Plantae",,,,,,,"Plantae",,"6",
,"NA NA","Plantae","6","HIGHERRANK","99","ACCEPTED","KINGDOM","Plantae",,,,,,,"Plantae",,"6",
,"NA NA","Plantae","6","HIGHERRANK","99","ACCEPTED","KINGDOM","Plantae",,,,,,,"Plantae",,"6",
,"NA NA","Plantae","6","HIGHERRANK","99","ACCEPTED","KINGDOM","Plantae",,,,,,,"Plantae",,"6",
,"NA NA","Plantae","6","HIGHERRANK","99","ACCEPTED","KINGDOM","Plantae",,,,,,,"Plantae",,"6",
,"NA NA","Plantae","6","HIGHERRANK","99","ACCEPTED","KINGDOM","Plantae",,,,,,,"Plantae",,"6",
,"NA NA","Plantae","6","HIGHERRANK","99","ACCEPTED","KINGDOM","Plantae",,,,,,,"Plantae",,"6",
,"NA NA","Plantae","6","HIGHERRANK","99","ACCEPTED","KINGDOM","Plantae",,,,,,,"Plantae",,"6",
,"NA NA","Plantae","6","HIGHERRANK","99","ACCEPTED","KINGDOM","Plantae",,,,,,,"Plantae",,"6",
,"NA NA","Plantae","6","HIGHERRANK","99","ACCEPTED","KINGDOM","Plantae",,,,,,,"Plantae",,"6",
,"NA NA","Plantae","6","HIGHERRANK","99","ACCEPTED","KINGDOM","Plantae",,,,,,,"Plantae",,"6",
,"NA NA","Plantae","6","HIGHERRANK","99","ACCEPTED","KINGDOM","Plantae",,,,,,,"Plantae",,"6",
,"NA NA","Plantae","6","HIGHERRANK","99","ACCEPTED","KINGDOM","Plantae",,,,,,,"Plantae",,"6",
,"NA NA","Plantae","6","HIGHERRANK","99","ACCEPTED","KINGDOM","Plantae",,,,,,,"Plantae",,"6",
,"NA NA","Plantae","6","HIGHERRANK","99","ACCEPTED","KINGDOM","Plantae",,,,,,,"Plantae",,"6",
,"NA NA","Plantae","6","HIGHERRANK","99","ACCEPTED","KINGDOM","Plantae",,,,,,,"Plantae",,"6",
,"NA NA","Plantae","6","HIGHERRANK","99","ACCEPTED","KINGDOM","Plantae",,,,,,,"Plantae",,"6",
,"NA NA","Plantae","6","HIGHERRANK","99","ACCEPTED","KINGDOM","Plantae",,,,,,,"Plantae",,"6",
,"NA NA","Plantae","6","HIGHERRANK","99","ACCEPTED","KINGDOM","Plantae",,,,,,,"Plantae",,"6",
,"NA NA","Plantae","6","HIGHERRANK","99","ACCEPTED","KINGDOM","Plantae",,,,,,,"Plantae",,"6",
,"NA NA","Plantae","6","HIGHERRANK","99","ACCEPTED","KINGDOM","Plantae",,,,,,,"Plantae",,"6",
,"NA NA","Plantae","6","HIGHERRANK","99","ACCEPTED","KINGDOM","Plantae",,,,,,,"Plantae",,"6",
,"NA NA","Plantae","6","HIGHERRANK","99","ACCEPTED","KINGDOM","Plantae",,,,,,,"Plantae",,"6",
,"NA NA","Plantae","6","HIGHERRANK","99","ACCEPTED","KINGDOM","Plantae",,,,,,,"Plantae",,"6",
,"NA NA","Plantae","6","HIGHERRANK","99","ACCEPTED","KINGDOM","Plantae",,,,,,,"Plantae",,"6",
,"NA NA","Plantae","6","HIGHERRANK","99","ACCEPTED","KINGDOM","Plantae",,,,,,,"Plantae",,"6",
,"NA NA","Plantae","6","HIGHERRANK","99","ACCEPTED","KINGDOM","Plantae",,,,,,,"Plantae",,"6",
,"NA NA","Plantae","6","HIGHERRANK","99","ACCEPTED","KINGDOM","Plantae",,,,,,,"Plantae",,"6",
,"NA NA","Plantae","6","HIGHERRANK","99","ACCEPTED","KINGDOM","Plantae",,,,,,,"Plantae",,"6",
,"NA NA","Plantae","6","HIGHERRANK","99","ACCEPTED","KINGDOM","Plantae",,,,,,,"Plantae",,"6",
,"NA NA","Plantae","6","HIGHERRANK","99","ACCEPTED","KINGDOM","Plantae",,,,,,,"Plantae",,"6",
,"NA NA","Plantae","6","HIGHERRANK","99","ACCEPTED","KINGDOM","Plantae",,,,,,,"Plantae",,"6",
,"NA NA","Plantae","6","HIGHERRANK","99","ACCEPTED","KINGDOM","Plantae",,,,,,,"Plantae",,"6",
,"NA NA","Plantae","6","HIGHERRANK","99","ACCEPTED","KINGDOM","Plantae",,,,,,,"Plantae",,"6",
,"NA NA","Plantae","6","HIGHERRANK","99","ACCEPTED","KINGDOM","Plantae",,,,,,,"Plantae",,"6",
,"NA NA","Plantae","6","HIGHERRANK","99","ACCEPTED","KINGDOM","Plantae",,,,,,,"Plantae",,"6",
,"NA NA","Plantae","6","HIGHERRANK","99","ACCEPTED","KINGDOM","Plantae",,,,,,,"Plantae",,"6",
,"NA NA","Plantae","6","HIGHERRANK","99","ACCEPTED","KINGDOM","Plantae",,,,,,,"Plantae",,"6",
,"NA NA","Plantae","6","HIGHERRANK","99","ACCEPTED","KINGDOM","Plantae",,,,,,,"Plantae",,"6",
,"NA NA","Plantae","6","HIGHERRANK","99","ACCEPTED","KINGDOM","Plantae",,,,,,,"Plantae",,"6",
,"NA NA","Plantae","6","HIGHERRANK","99","ACCEPTED","KINGDOM","Plantae",,,,,,,"Plantae",,"6",
,"NA NA","Plantae","6","HIGHERRANK","99","ACCEPTED","KINGDOM","Plantae",,,,,,,"Plantae",,"6",
,"NA NA","Plantae","6","HIGHERRANK","99","ACCEPTED","KINGDOM","Plantae",,,,,,,"Plantae",,"6",
,"NA NA","Plantae","6","HIGHERRANK","99","ACCEPTED","KINGDOM","Plantae",,,,,,,"Plantae",,"6",
,"NA NA","Plantae","6","HIGHERRANK","99","ACCEPTED","KINGDOM","Plantae",,,,,,,"Plantae",,"6",
,"NA NA","Plantae","6","HIGHERRANK","99","ACCEPTED","KINGDOM","Plantae",,,,,,,"Plantae",,"6",
,"NA NA","Plantae","6","HIGHERRANK","99","ACCEPTED","KINGDOM","Plantae",,,,,,,"Plantae",,"6",
,"NA NA","Plantae","6","HIGHERRANK","99","ACCEPTED","KINGDOM","Plantae",,,,,,,"Plantae",,"6",
,"NA NA","Plantae","6","HIGHERRANK","99","ACCEPTED","KINGDOM","Plantae",,,,,,,"Plantae",,"6",
,"NA NA","Plantae","6","HIGHERRANK","99","ACCEPTED","KINGDOM","Plantae",,,,,,,"Plantae",,"6",
,"NA NA","Plantae","6","HIGHERRANK","99","ACCEPTED","KINGDOM","Plantae",,,,,,,"Plantae",,"6",
,"NA NA","Plantae","6","HIGHERRANK","99","ACCEPTED","KINGDOM","Plantae",,,,,,,"Plantae",,"6",
,"NA NA","Plantae","6","HIGHERRANK","99","ACCEPTED","KINGDOM","Plantae",,,,,,,"Plantae",,"6",
,"NA NA","Plantae","6","HIGHERRANK","99","ACCEPTED","KINGDOM","Plantae",,,,,,,"Plantae",,"6",
,"NA NA","Plantae","6","HIGHERRANK","99","ACCEPTED","KINGDOM","Plantae",,,,,,,"Plantae",,"6",
,"NA NA","Plantae","6","HIGHERRANK","99","ACCEPTED","KINGDOM","Plantae",,,,,,,"Plantae",,"6",
,"NA NA","Plantae","6","HIGHERRANK","99","ACCEPTED","KINGDOM","Plantae",,,,,,,"Plantae",,"6",
,"NA NA","Plantae","6","HIGHERRANK","99","ACCEPTED","KINGDOM","Plantae",,,,,,,"Plantae",,"6",
,"NA NA","Plantae","6","HIGHERRANK","99","ACCEPTED","KINGDOM","Plantae",,,,,,,"Plantae",,"6",
,"NA NA","Plantae","6","HIGHERRANK","99","ACCEPTED","KINGDOM","Plantae",,,,,,,"Plantae",,"6",
,"NA NA","Plantae","6","HIGHERRANK","99","ACCEPTED","KINGDOM","Plantae",,,,,,,"Plantae",,"6",
,"NA NA","Plantae","6","HIGHERRANK","99","ACCEPTED","KINGDOM","Plantae",,,,,,,"Plantae",,"6",
,"NA NA","Plantae","6","HIGHERRANK","99","ACCEPTED","KINGDOM","Plantae",,,,,,,"Plantae",,"6",
,"NA NA","Plantae","6","HIGHERRANK","99","ACCEPTED","KINGDOM","Plantae",,,,,,,"Plantae",,"6",
,"NA NA","Plantae","6","HIGHERRANK","99","ACCEPTED","KINGDOM","Plantae",,,,,,,"Plantae",,"6",
,"NA NA","Plantae","6","HIGHERRANK","99","ACCEPTED","KINGDOM","Plantae",,,,,,,"Plantae",,"6",
,"NA NA","Plantae","6","HIGHERRANK","99","ACCEPTED","KINGDOM","Plantae",,,,,,,"Plantae",,"6",
,"NA NA","Plantae","6","HIGHERRANK","99","ACCEPTED","KINGDOM","Plantae",,,,,,,"Plantae",,"6",
,"NA NA","Plantae","6","HIGHERRANK","99","ACCEPTED","KINGDOM","Plantae",,,,,,,"Plantae",,"6",
,"NA NA","Plantae","6","HIGHERRANK","99","ACCEPTED","KINGDOM","Plantae",,,,,,,"Plantae",,"6",
,"NA NA","Plantae","6","HIGHERRANK","99","ACCEPTED","KINGDOM","Plantae",,,,,,,"Plantae",,"6",
,"NA NA","Plantae","6","HIGHERRANK","99","ACCEPTED","KINGDOM","Plantae",,,,,,,"Plantae",,"6",
,"NA NA","Plantae","6","HIGHERRANK","99","ACCEPTED","KINGDOM","Plantae",,,,,,,"Plantae",,"6",
,"NA NA","Plantae","6","HIGHERRANK","99","ACCEPTED","KINGDOM","Plantae",,,,,,,"Plantae",,"6",
,"NA NA","Plantae","6","HIGHERRANK","99","ACCEPTED","KINGDOM","Plantae",,,,,,,"Plantae",,"6",
,"NA NA","Plantae","6","HIGHERRANK","99","ACCEPTED","KINGDOM","Plantae",,,,,,,"Plantae",,"6",
,"NA NA","Plantae","6","HIGHERRANK","99","ACCEPTED","KINGDOM","Plantae",,,,,,,"Plantae",,"6",
,"NA NA","Plantae","6","HIGHERRANK","99","ACCEPTED","KINGDOM","Plantae",,,,,,,"Plantae",,"6",
,"NA NA","Plantae","6","HIGHERRANK","99","ACCEPTED","KINGDOM","Plantae",,,,,,,"Plantae",,"6",
,"NA NA","Plantae","6","HIGHERRANK","99","ACCEPTED","KINGDOM","Plantae",,,,,,,"Plantae",,"6",
,"NA NA","Plantae","6","HIGHERRANK","99","ACCEPTED","KINGDOM","Plantae",,,,,,,"Plantae",,"6",
,"NA NA","Plantae","6","HIGHERRANK","99","ACCEPTED","KINGDOM","Plantae",,,,,,,"Plantae",,"6",
,"NA NA","Plantae","6","HIGHERRANK","99","ACCEPTED","KINGDOM","Plantae",,,,,,,"Plantae",,"6",
,"NA NA","Plantae","6","HIGHERRANK","99","ACCEPTED","KINGDOM","Plantae",,,,,,,"Plantae",,"6",
,"NA NA","Plantae","6","HIGHERRANK","99","ACCEPTED","KINGDOM","Plantae",,,,,,,"Plantae",,"6",
,"NA NA","Plantae","6","HIGHERRANK","99","ACCEPTED","KINGDOM","Plantae",,,,,,,"Plantae",,"6",
,"NA NA","Plantae","6","HIGHERRANK","99","ACCEPTED","KINGDOM","Plantae",,,,,,,"Plantae",,"6",
,"NA NA","Plantae","6","HIGHERRANK","99","ACCEPTED","KINGDOM","Plantae",,,,,,,"Plantae",,"6",
,"NA NA","Plantae","6","HIGHERRANK","99","ACCEPTED","KINGDOM","Plantae",,,,,,,"Plantae",,"6",
,"NA NA","Plantae","6","HIGHERRANK","99","ACCEPTED","KINGDOM","Plantae",,,,,,,"Plantae",,"6",
,"NA NA","Plantae","6","HIGHERRANK","99","ACCEPTED","KINGDOM","Plantae",,,,,,,"Plantae",,"6",
,"NA NA","Plantae","6","HIGHERRANK","99","ACCEPTED","KINGDOM","Plantae",,,,,,,"Plantae",,"6",
,"NA NA","Plantae","6","HIGHERRANK","99","ACCEPTED","KINGDOM","Plantae",,,,,,,"Plantae",,"6",
,"NA NA","Plantae","6","HIGHERRANK","99","ACCEPTED","KINGDOM","Plantae",,,,,,,"Plantae",,"6",
,"NA NA","Plantae","6","HIGHERRANK","99","ACCEPTED","KINGDOM","Plantae",,,,,,,"Plantae",,"6",
,"NA NA","Plantae","6","HIGHERRANK","99","ACCEPTED","KINGDOM","Plantae",,,,,,,"Plantae",,"6",
,"Eriophyllum lanatum","Eriophyllum lanatum (Pursh) Forbes","3130472","EXACT","100","ACCEPTED","SPECIES","Plantae","Tracheophyta","Magnoliopsida","Asterales","Asteraceae","Eriophyllum","Eriophyllum lanatum","Eriophyllum lanatum","(Pursh) Forbes","3130472",
,"Eriophyllum lanatum","Eriophyllum lanatum (Pursh) Forbes","3130472","EXACT","100","ACCEPTED","SPECIES","Plantae","Tracheophyta","Magnoliopsida","Asterales","Asteraceae","Eriophyllum","Eriophyllum lanatum","Eriophyllum lanatum","(Pursh) Forbes","3130472",
,"Triphysaria versicolor","Triphysaria versicolor Fisch. & C.A.Mey.","3171830","EXACT","100","ACCEPTED","SPECIES","Plantae","Tracheophyta","Magnoliopsida","Lamiales","Orobanchaceae","Triphysaria","Triphysaria versicolor","Triphysaria versicolor","Fisch. & C.A.Mey.","3171830",
,"Toxicoscordion venenosum","Toxicoscordion venenosum (S.Watson) Rydb.","2741783","EXACT","100","ACCEPTED","SPECIES","Plantae","Tracheophyta","Liliopsida","Liliales","Melanthiaceae","Toxicoscordion","Toxicoscordion venenosum","Toxicoscordion venenosum","(S.Watson) Rydb.","2741783",
,"Toxicoscordion venenosum","Toxicoscordion venenosum (S.Watson) Rydb.","2741783","EXACT","100","ACCEPTED","SPECIES","Plantae","Tracheophyta","Liliopsida","Liliales","Melanthiaceae","Toxicoscordion","Toxicoscordion venenosum","Toxicoscordion venenosum","(S.Watson) Rydb.","2741783",
,"Toxicoscordion venenosum","Toxicoscordion venenosum (S.Watson) Rydb.","2741783","EXACT","100","ACCEPTED","SPECIES","Plantae","Tracheophyta","Liliopsida","Liliales","Melanthiaceae","Toxicoscordion","Toxicoscordion venenosum","Toxicoscordion venenosum","(S.Watson) Rydb.","2741783",
,"Myosotis dicsolor","Myosotis discolor Pers.","5341177","FUZZY","96","ACCEPTED","SPECIES","Plantae","Tracheophyta","Magnoliopsida","Boraginales","Boraginaceae","Myosotis","Myosotis discolor","Myosotis discolor","Pers.","5341177",
,"Hosackia gracilis","Hosackia gracilis Benth.","2939904","EXACT","100","ACCEPTED","SPECIES","Plantae","Tracheophyta","Magnoliopsida","Fabales","Fabaceae","Hosackia","Hosackia gracilis","Hosackia gracilis","Benth.","2939904",
,"Myosotis dicsolor","Myosotis discolor Pers.","5341177","FUZZY","96","ACCEPTED","SPECIES","Plantae","Tracheophyta","Magnoliopsida","Boraginales","Boraginaceae","Myosotis","Myosotis discolor","Myosotis discolor","Pers.","5341177",
,"Castilleja levisecta","Castilleja levisecta Greenm.","3170657","EXACT","100","ACCEPTED","SPECIES","Plantae","Tracheophyta","Magnoliopsida","Lamiales","Orobanchaceae","Castilleja","Castilleja levisecta","Castilleja levisecta","Greenm.","3170657",
,"Lomatium nudicaule","Lomatium nudicaule (Nutt.) J.M.Coult. & Rose","3034279","EXACT","100","ACCEPTED","SPECIES","Plantae","Tracheophyta","Magnoliopsida","Apiales","Apiaceae","Lomatium","Lomatium nudicaule","Lomatium nudicaule","(Nutt.) J.M.Coult. & Rose","3034279",
,"Lomatium nudicaule","Lomatium nudicaule (Nutt.) J.M.Coult. & Rose","3034279","EXACT","100","ACCEPTED","SPECIES","Plantae","Tracheophyta","Magnoliopsida","Apiales","Apiaceae","Lomatium","Lomatium nudicaule","Lomatium nudicaule","(Nutt.) J.M.Coult. & Rose","3034279",
,"Lomatium nudicaule","Lomatium nudicaule (Nutt.) J.M.Coult. & Rose","3034279","EXACT","100","ACCEPTED","SPECIES","Plantae","Tracheophyta","Magnoliopsida","Apiales","Apiaceae","Lomatium","Lomatium nudicaule","Lomatium nudicaule","(Nutt.) J.M.Coult. & Rose","3034279",
,"Lomatium nudicaule","Lomatium nudicaule (Nutt.) J.M.Coult. & Rose","3034279","EXACT","100","ACCEPTED","SPECIES","Plantae","Tracheophyta","Magnoliopsida","Apiales","Apiaceae","Lomatium","Lomatium nudicaule","Lomatium nudicaule","(Nutt.) J.M.Coult. & Rose","3034279",
,"Plantago lanceolata","Plantago lanceolata L.","8208358","EXACT","99","ACCEPTED","SPECIES","Plantae","Tracheophyta","Magnoliopsida","Lamiales","Plantaginaceae","Plantago","Plantago lanceolata","Plantago lanceolata","L.","8208358",
,"Ranunculus occidentalis","Ranunculus occidentalis Nutt.","3033353","EXACT","99","ACCEPTED","SPECIES","Plantae","Tracheophyta","Magnoliopsida","Ranunculales","Ranunculaceae","Ranunculus","Ranunculus occidentalis","Ranunculus occidentalis","Nutt.","3033353",
,"Sidalcea virgata","Sidalcea virgata Howell","3939895","EXACT","100","SYNONYM","SPECIES","Plantae","Tracheophyta","Magnoliopsida","Malvales","Malvaceae","Sidalcea","Sidalcea asprella","Sidalcea virgata","Howell","3939895","11160737"
,"cytisus scoparius","Cytisus scoparius (L.) Link","5354656","EXACT","100","ACCEPTED","SPECIES","Plantae","Tracheophyta","Magnoliopsida","Fabales","Fabaceae","Cytisus","Cytisus scoparius","Cytisus scoparius","(L.) Link","5354656",
,"Camassia quamash","Camassia quamash (Pursh) Greene","2769084","EXACT","100","ACCEPTED","SPECIES","Plantae","Tracheophyta","Liliopsida","Asparagales","Asparagaceae","Camassia","Camassia quamash","Camassia quamash","(Pursh) Greene","2769084",
,"Camassia quamash","Camassia quamash (Pursh) Greene","2769084","EXACT","100","ACCEPTED","SPECIES","Plantae","Tracheophyta","Liliopsida","Asparagales","Asparagaceae","Camassia","Camassia quamash","Camassia quamash","(Pursh) Greene","2769084",
,"Camassia quamash","Camassia quamash (Pursh) Greene","2769084","EXACT","100","ACCEPTED","SPECIES","Plantae","Tracheophyta","Liliopsida","Asparagales","Asparagaceae","Camassia","Camassia quamash","Camassia quamash","(Pursh) Greene","2769084",
,"Camassia quamash","Camassia quamash (Pursh) Greene","2769084","EXACT","100","ACCEPTED","SPECIES","Plantae","Tracheophyta","Liliopsida","Asparagales","Asparagaceae","Camassia","Camassia quamash","Camassia quamash","(Pursh) Greene","2769084",
,"Camassia quamash","Camassia quamash (Pursh) Greene","2769084","EXACT","100","ACCEPTED","SPECIES","Plantae","Tracheophyta","Liliopsida","Asparagales","Asparagaceae","Camassia","Camassia quamash","Camassia quamash","(Pursh) Greene","2769084",
,"Camassia quamash","Camassia quamash (Pursh) Greene","2769084","EXACT","100","ACCEPTED","SPECIES","Plantae","Tracheophyta","Liliopsida","Asparagales","Asparagaceae","Camassia","Camassia quamash","Camassia quamash","(Pursh) Greene","2769084",
,"Camassia quamash","Camassia quamash (Pursh) Greene","2769084","EXACT","100","ACCEPTED","SPECIES","Plantae","Tracheophyta","Liliopsida","Asparagales","Asparagaceae","Camassia","Camassia quamash","Camassia quamash","(Pursh) Greene","2769084",
,"Camassia quamash","Camassia quamash (Pursh) Greene","2769084","EXACT","100","ACCEPTED","SPECIES","Plantae","Tracheophyta","Liliopsida","Asparagales","Asparagaceae","Camassia","Camassia quamash","Camassia quamash","(Pursh) Greene","2769084",
,"Camassia quamash","Camassia quamash (Pursh) Greene","2769084","EXACT","100","ACCEPTED","SPECIES","Plantae","Tracheophyta","Liliopsida","Asparagales","Asparagaceae","Camassia","Camassia quamash","Camassia quamash","(Pursh) Greene","2769084",
,"Camassia quamash","Camassia quamash (Pursh) Greene","2769084","EXACT","100","ACCEPTED","SPECIES","Plantae","Tracheophyta","Liliopsida","Asparagales","Asparagaceae","Camassia","Camassia quamash","Camassia quamash","(Pursh) Greene","2769084",
,"Camassia quamash","Camassia quamash (Pursh) Greene","2769084","EXACT","100","ACCEPTED","SPECIES","Plantae","Tracheophyta","Liliopsida","Asparagales","Asparagaceae","Camassia","Camassia quamash","Camassia quamash","(Pursh) Greene","2769084",
,"Camassia quamash","Camassia quamash (Pursh) Greene","2769084","EXACT","100","ACCEPTED","SPECIES","Plantae","Tracheophyta","Liliopsida","Asparagales","Asparagaceae","Camassia","Camassia quamash","Camassia quamash","(Pursh) Greene","2769084",
,"Camassia quamash","Camassia quamash (Pursh) Greene","2769084","EXACT","100","ACCEPTED","SPECIES","Plantae","Tracheophyta","Liliopsida","Asparagales","Asparagaceae","Camassia","Camassia quamash","Camassia quamash","(Pursh) Greene","2769084",
,"Camassia quamash","Camassia quamash (Pursh) Greene","2769084","EXACT","100","ACCEPTED","SPECIES","Plantae","Tracheophyta","Liliopsida","Asparagales","Asparagaceae","Camassia","Camassia quamash","Camassia quamash","(Pursh) Greene","2769084",
,"Camassia quamash","Camassia quamash (Pursh) Greene","2769084","EXACT","100","ACCEPTED","SPECIES","Plantae","Tracheophyta","Liliopsida","Asparagales","Asparagaceae","Camassia","Camassia quamash","Camassia quamash","(Pursh) Greene","2769084",
,"Camassia quamash","Camassia quamash (Pursh) Greene","2769084","EXACT","100","ACCEPTED","SPECIES","Plantae","Tracheophyta","Liliopsida","Asparagales","Asparagaceae","Camassia","Camassia quamash","Camassia quamash","(Pursh) Greene","2769084",
,"Camassia quamash","Camassia quamash (Pursh) Greene","2769084","EXACT","100","ACCEPTED","SPECIES","Plantae","Tracheophyta","Liliopsida","Asparagales","Asparagaceae","Camassia","Camassia quamash","Camassia quamash","(Pursh) Greene","2769084",
,"Camassia quamash","Camassia quamash (Pursh) Greene","2769084","EXACT","100","ACCEPTED","SPECIES","Plantae","Tracheophyta","Liliopsida","Asparagales","Asparagaceae","Camassia","Camassia quamash","Camassia quamash","(Pursh) Greene","2769084",
,"Camassia quamash","Camassia quamash (Pursh) Greene","2769084","EXACT","100","ACCEPTED","SPECIES","Plantae","Tracheophyta","Liliopsida","Asparagales","Asparagaceae","Camassia","Camassia quamash","Camassia quamash","(Pursh) Greene","2769084",
,"Camassia quamash","Camassia quamash (Pursh) Greene","2769084","EXACT","100","ACCEPTED","SPECIES","Plantae","Tracheophyta","Liliopsida","Asparagales","Asparagaceae","Camassia","Camassia quamash","Camassia quamash","(Pursh) Greene","2769084",
,"Camassia quamash","Camassia quamash (Pursh) Greene","2769084","EXACT","100","ACCEPTED","SPECIES","Plantae","Tracheophyta","Liliopsida","Asparagales","Asparagaceae","Camassia","Camassia quamash","Camassia quamash","(Pursh) Greene","2769084",
,"Camassia quamash","Camassia quamash (Pursh) Greene","2769084","EXACT","100","ACCEPTED","SPECIES","Plantae","Tracheophyta","Liliopsida","Asparagales","Asparagaceae","Camassia","Camassia quamash","Camassia quamash","(Pursh) Greene","2769084",
,"Camassia quamash","Camassia quamash (Pursh) Greene","2769084","EXACT","100","ACCEPTED","SPECIES","Plantae","Tracheophyta","Liliopsida","Asparagales","Asparagaceae","Camassia","Camassia quamash","Camassia quamash","(Pursh) Greene","2769084",
,"Camassia quamash","Camassia quamash (Pursh) Greene","2769084","EXACT","100","ACCEPTED","SPECIES","Plantae","Tracheophyta","Liliopsida","Asparagales","Asparagaceae","Camassia","Camassia quamash","Camassia quamash","(Pursh) Greene","2769084",
,"Camassia quamash","Camassia quamash (Pursh) Greene","2769084","EXACT","100","ACCEPTED","SPECIES","Plantae","Tracheophyta","Liliopsida","Asparagales","Asparagaceae","Camassia","Camassia quamash","Camassia quamash","(Pursh) Greene","2769084",
,"Camassia quamash","Camassia quamash (Pursh) Greene","2769084","EXACT","100","ACCEPTED","SPECIES","Plantae","Tracheophyta","Liliopsida","Asparagales","Asparagaceae","Camassia","Camassia quamash","Camassia quamash","(Pursh) Greene","2769084",
,"Camassia quamash","Camassia quamash (Pursh) Greene","2769084","EXACT","100","ACCEPTED","SPECIES","Plantae","Tracheophyta","Liliopsida","Asparagales","Asparagaceae","Camassia","Camassia quamash","Camassia quamash","(Pursh) Greene","2769084",
,"Camassia quamash","Camassia quamash (Pursh) Greene","2769084","EXACT","100","ACCEPTED","SPECIES","Plantae","Tracheophyta","Liliopsida","Asparagales","Asparagaceae","Camassia","Camassia quamash","Camassia quamash","(Pursh) Greene","2769084",
,"Camassia quamash","Camassia quamash (Pursh) Greene","2769084","EXACT","100","ACCEPTED","SPECIES","Plantae","Tracheophyta","Liliopsida","Asparagales","Asparagaceae","Camassia","Camassia quamash","Camassia quamash","(Pursh) Greene","2769084",
,"Camassia quamash","Camassia quamash (Pursh) Greene","2769084","EXACT","100","ACCEPTED","SPECIES","Plantae","Tracheophyta","Liliopsida","Asparagales","Asparagaceae","Camassia","Camassia quamash","Camassia quamash","(Pursh) Greene","2769084",
,"Camassia quamash","Camassia quamash (Pursh) Greene","2769084","EXACT","100","ACCEPTED","SPECIES","Plantae","Tracheophyta","Liliopsida","Asparagales","Asparagaceae","Camassia","Camassia quamash","Camassia quamash","(Pursh) Greene","2769084",
,"Camassia quamash","Camassia quamash (Pursh) Greene","2769084","EXACT","100","ACCEPTED","SPECIES","Plantae","Tracheophyta","Liliopsida","Asparagales","Asparagaceae","Camassia","Camassia quamash","Camassia quamash","(Pursh) Greene","2769084",
,"Camassia quamash","Camassia quamash (Pursh) Greene","2769084","EXACT","100","ACCEPTED","SPECIES","Plantae","Tracheophyta","Liliopsida","Asparagales","Asparagaceae","Camassia","Camassia quamash","Camassia quamash","(Pursh) Greene","2769084",
,"Camassia quamash","Camassia quamash (Pursh) Greene","2769084","EXACT","100","ACCEPTED","SPECIES","Plantae","Tracheophyta","Liliopsida","Asparagales","Asparagaceae","Camassia","Camassia quamash","Camassia quamash","(Pursh) Greene","2769084",
,"Camassia quamash","Camassia quamash (Pursh) Greene","2769084","EXACT","100","ACCEPTED","SPECIES","Plantae","Tracheophyta","Liliopsida","Asparagales","Asparagaceae","Camassia","Camassia quamash","Camassia quamash","(Pursh) Greene","2769084",
,"Camassia quamash","Camassia quamash (Pursh) Greene","2769084","EXACT","100","ACCEPTED","SPECIES","Plantae","Tracheophyta","Liliopsida","Asparagales","Asparagaceae","Camassia","Camassia quamash","Camassia quamash","(Pursh) Greene","2769084",
,"Toxicoscordion venenosum","Toxicoscordion venenosum (S.Watson) Rydb.","2741783","EXACT","100","ACCEPTED","SPECIES","Plantae","Tracheophyta","Liliopsida","Liliales","Melanthiaceae","Toxicoscordion","Toxicoscordion venenosum","Toxicoscordion venenosum","(S.Watson) Rydb.","2741783",
,"Toxicoscordion venenosum","Toxicoscordion venenosum (S.Watson) Rydb.","2741783","EXACT","100","ACCEPTED","SPECIES","Plantae","Tracheophyta","Liliopsida","Liliales","Melanthiaceae","Toxicoscordion","Toxicoscordion venenosum","Toxicoscordion venenosum","(S.Watson) Rydb.","2741783",
,"Toxicoscordion venenosum","Toxicoscordion venenosum (S.Watson) Rydb.","2741783","EXACT","100","ACCEPTED","SPECIES","Plantae","Tracheophyta","Liliopsida","Liliales","Melanthiaceae","Toxicoscordion","Toxicoscordion venenosum","Toxicoscordion venenosum","(S.Watson) Rydb.","2741783",
,"Toxicoscordion venenosum","Toxicoscordion venenosum (S.Watson) Rydb.","2741783","EXACT","100","ACCEPTED","SPECIES","Plantae","Tracheophyta","Liliopsida","Liliales","Melanthiaceae","Toxicoscordion","Toxicoscordion venenosum","Toxicoscordion venenosum","(S.Watson) Rydb.","2741783",
,"Toxicoscordion venenosum","Toxicoscordion venenosum (S.Watson) Rydb.","2741783","EXACT","100","ACCEPTED","SPECIES","Plantae","Tracheophyta","Liliopsida","Liliales","Melanthiaceae","Toxicoscordion","Toxicoscordion venenosum","Toxicoscordion venenosum","(S.Watson) Rydb.","2741783",
,"Toxicoscordion venenosum","Toxicoscordion venenosum (S.Watson) Rydb.","2741783","EXACT","100","ACCEPTED","SPECIES","Plantae","Tracheophyta","Liliopsida","Liliales","Melanthiaceae","Toxicoscordion","Toxicoscordion venenosum","Toxicoscordion venenosum","(S.Watson) Rydb.","2741783",
,"Myosotis dicsolor","Myosotis discolor Pers.","5341177","FUZZY","96","ACCEPTED","SPECIES","Plantae","Tracheophyta","Magnoliopsida","Boraginales","Boraginaceae","Myosotis","Myosotis discolor","Myosotis discolor","Pers.","5341177",
,"Ranunculus occidentalis","Ranunculus occidentalis Nutt.","3033353","EXACT","99","ACCEPTED","SPECIES","Plantae","Tracheophyta","Magnoliopsida","Ranunculales","Ranunculaceae","Ranunculus","Ranunculus occidentalis","Ranunculus occidentalis","Nutt.","3033353",
,"Ranunculus occidentalis","Ranunculus occidentalis Nutt.","3033353","EXACT","99","ACCEPTED","SPECIES","Plantae","Tracheophyta","Magnoliopsida","Ranunculales","Ranunculaceae","Ranunculus","Ranunculus occidentalis","Ranunculus occidentalis","Nutt.","3033353",
,"Raphanus sativus","Raphanus sativus L.","7678610","EXACT","100","ACCEPTED","SPECIES","Plantae","Tracheophyta","Magnoliopsida","Brassicales","Brassicaceae","Raphanus","Raphanus sativus","Raphanus sativus","L.","7678610",
,"Raphanus sativus","Raphanus sativus L.","7678610","EXACT","100","ACCEPTED","SPECIES","Plantae","Tracheophyta","Magnoliopsida","Brassicales","Brassicaceae","Raphanus","Raphanus sativus","Raphanus sativus","L.","7678610",
,"Raphanus sativus","Raphanus sativus L.","7678610","EXACT","100","ACCEPTED","SPECIES","Plantae","Tracheophyta","Magnoliopsida","Brassicales","Brassicaceae","Raphanus","Raphanus sativus","Raphanus sativus","L.","7678610",
,"Heracleum maximum","Heracleum maximum W.Bartram","3034826","EXACT","100","ACCEPTED","SPECIES","Plantae","Tracheophyta","Magnoliopsida","Apiales","Apiaceae","Heracleum","Heracleum maximum","Heracleum maximum","W.Bartram","3034826",
,"Heracleum maximum","Heracleum maximum W.Bartram","3034826","EXACT","100","ACCEPTED","SPECIES","Plantae","Tracheophyta","Magnoliopsida","Apiales","Apiaceae","Heracleum","Heracleum maximum","Heracleum maximum","W.Bartram","3034826",
,"Heracleum maximum","Heracleum maximum W.Bartram","3034826","EXACT","100","ACCEPTED","SPECIES","Plantae","Tracheophyta","Magnoliopsida","Apiales","Apiaceae","Heracleum","Heracleum maximum","Heracleum maximum","W.Bartram","3034826",
,"Heracleum maximum","Heracleum maximum W.Bartram","3034826","EXACT","100","ACCEPTED","SPECIES","Plantae","Tracheophyta","Magnoliopsida","Apiales","Apiaceae","Heracleum","Heracleum maximum","Heracleum maximum","W.Bartram","3034826",
,"Heracleum maximum","Heracleum maximum W.Bartram","3034826","EXACT","100","ACCEPTED","SPECIES","Plantae","Tracheophyta","Magnoliopsida","Apiales","Apiaceae","Heracleum","Heracleum maximum","Heracleum maximum","W.Bartram","3034826",
,"Heracleum maximum","Heracleum maximum W.Bartram","3034826","EXACT","100","ACCEPTED","SPECIES","Plantae","Tracheophyta","Magnoliopsida","Apiales","Apiaceae","Heracleum","Heracleum maximum","Heracleum maximum","W.Bartram","3034826",
,"Heracleum maximum","Heracleum maximum W.Bartram","3034826","EXACT","100","ACCEPTED","SPECIES","Plantae","Tracheophyta","Magnoliopsida","Apiales","Apiaceae","Heracleum","Heracleum maximum","Heracleum maximum","W.Bartram","3034826",
,"Heracleum maximum","Heracleum maximum W.Bartram","3034826","EXACT","100","ACCEPTED","SPECIES","Plantae","Tracheophyta","Magnoliopsida","Apiales","Apiaceae","Heracleum","Heracleum maximum","Heracleum maximum","W.Bartram","3034826",
,"Heracleum maximum","Heracleum maximum W.Bartram","3034826","EXACT","100","ACCEPTED","SPECIES","Plantae","Tracheophyta","Magnoliopsida","Apiales","Apiaceae","Heracleum","Heracleum maximum","Heracleum maximum","W.Bartram","3034826",
,"Heracleum maximum","Heracleum maximum W.Bartram","3034826","EXACT","100","ACCEPTED","SPECIES","Plantae","Tracheophyta","Magnoliopsida","Apiales","Apiaceae","Heracleum","Heracleum maximum","Heracleum maximum","W.Bartram","3034826",
,"Heracleum maximum","Heracleum maximum W.Bartram","3034826","EXACT","100","ACCEPTED","SPECIES","Plantae","Tracheophyta","Magnoliopsida","Apiales","Apiaceae","Heracleum","Heracleum maximum","Heracleum maximum","W.Bartram","3034826",
,"Heracleum maximum","Heracleum maximum W.Bartram","3034826","EXACT","100","ACCEPTED","SPECIES","Plantae","Tracheophyta","Magnoliopsida","Apiales","Apiaceae","Heracleum","Heracleum maximum","Heracleum maximum","W.Bartram","3034826",
,"Sidalcea campestris","Sidalcea campestris Greene","3152730","EXACT","100","ACCEPTED","SPECIES","Plantae","Tracheophyta","Magnoliopsida","Malvales","Malvaceae","Sidalcea","Sidalcea campestris","Sidalcea campestris","Greene","3152730",
,"Eriophyllum lanatum","Eriophyllum lanatum (Pursh) Forbes","3130472","EXACT","100","ACCEPTED","SPECIES","Plantae","Tracheophyta","Magnoliopsida","Asterales","Asteraceae","Eriophyllum","Eriophyllum lanatum","Eriophyllum lanatum","(Pursh) Forbes","3130472",
,"Lomatium nudicaule","Lomatium nudicaule (Nutt.) J.M.Coult. & Rose","3034279","EXACT","100","ACCEPTED","SPECIES","Plantae","Tracheophyta","Magnoliopsida","Apiales","Apiaceae","Lomatium","Lomatium nudicaule","Lomatium nudicaule","(Nutt.) J.M.Coult. & Rose","3034279",
,"Leucanthemum vulgare","Leucanthemum vulgare Lam.","8848598","EXACT","100","ACCEPTED","SPECIES","Plantae","Tracheophyta","Magnoliopsida","Asterales","Asteraceae","Leucanthemum","Leucanthemum vulgare","Leucanthemum vulgare","Lam.","8848598",
,"Leucanthemum vulgare","Leucanthemum vulgare Lam.","8848598","EXACT","100","ACCEPTED","SPECIES","Plantae","Tracheophyta","Magnoliopsida","Asterales","Asteraceae","Leucanthemum","Leucanthemum vulgare","Leucanthemum vulgare","Lam.","8848598",
,"Leucanthemum vulgare","Leucanthemum vulgare Lam.","8848598","EXACT","100","ACCEPTED","SPECIES","Plantae","Tracheophyta","Magnoliopsida","Asterales","Asteraceae","Leucanthemum","Leucanthemum vulgare","Leucanthemum vulgare","Lam.","8848598",
,"Leucanthemum vulgare","Leucanthemum vulgare Lam.","8848598","EXACT","100","ACCEPTED","SPECIES","Plantae","Tracheophyta","Magnoliopsida","Asterales","Asteraceae","Leucanthemum","Leucanthemum vulgare","Leucanthemum vulgare","Lam.","8848598",
,"Leucanthemum vulgare","Leucanthemum vulgare Lam.","8848598","EXACT","100","ACCEPTED","SPECIES","Plantae","Tracheophyta","Magnoliopsida","Asterales","Asteraceae","Leucanthemum","Leucanthemum vulgare","Leucanthemum vulgare","Lam.","8848598",
,"Potentilla gracilis","Potentilla gracilis Douglas ex Hook.","5365416","EXACT","99","ACCEPTED","SPECIES","Plantae","Tracheophyta","Magnoliopsida","Rosales","Rosaceae","Potentilla","Potentilla gracilis","Potentilla gracilis","Douglas ex Hook.","5365416",
,"Potentilla gracilis","Potentilla gracilis Douglas ex Hook.","5365416","EXACT","99","ACCEPTED","SPECIES","Plantae","Tracheophyta","Magnoliopsida","Rosales","Rosaceae","Potentilla","Potentilla gracilis","Potentilla gracilis","Douglas ex Hook.","5365416",
,"Sidalcea virgata","Sidalcea virgata Howell","3939895","EXACT","100","SYNONYM","SPECIES","Plantae","Tracheophyta","Magnoliopsida","Malvales","Malvaceae","Sidalcea","Sidalcea asprella","Sidalcea virgata","Howell","3939895","11160737"
,"Sidalcea virgata","Sidalcea virgata Howell","3939895","EXACT","100","SYNONYM","SPECIES","Plantae","Tracheophyta","Magnoliopsida","Malvales","Malvaceae","Sidalcea","Sidalcea asprella","Sidalcea virgata","Howell","3939895","11160737"
,"Sidalcea virgata","Sidalcea virgata Howell","3939895","EXACT","100","SYNONYM","SPECIES","Plantae","Tracheophyta","Magnoliopsida","Malvales","Malvaceae","Sidalcea","Sidalcea asprella","Sidalcea virgata","Howell","3939895","11160737"
,"Lomatium nudicaule","Lomatium nudicaule (Nutt.) J.M.Coult. & Rose","3034279","EXACT","100","ACCEPTED","SPECIES","Plantae","Tracheophyta","Magnoliopsida","Apiales","Apiaceae","Lomatium","Lomatium nudicaule","Lomatium nudicaule","(Nutt.) J.M.Coult. & Rose","3034279",
,"Lomatium nudicaule","Lomatium nudicaule (Nutt.) J.M.Coult. & Rose","3034279","EXACT","100","ACCEPTED","SPECIES","Plantae","Tracheophyta","Magnoliopsida","Apiales","Apiaceae","Lomatium","Lomatium nudicaule","Lomatium nudicaule","(Nutt.) J.M.Coult. & Rose","3034279",
,"Lomatium nudicaule","Lomatium nudicaule (Nutt.) J.M.Coult. & Rose","3034279","EXACT","100","ACCEPTED","SPECIES","Plantae","Tracheophyta","Magnoliopsida","Apiales","Apiaceae","Lomatium","Lomatium nudicaule","Lomatium nudicaule","(Nutt.) J.M.Coult. & Rose","3034279",
,"Lomatium nudicaule","Lomatium nudicaule (Nutt.) J.M.Coult. & Rose","3034279","EXACT","100","ACCEPTED","SPECIES","Plantae","Tracheophyta","Magnoliopsida","Apiales","Apiaceae","Lomatium","Lomatium nudicaule","Lomatium nudicaule","(Nutt.) J.M.Coult. & Rose","3034279",
,"Lomatium nudicaule","Lomatium nudicaule (Nutt.) J.M.Coult. & Rose","3034279","EXACT","100","ACCEPTED","SPECIES","Plantae","Tracheophyta","Magnoliopsida","Apiales","Apiaceae","Lomatium","Lomatium nudicaule","Lomatium nudicaule","(Nutt.) J.M.Coult. & Rose","3034279",
,"Lomatium nudicaule","Lomatium nudicaule (Nutt.) J.M.Coult. & Rose","3034279","EXACT","100","ACCEPTED","SPECIES","Plantae","Tracheophyta","Magnoliopsida","Apiales","Apiaceae","Lomatium","Lomatium nudicaule","Lomatium nudicaule","(Nutt.) J.M.Coult. & Rose","3034279",
,"Lomatium nudicaule","Lomatium nudicaule (Nutt.) J.M.Coult. & Rose","3034279","EXACT","100","ACCEPTED","SPECIES","Plantae","Tracheophyta","Magnoliopsida","Apiales","Apiaceae","Lomatium","Lomatium nudicaule","Lomatium nudicaule","(Nutt.) J.M.Coult. & Rose","3034279",
,"Lomatium nudicaule","Lomatium nudicaule (Nutt.) J.M.Coult. & Rose","3034279","EXACT","100","ACCEPTED","SPECIES","Plantae","Tracheophyta","Magnoliopsida","Apiales","Apiaceae","Lomatium","Lomatium nudicaule","Lomatium nudicaule","(Nutt.) J.M.Coult. & Rose","3034279",
,"Lomatium nudicaule","Lomatium nudicaule (Nutt.) J.M.Coult. & Rose","3034279","EXACT","100","ACCEPTED","SPECIES","Plantae","Tracheophyta","Magnoliopsida","Apiales","Apiaceae","Lomatium","Lomatium nudicaule","Lomatium nudicaule","(Nutt.) J.M.Coult. & Rose","3034279",
,"Lomatium nudicaule","Lomatium nudicaule (Nutt.) J.M.Coult. & Rose","3034279","EXACT","100","ACCEPTED","SPECIES","Plantae","Tracheophyta","Magnoliopsida","Apiales","Apiaceae","Lomatium","Lomatium nudicaule","Lomatium nudicaule","(Nutt.) J.M.Coult. & Rose","3034279",
,"Lomatium nudicaule","Lomatium nudicaule (Nutt.) J.M.Coult. & Rose","3034279","EXACT","100","ACCEPTED","SPECIES","Plantae","Tracheophyta","Magnoliopsida","Apiales","Apiaceae","Lomatium","Lomatium nudicaule","Lomatium nudicaule","(Nutt.) J.M.Coult. & Rose","3034279",
,"Lomatium nudicaule","Lomatium nudicaule (Nutt.) J.M.Coult. & Rose","3034279","EXACT","100","ACCEPTED","SPECIES","Plantae","Tracheophyta","Magnoliopsida","Apiales","Apiaceae","Lomatium","Lomatium nudicaule","Lomatium nudicaule","(Nutt.) J.M.Coult. & Rose","3034279",
,"Lomatium nudicaule","Lomatium nudicaule (Nutt.) J.M.Coult. & Rose","3034279","EXACT","100","ACCEPTED","SPECIES","Plantae","Tracheophyta","Magnoliopsida","Apiales","Apiaceae","Lomatium","Lomatium nudicaule","Lomatium nudicaule","(Nutt.) J.M.Coult. & Rose","3034279",
,"Lomatium nudicaule","Lomatium nudicaule (Nutt.) J.M.Coult. & Rose","3034279","EXACT","100","ACCEPTED","SPECIES","Plantae","Tracheophyta","Magnoliopsida","Apiales","Apiaceae","Lomatium","Lomatium nudicaule","Lomatium nudicaule","(Nutt.) J.M.Coult. & Rose","3034279",
,"Lomatium nudicaule","Lomatium nudicaule (Nutt.) J.M.Coult. & Rose","3034279","EXACT","100","ACCEPTED","SPECIES","Plantae","Tracheophyta","Magnoliopsida","Apiales","Apiaceae","Lomatium","Lomatium nudicaule","Lomatium nudicaule","(Nutt.) J.M.Coult. & Rose","3034279",
,"Lomatium nudicaule","Lomatium nudicaule (Nutt.) J.M.Coult. & Rose","3034279","EXACT","100","ACCEPTED","SPECIES","Plantae","Tracheophyta","Magnoliopsida","Apiales","Apiaceae","Lomatium","Lomatium nudicaule","Lomatium nudicaule","(Nutt.) J.M.Coult. & Rose","3034279",
,"Rumex acetosella","Rumex acetosella L.","2888995","EXACT","99","ACCEPTED","SPECIES","Plantae","Tracheophyta","Magnoliopsida","Caryophyllales","Polygonaceae","Rumex","Rumex acetosella","Rumex acetosella","L.","2888995",
,"Sidalcea virgata","Sidalcea virgata Howell","3939895","EXACT","100","SYNONYM","SPECIES","Plantae","Tracheophyta","Magnoliopsida","Malvales","Malvaceae","Sidalcea","Sidalcea asprella","Sidalcea virgata","Howell","3939895","11160737"
,"Castilleja levisecta","Castilleja levisecta Greenm.","3170657","EXACT","100","ACCEPTED","SPECIES","Plantae","Tracheophyta","Magnoliopsida","Lamiales","Orobanchaceae","Castilleja","Castilleja levisecta","Castilleja levisecta","Greenm.","3170657",
,"Acmispon parviflorus","Acmispon parviflorus (Benth.) D.D.Sokoloff","2975796","EXACT","100","ACCEPTED","SPECIES","Plantae","Tracheophyta","Magnoliopsida","Fabales","Fabaceae","Acmispon","Acmispon parviflorus","Acmispon parviflorus","(Benth.) D.D.Sokoloff","2975796",
,"Lupinus oreganus","Lupinus oreganus A.Heller","2963785","EXACT","100","ACCEPTED","SPECIES","Plantae","Tracheophyta","Magnoliopsida","Fabales","Fabaceae","Lupinus","Lupinus oreganus","Lupinus oreganus","A.Heller","2963785",
,"Lupinus oreganus","Lupinus oreganus A.Heller","2963785","EXACT","100","ACCEPTED","SPECIES","Plantae","Tracheophyta","Magnoliopsida","Fabales","Fabaceae","Lupinus","Lupinus oreganus","Lupinus oreganus","A.Heller","2963785",
,"Plantago lanceolata","Plantago lanceolata L.","8208358","EXACT","99","ACCEPTED","SPECIES","Plantae","Tracheophyta","Magnoliopsida","Lamiales","Plantaginaceae","Plantago","Plantago lanceolata","Plantago lanceolata","L.","8208358",
,"Vicia sativa","Vicia sativa L.","2975014","EXACT","99","ACCEPTED","SPECIES","Plantae","Tracheophyta","Magnoliopsida","Fabales","Fabaceae","Vicia","Vicia sativa","Vicia sativa","L.","2975014",
,"Vicia sativa","Vicia sativa L.","2975014","EXACT","99","ACCEPTED","SPECIES","Plantae","Tracheophyta","Magnoliopsida","Fabales","Fabaceae","Vicia","Vicia sativa","Vicia sativa","L.","2975014",
,"Potentilla gracilis","Potentilla gracilis Douglas ex Hook.","5365416","EXACT","99","ACCEPTED","SPECIES","Plantae","Tracheophyta","Magnoliopsida","Rosales","Rosaceae","Potentilla","Potentilla gracilis","Potentilla gracilis","Douglas ex Hook.","5365416",
,"Potentilla gracilis","Potentilla gracilis Douglas ex Hook.","5365416","EXACT","99","ACCEPTED","SPECIES","Plantae","Tracheophyta","Magnoliopsida","Rosales","Rosaceae","Potentilla","Potentilla gracilis","Potentilla gracilis","Douglas ex Hook.","5365416",
,"Potentilla gracilis","Potentilla gracilis Douglas ex Hook.","5365416","EXACT","99","ACCEPTED","SPECIES","Plantae","Tracheophyta","Magnoliopsida","Rosales","Rosaceae","Potentilla","Potentilla gracilis","Potentilla gracilis","Douglas ex Hook.","5365416",
,"Potentilla gracilis","Potentilla gracilis Douglas ex Hook.","5365416","EXACT","99","ACCEPTED","SPECIES","Plantae","Tracheophyta","Magnoliopsida","Rosales","Rosaceae","Potentilla","Potentilla gracilis","Potentilla gracilis","Douglas ex Hook.","5365416",
,"Potentilla gracilis","Potentilla gracilis Douglas ex Hook.","5365416","EXACT","99","ACCEPTED","SPECIES","Plantae","Tracheophyta","Magnoliopsida","Rosales","Rosaceae","Potentilla","Potentilla gracilis","Potentilla gracilis","Douglas ex Hook.","5365416",
,"Potentilla gracilis","Potentilla gracilis Douglas ex Hook.","5365416","EXACT","99","ACCEPTED","SPECIES","Plantae","Tracheophyta","Magnoliopsida","Rosales","Rosaceae","Potentilla","Potentilla gracilis","Potentilla gracilis","Douglas ex Hook.","5365416",
,"Potentilla gracilis","Potentilla gracilis Douglas ex Hook.","5365416","EXACT","99","ACCEPTED","SPECIES","Plantae","Tracheophyta","Magnoliopsida","Rosales","Rosaceae","Potentilla","Potentilla gracilis","Potentilla gracilis","Douglas ex Hook.","5365416",
,"Potentilla gracilis","Potentilla gracilis Douglas ex Hook.","5365416","EXACT","99","ACCEPTED","SPECIES","Plantae","Tracheophyta","Magnoliopsida","Rosales","Rosaceae","Potentilla","Potentilla gracilis","Potentilla gracilis","Douglas ex Hook.","5365416",
,"Potentilla gracilis","Potentilla gracilis Douglas ex Hook.","5365416","EXACT","99","ACCEPTED","SPECIES","Plantae","Tracheophyta","Magnoliopsida","Rosales","Rosaceae","Potentilla","Potentilla gracilis","Potentilla gracilis","Douglas ex Hook.","5365416",
,"Potentilla gracilis","Potentilla gracilis Douglas ex Hook.","5365416","EXACT","99","ACCEPTED","SPECIES","Plantae","Tracheophyta","Magnoliopsida","Rosales","Rosaceae","Potentilla","Potentilla gracilis","Potentilla gracilis","Douglas ex Hook.","5365416",
,"Potentilla gracilis","Potentilla gracilis Douglas ex Hook.","5365416","EXACT","99","ACCEPTED","SPECIES","Plantae","Tracheophyta","Magnoliopsida","Rosales","Rosaceae","Potentilla","Potentilla gracilis","Potentilla gracilis","Douglas ex Hook.","5365416",
,"Vicia sativa","Vicia sativa L.","2975014","EXACT","99","ACCEPTED","SPECIES","Plantae","Tracheophyta","Magnoliopsida","Fabales","Fabaceae","Vicia","Vicia sativa","Vicia sativa","L.","2975014",
,"Vicia hirsuta","Vicia hirsuta (L.) Gray","2975328","EXACT","99","ACCEPTED","SPECIES","Plantae","Tracheophyta","Magnoliopsida","Fabales","Fabaceae","Vicia","Vicia hirsuta","Vicia hirsuta","(L.) Gray","2975328",
,"Acmispon parviflorus","Acmispon parviflorus (Benth.) D.D.Sokoloff","2975796","EXACT","100","ACCEPTED","SPECIES","Plantae","Tracheophyta","Magnoliopsida","Fabales","Fabaceae","Acmispon","Acmispon parviflorus","Acmispon parviflorus","(Benth.) D.D.Sokoloff","2975796",
,"Linum bienne","Linum bienne Mill.","2873896","EXACT","100","ACCEPTED","SPECIES","Plantae","Tracheophyta","Magnoliopsida","Malpighiales","Linaceae","Linum","Linum bienne","Linum bienne","Mill.","2873896",
,"Plantago lanceolata","Plantago lanceolata L.","8208358","EXACT","99","ACCEPTED","SPECIES","Plantae","Tracheophyta","Magnoliopsida","Lamiales","Plantaginaceae","Plantago","Plantago lanceolata","Plantago lanceolata","L.","8208358",
,"Myosotis dicsolor","Myosotis discolor Pers.","5341177","FUZZY","96","ACCEPTED","SPECIES","Plantae","Tracheophyta","Magnoliopsida","Boraginales","Boraginaceae","Myosotis","Myosotis discolor","Myosotis discolor","Pers.","5341177",
,"Castilleja levisecta","Castilleja levisecta Greenm.","3170657","EXACT","100","ACCEPTED","SPECIES","Plantae","Tracheophyta","Magnoliopsida","Lamiales","Orobanchaceae","Castilleja","Castilleja levisecta","Castilleja levisecta","Greenm.","3170657",
,"Geramium dissectum","Geranium dissectum L.","2890040","FUZZY","89","ACCEPTED","SPECIES","Plantae","Tracheophyta","Magnoliopsida","Geraniales","Geraniaceae","Geranium","Geranium dissectum","Geranium dissectum","L.","2890040",
,"Castilleja levisecta","Castilleja levisecta Greenm.","3170657","EXACT","100","ACCEPTED","SPECIES","Plantae","Tracheophyta","Magnoliopsida","Lamiales","Orobanchaceae","Castilleja","Castilleja levisecta","Castilleja levisecta","Greenm.","3170657",
,"Geramium dissectum","Geranium dissectum L.","2890040","FUZZY","89","ACCEPTED","SPECIES","Plantae","Tracheophyta","Magnoliopsida","Geraniales","Geraniaceae","Geranium","Geranium dissectum","Geranium dissectum","L.","2890040",
,"Brassica rapa","Brassica rapa L.","7903057","EXACT","99","ACCEPTED","SPECIES","Plantae","Tracheophyta","Magnoliopsida","Brassicales","Brassicaceae","Brassica","Brassica rapa","Brassica rapa","L.","7903057",
,"Raphanus sativus","Raphanus sativus L.","7678610","EXACT","100","ACCEPTED","SPECIES","Plantae","Tracheophyta","Magnoliopsida","Brassicales","Brassicaceae","Raphanus","Raphanus sativus","Raphanus sativus","L.","7678610",
,"Raphanus sativus","Raphanus sativus L.","7678610","EXACT","100","ACCEPTED","SPECIES","Plantae","Tracheophyta","Magnoliopsida","Brassicales","Brassicaceae","Raphanus","Raphanus sativus","Raphanus sativus","L.","7678610",
,"Heracleum maximum","Heracleum maximum W.Bartram","3034826","EXACT","100","ACCEPTED","SPECIES","Plantae","Tracheophyta","Magnoliopsida","Apiales","Apiaceae","Heracleum","Heracleum maximum","Heracleum maximum","W.Bartram","3034826",
,"Heracleum maximum","Heracleum maximum W.Bartram","3034826","EXACT","100","ACCEPTED","SPECIES","Plantae","Tracheophyta","Magnoliopsida","Apiales","Apiaceae","Heracleum","Heracleum maximum","Heracleum maximum","W.Bartram","3034826",
,"Heracleum maximum","Heracleum maximum W.Bartram","3034826","EXACT","100","ACCEPTED","SPECIES","Plantae","Tracheophyta","Magnoliopsida","Apiales","Apiaceae","Heracleum","Heracleum maximum","Heracleum maximum","W.Bartram","3034826",
,"Heracleum maximum","Heracleum maximum W.Bartram","3034826","EXACT","100","ACCEPTED","SPECIES","Plantae","Tracheophyta","Magnoliopsida","Apiales","Apiaceae","Heracleum","Heracleum maximum","Heracleum maximum","W.Bartram","3034826",
,"Heracleum maximum","Heracleum maximum W.Bartram","3034826","EXACT","100","ACCEPTED","SPECIES","Plantae","Tracheophyta","Magnoliopsida","Apiales","Apiaceae","Heracleum","Heracleum maximum","Heracleum maximum","W.Bartram","3034826",
,"Heracleum maximum","Heracleum maximum W.Bartram","3034826","EXACT","100","ACCEPTED","SPECIES","Plantae","Tracheophyta","Magnoliopsida","Apiales","Apiaceae","Heracleum","Heracleum maximum","Heracleum maximum","W.Bartram","3034826",
,"Heracleum maximum","Heracleum maximum W.Bartram","3034826","EXACT","100","ACCEPTED","SPECIES","Plantae","Tracheophyta","Magnoliopsida","Apiales","Apiaceae","Heracleum","Heracleum maximum","Heracleum maximum","W.Bartram","3034826",
,"Heracleum maximum","Heracleum maximum W.Bartram","3034826","EXACT","100","ACCEPTED","SPECIES","Plantae","Tracheophyta","Magnoliopsida","Apiales","Apiaceae","Heracleum","Heracleum maximum","Heracleum maximum","W.Bartram","3034826",
,"Sidalcea virgata","Sidalcea virgata Howell","3939895","EXACT","100","SYNONYM","SPECIES","Plantae","Tracheophyta","Magnoliopsida","Malvales","Malvaceae","Sidalcea","Sidalcea asprella","Sidalcea virgata","Howell","3939895","11160737"
,"Sidalcea virgata","Sidalcea virgata Howell","3939895","EXACT","100","SYNONYM","SPECIES","Plantae","Tracheophyta","Magnoliopsida","Malvales","Malvaceae","Sidalcea","Sidalcea asprella","Sidalcea virgata","Howell","3939895","11160737"
,"Castilleja levisecta","Castilleja levisecta Greenm.","3170657","EXACT","100","ACCEPTED","SPECIES","Plantae","Tracheophyta","Magnoliopsida","Lamiales","Orobanchaceae","Castilleja","Castilleja levisecta","Castilleja levisecta","Greenm.","3170657",
,"Castilleja levisecta","Castilleja levisecta Greenm.","3170657","EXACT","100","ACCEPTED","SPECIES","Plantae","Tracheophyta","Magnoliopsida","Lamiales","Orobanchaceae","Castilleja","Castilleja levisecta","Castilleja levisecta","Greenm.","3170657",
,"Sidalcea virgata","Sidalcea virgata Howell","3939895","EXACT","100","SYNONYM","SPECIES","Plantae","Tracheophyta","Magnoliopsida","Malvales","Malvaceae","Sidalcea","Sidalcea asprella","Sidalcea virgata","Howell","3939895","11160737"
,"Sidalcea virgata","Sidalcea virgata Howell","3939895","EXACT","100","SYNONYM","SPECIES","Plantae","Tracheophyta","Magnoliopsida","Malvales","Malvaceae","Sidalcea","Sidalcea asprella","Sidalcea virgata","Howell","3939895","11160737"
,"Acmispon parviflorus","Acmispon parviflorus (Benth.) D.D.Sokoloff","2975796","EXACT","100","ACCEPTED","SPECIES","Plantae","Tracheophyta","Magnoliopsida","Fabales","Fabaceae","Acmispon","Acmispon parviflorus","Acmispon parviflorus","(Benth.) D.D.Sokoloff","2975796",
,"Plantago lanceolata","Plantago lanceolata L.","8208358","EXACT","99","ACCEPTED","SPECIES","Plantae","Tracheophyta","Magnoliopsida","Lamiales","Plantaginaceae","Plantago","Plantago lanceolata","Plantago lanceolata","L.","8208358",
,"Iris tenax
tenax","Iris tenax subsp. tenax","5708172","EXACT","100","ACCEPTED","SUBSPECIES","Plantae","Tracheophyta","Liliopsida","Asparagales","Iridaceae","Iris","Iris tenax","Iris tenax tenax",,"5708172",
,"Iris tenax
tenax","Iris tenax subsp. tenax","5708172","EXACT","100","ACCEPTED","SUBSPECIES","Plantae","Tracheophyta","Liliopsida","Asparagales","Iridaceae","Iris","Iris tenax","Iris tenax tenax",,"5708172",
,"Iris tenax
tenax","Iris tenax subsp. tenax","5708172","EXACT","100","ACCEPTED","SUBSPECIES","Plantae","Tracheophyta","Liliopsida","Asparagales","Iridaceae","Iris","Iris tenax","Iris tenax tenax",,"5708172",
,"Myosotis dicsolor","Myosotis discolor Pers.","5341177","FUZZY","96","ACCEPTED","SPECIES","Plantae","Tracheophyta","Magnoliopsida","Boraginales","Boraginaceae","Myosotis","Myosotis discolor","Myosotis discolor","Pers.","5341177",
,"Sidalcea virgata","Sidalcea virgata Howell","3939895","EXACT","100","SYNONYM","SPECIES","Plantae","Tracheophyta","Magnoliopsida","Malvales","Malvaceae","Sidalcea","Sidalcea asprella","Sidalcea virgata","Howell","3939895","11160737"
,"Vicia hirsuta","Vicia hirsuta (L.) Gray","2975328","EXACT","99","ACCEPTED","SPECIES","Plantae","Tracheophyta","Magnoliopsida","Fabales","Fabaceae","Vicia","Vicia hirsuta","Vicia hirsuta","(L.) Gray","2975328",
,"Myosotis dicsolor","Myosotis discolor Pers.","5341177","FUZZY","96","ACCEPTED","SPECIES","Plantae","Tracheophyta","Magnoliopsida","Boraginales","Boraginaceae","Myosotis","Myosotis discolor","Myosotis discolor","Pers.","5341177",
,"Castilleja levisecta","Castilleja levisecta Greenm.","3170657","EXACT","100","ACCEPTED","SPECIES","Plantae","Tracheophyta","Magnoliopsida","Lamiales","Orobanchaceae","Castilleja","Castilleja levisecta","Castilleja levisecta","Greenm.","3170657",
,"Lomatium nudicaule","Lomatium nudicaule (Nutt.) J.M.Coult. & Rose","3034279","EXACT","100","ACCEPTED","SPECIES","Plantae","Tracheophyta","Magnoliopsida","Apiales","Apiaceae","Lomatium","Lomatium nudicaule","Lomatium nudicaule","(Nutt.) J.M.Coult. & Rose","3034279",
,"Lomatium nudicaule","Lomatium nudicaule (Nutt.) J.M.Coult. & Rose","3034279","EXACT","100","ACCEPTED","SPECIES","Plantae","Tracheophyta","Magnoliopsida","Apiales","Apiaceae","Lomatium","Lomatium nudicaule","Lomatium nudicaule","(Nutt.) J.M.Coult. & Rose","3034279",
,"Myosotis dicsolor","Myosotis discolor Pers.","5341177","FUZZY","96","ACCEPTED","SPECIES","Plantae","Tracheophyta","Magnoliopsida","Boraginales","Boraginaceae","Myosotis","Myosotis discolor","Myosotis discolor","Pers.","5341177",
,"Brassica rapa","Brassica rapa L.","7903057","EXACT","99","ACCEPTED","SPECIES","Plantae","Tracheophyta","Magnoliopsida","Brassicales","Brassicaceae","Brassica","Brassica rapa","Brassica rapa","L.","7903057",
,"Brassica rapa","Brassica rapa L.","7903057","EXACT","99","ACCEPTED","SPECIES","Plantae","Tracheophyta","Magnoliopsida","Brassicales","Brassicaceae","Brassica","Brassica rapa","Brassica rapa","L.","7903057",
,"Brassica rapa","Brassica rapa L.","7903057","EXACT","99","ACCEPTED","SPECIES","Plantae","Tracheophyta","Magnoliopsida","Brassicales","Brassicaceae","Brassica","Brassica rapa","Brassica rapa","L.","7903057",
,"Brassica rapa","Brassica rapa L.","7903057","EXACT","99","ACCEPTED","SPECIES","Plantae","Tracheophyta","Magnoliopsida","Brassicales","Brassicaceae","Brassica","Brassica rapa","Brassica rapa","L.","7903057",
,"Brassica rapa","Brassica rapa L.","7903057","EXACT","99","ACCEPTED","SPECIES","Plantae","Tracheophyta","Magnoliopsida","Brassicales","Brassicaceae","Brassica","Brassica rapa","Brassica rapa","L.","7903057",
,"Brassica rapa","Brassica rapa L.","7903057","EXACT","99","ACCEPTED","SPECIES","Plantae","Tracheophyta","Magnoliopsida","Brassicales","Brassicaceae","Brassica","Brassica rapa","Brassica rapa","L.","7903057",
,"Heracleum maximum","Heracleum maximum W.Bartram","3034826","EXACT","100","ACCEPTED","SPECIES","Plantae","Tracheophyta","Magnoliopsida","Apiales","Apiaceae","Heracleum","Heracleum maximum","Heracleum maximum","W.Bartram","3034826",
,"Heracleum maximum","Heracleum maximum W.Bartram","3034826","EXACT","100","ACCEPTED","SPECIES","Plantae","Tracheophyta","Magnoliopsida","Apiales","Apiaceae","Heracleum","Heracleum maximum","Heracleum maximum","W.Bartram","3034826",
,"Heracleum maximum","Heracleum maximum W.Bartram","3034826","EXACT","100","ACCEPTED","SPECIES","Plantae","Tracheophyta","Magnoliopsida","Apiales","Apiaceae","Heracleum","Heracleum maximum","Heracleum maximum","W.Bartram","3034826",
,"Heracleum maximum","Heracleum maximum W.Bartram","3034826","EXACT","100","ACCEPTED","SPECIES","Plantae","Tracheophyta","Magnoliopsida","Apiales","Apiaceae","Heracleum","Heracleum maximum","Heracleum maximum","W.Bartram","3034826",
,"Geramium dissectum","Geranium dissectum L.","2890040","FUZZY","89","ACCEPTED","SPECIES","Plantae","Tracheophyta","Magnoliopsida","Geraniales","Geraniaceae","Geranium","Geranium dissectum","Geranium dissectum","L.","2890040",
,"Myosotis dicsolor","Myosotis discolor Pers.","5341177","FUZZY","96","ACCEPTED","SPECIES","Plantae","Tracheophyta","Magnoliopsida","Boraginales","Boraginaceae","Myosotis","Myosotis discolor","Myosotis discolor","Pers.","5341177",
,"Vicia sativa","Vicia sativa L.","2975014","EXACT","99","ACCEPTED","SPECIES","Plantae","Tracheophyta","Magnoliopsida","Fabales","Fabaceae","Vicia","Vicia sativa","Vicia sativa","L.","2975014",
,"Rumex acetosella","Rumex acetosella L.","2888995","EXACT","99","ACCEPTED","SPECIES","Plantae","Tracheophyta","Magnoliopsida","Caryophyllales","Polygonaceae","Rumex","Rumex acetosella","Rumex acetosella","L.","2888995",
,"Rumex acetosella","Rumex acetosella L.","2888995","EXACT","99","ACCEPTED","SPECIES","Plantae","Tracheophyta","Magnoliopsida","Caryophyllales","Polygonaceae","Rumex","Rumex acetosella","Rumex acetosella","L.","2888995",
,"Rumex acetosella","Rumex acetosella L.","2888995","EXACT","99","ACCEPTED","SPECIES","Plantae","Tracheophyta","Magnoliopsida","Caryophyllales","Polygonaceae","Rumex","Rumex acetosella","Rumex acetosella","L.","2888995",
,"Lomatium nudicaule","Lomatium nudicaule (Nutt.) J.M.Coult. & Rose","3034279","EXACT","100","ACCEPTED","SPECIES","Plantae","Tracheophyta","Magnoliopsida","Apiales","Apiaceae","Lomatium","Lomatium nudicaule","Lomatium nudicaule","(Nutt.) J.M.Coult. & Rose","3034279",
,"Lomatium nudicaule","Lomatium nudicaule (Nutt.) J.M.Coult. & Rose","3034279","EXACT","100","ACCEPTED","SPECIES","Plantae","Tracheophyta","Magnoliopsida","Apiales","Apiaceae","Lomatium","Lomatium nudicaule","Lomatium nudicaule","(Nutt.) J.M.Coult. & Rose","3034279",
,"Lomatium nudicaule","Lomatium nudicaule (Nutt.) J.M.Coult. & Rose","3034279","EXACT","100","ACCEPTED","SPECIES","Plantae","Tracheophyta","Magnoliopsida","Apiales","Apiaceae","Lomatium","Lomatium nudicaule","Lomatium nudicaule","(Nutt.) J.M.Coult. & Rose","3034279",
,"Lomatium nudicaule","Lomatium nudicaule (Nutt.) J.M.Coult. & Rose","3034279","EXACT","100","ACCEPTED","SPECIES","Plantae","Tracheophyta","Magnoliopsida","Apiales","Apiaceae","Lomatium","Lomatium nudicaule","Lomatium nudicaule","(Nutt.) J.M.Coult. & Rose","3034279",
,"Lomatium nudicaule","Lomatium nudicaule (Nutt.) J.M.Coult. & Rose","3034279","EXACT","100","ACCEPTED","SPECIES","Plantae","Tracheophyta","Magnoliopsida","Apiales","Apiaceae","Lomatium","Lomatium nudicaule","Lomatium nudicaule","(Nutt.) J.M.Coult. & Rose","3034279",
,"Lomatium nudicaule","Lomatium nudicaule (Nutt.) J.M.Coult. & Rose","3034279","EXACT","100","ACCEPTED","SPECIES","Plantae","Tracheophyta","Magnoliopsida","Apiales","Apiaceae","Lomatium","Lomatium nudicaule","Lomatium nudicaule","(Nutt.) J.M.Coult. & Rose","3034279",
,"Lomatium nudicaule","Lomatium nudicaule (Nutt.) J.M.Coult. & Rose","3034279","EXACT","100","ACCEPTED","SPECIES","Plantae","Tracheophyta","Magnoliopsida","Apiales","Apiaceae","Lomatium","Lomatium nudicaule","Lomatium nudicaule","(Nutt.) J.M.Coult. & Rose","3034279",
,"Lomatium nudicaule","Lomatium nudicaule (Nutt.) J.M.Coult. & Rose","3034279","EXACT","100","ACCEPTED","SPECIES","Plantae","Tracheophyta","Magnoliopsida","Apiales","Apiaceae","Lomatium","Lomatium nudicaule","Lomatium nudicaule","(Nutt.) J.M.Coult. & Rose","3034279",
,"Lomatium nudicaule","Lomatium nudicaule (Nutt.) J.M.Coult. & Rose","3034279","EXACT","100","ACCEPTED","SPECIES","Plantae","Tracheophyta","Magnoliopsida","Apiales","Apiaceae","Lomatium","Lomatium nudicaule","Lomatium nudicaule","(Nutt.) J.M.Coult. & Rose","3034279",
,"Lomatium nudicaule","Lomatium nudicaule (Nutt.) J.M.Coult. & Rose","3034279","EXACT","100","ACCEPTED","SPECIES","Plantae","Tracheophyta","Magnoliopsida","Apiales","Apiaceae","Lomatium","Lomatium nudicaule","Lomatium nudicaule","(Nutt.) J.M.Coult. & Rose","3034279",
,"Lomatium nudicaule","Lomatium nudicaule (Nutt.) J.M.Coult. & Rose","3034279","EXACT","100","ACCEPTED","SPECIES","Plantae","Tracheophyta","Magnoliopsida","Apiales","Apiaceae","Lomatium","Lomatium nudicaule","Lomatium nudicaule","(Nutt.) J.M.Coult. & Rose","3034279",
,"Castilleja levisecta","Castilleja levisecta Greenm.","3170657","EXACT","100","ACCEPTED","SPECIES","Plantae","Tracheophyta","Magnoliopsida","Lamiales","Orobanchaceae","Castilleja","Castilleja levisecta","Castilleja levisecta","Greenm.","3170657",
,"Sidalcea virgata","Sidalcea virgata Howell","3939895","EXACT","100","SYNONYM","SPECIES","Plantae","Tracheophyta","Magnoliopsida","Malvales","Malvaceae","Sidalcea","Sidalcea asprella","Sidalcea virgata","Howell","3939895","11160737"
,"Sidalcea virgata","Sidalcea virgata Howell","3939895","EXACT","100","SYNONYM","SPECIES","Plantae","Tracheophyta","Magnoliopsida","Malvales","Malvaceae","Sidalcea","Sidalcea asprella","Sidalcea virgata","Howell","3939895","11160737"
,"Sidalcea virgata","Sidalcea virgata Howell","3939895","EXACT","100","SYNONYM","SPECIES","Plantae","Tracheophyta","Magnoliopsida","Malvales","Malvaceae","Sidalcea","Sidalcea asprella","Sidalcea virgata","Howell","3939895","11160737"
,"Sidalcea virgata","Sidalcea virgata Howell","3939895","EXACT","100","SYNONYM","SPECIES","Plantae","Tracheophyta","Magnoliopsida","Malvales","Malvaceae","Sidalcea","Sidalcea asprella","Sidalcea virgata","Howell","3939895","11160737"
,"Iris tenax
tenax","Iris tenax subsp. tenax","5708172","EXACT","100","ACCEPTED","SUBSPECIES","Plantae","Tracheophyta","Liliopsida","Asparagales","Iridaceae","Iris","Iris tenax","Iris tenax tenax",,"5708172",
,"Rumex acetosella","Rumex acetosella L.","2888995","EXACT","99","ACCEPTED","SPECIES","Plantae","Tracheophyta","Magnoliopsida","Caryophyllales","Polygonaceae","Rumex","Rumex acetosella","Rumex acetosella","L.","2888995",
,"Rumex acetosella","Rumex acetosella L.","2888995","EXACT","99","ACCEPTED","SPECIES","Plantae","Tracheophyta","Magnoliopsida","Caryophyllales","Polygonaceae","Rumex","Rumex acetosella","Rumex acetosella","L.","2888995",
,"Triphysaria versicolor","Triphysaria versicolor Fisch. & C.A.Mey.","3171830","EXACT","100","ACCEPTED","SPECIES","Plantae","Tracheophyta","Magnoliopsida","Lamiales","Orobanchaceae","Triphysaria","Triphysaria versicolor","Triphysaria versicolor","Fisch. & C.A.Mey.","3171830",
,"Micranthes oregana","Micranthes oregana (Howell) Small","5939572","EXACT","100","ACCEPTED","SPECIES","Plantae","Tracheophyta","Magnoliopsida","Saxifragales","Saxifragaceae","Micranthes","Micranthes oregana","Micranthes oregana","(Howell) Small","5939572",
,"Micranthes oregana","Micranthes oregana (Howell) Small","5939572","EXACT","100","ACCEPTED","SPECIES","Plantae","Tracheophyta","Magnoliopsida","Saxifragales","Saxifragaceae","Micranthes","Micranthes oregana","Micranthes oregana","(Howell) Small","5939572",
,"Micranthes oregana","Micranthes oregana (Howell) Small","5939572","EXACT","100","ACCEPTED","SPECIES","Plantae","Tracheophyta","Magnoliopsida","Saxifragales","Saxifragaceae","Micranthes","Micranthes oregana","Micranthes oregana","(Howell) Small","5939572",
,"Micranthes oregana","Micranthes oregana (Howell) Small","5939572","EXACT","100","ACCEPTED","SPECIES","Plantae","Tracheophyta","Magnoliopsida","Saxifragales","Saxifragaceae","Micranthes","Micranthes oregana","Micranthes oregana","(Howell) Small","5939572",
,"Toxicoscordion venenosum","Toxicoscordion venenosum (S.Watson) Rydb.","2741783","EXACT","100","ACCEPTED","SPECIES","Plantae","Tracheophyta","Liliopsida","Liliales","Melanthiaceae","Toxicoscordion","Toxicoscordion venenosum","Toxicoscordion venenosum","(S.Watson) Rydb.","2741783",
,"Camassia quamash","Camassia quamash (Pursh) Greene","2769084","EXACT","100","ACCEPTED","SPECIES","Plantae","Tracheophyta","Liliopsida","Asparagales","Asparagaceae","Camassia","Camassia quamash","Camassia quamash","(Pursh) Greene","2769084",
,"Camassia quamash","Camassia quamash (Pursh) Greene","2769084","EXACT","100","ACCEPTED","SPECIES","Plantae","Tracheophyta","Liliopsida","Asparagales","Asparagaceae","Camassia","Camassia quamash","Camassia quamash","(Pursh) Greene","2769084",
,"Camassia quamash","Camassia quamash (Pursh) Greene","2769084","EXACT","100","ACCEPTED","SPECIES","Plantae","Tracheophyta","Liliopsida","Asparagales","Asparagaceae","Camassia","Camassia quamash","Camassia quamash","(Pursh) Greene","2769084",
,"Plectritis congesta","Plectritis congesta (Lindl.) DC.","2888738","EXACT","100","ACCEPTED","SPECIES","Plantae","Tracheophyta","Magnoliopsida","Dipsacales","Caprifoliaceae","Plectritis","Plectritis congesta","Plectritis congesta","(Lindl.) DC.","2888738",
,"Plectritis congesta","Plectritis congesta (Lindl.) DC.","2888738","EXACT","100","ACCEPTED","SPECIES","Plantae","Tracheophyta","Magnoliopsida","Dipsacales","Caprifoliaceae","Plectritis","Plectritis congesta","Plectritis congesta","(Lindl.) DC.","2888738",
,"Camassia quamash","Camassia quamash (Pursh) Greene","2769084","EXACT","100","ACCEPTED","SPECIES","Plantae","Tracheophyta","Liliopsida","Asparagales","Asparagaceae","Camassia","Camassia quamash","Camassia quamash","(Pursh) Greene","2769084",
,"Camassia quamash","Camassia quamash (Pursh) Greene","2769084","EXACT","100","ACCEPTED","SPECIES","Plantae","Tracheophyta","Liliopsida","Asparagales","Asparagaceae","Camassia","Camassia quamash","Camassia quamash","(Pursh) Greene","2769084",
,"Camassia quamash","Camassia quamash (Pursh) Greene","2769084","EXACT","100","ACCEPTED","SPECIES","Plantae","Tracheophyta","Liliopsida","Asparagales","Asparagaceae","Camassia","Camassia quamash","Camassia quamash","(Pursh) Greene","2769084",
,"Camassia quamash","Camassia quamash (Pursh) Greene","2769084","EXACT","100","ACCEPTED","SPECIES","Plantae","Tracheophyta","Liliopsida","Asparagales","Asparagaceae","Camassia","Camassia quamash","Camassia quamash","(Pursh) Greene","2769084",
,"Camassia quamash","Camassia quamash (Pursh) Greene","2769084","EXACT","100","ACCEPTED","SPECIES","Plantae","Tracheophyta","Liliopsida","Asparagales","Asparagaceae","Camassia","Camassia quamash","Camassia quamash","(Pursh) Greene","2769084",
,"Camassia quamash","Camassia quamash (Pursh) Greene","2769084","EXACT","100","ACCEPTED","SPECIES","Plantae","Tracheophyta","Liliopsida","Asparagales","Asparagaceae","Camassia","Camassia quamash","Camassia quamash","(Pursh) Greene","2769084",
,"Camassia quamash","Camassia quamash (Pursh) Greene","2769084","EXACT","100","ACCEPTED","SPECIES","Plantae","Tracheophyta","Liliopsida","Asparagales","Asparagaceae","Camassia","Camassia quamash","Camassia quamash","(Pursh) Greene","2769084",
,"Camassia quamash","Camassia quamash (Pursh) Greene","2769084","EXACT","100","ACCEPTED","SPECIES","Plantae","Tracheophyta","Liliopsida","Asparagales","Asparagaceae","Camassia","Camassia quamash","Camassia quamash","(Pursh) Greene","2769084",
,"Toxicoscordion venenosum","Toxicoscordion venenosum (S.Watson) Rydb.","2741783","EXACT","100","ACCEPTED","SPECIES","Plantae","Tracheophyta","Liliopsida","Liliales","Melanthiaceae","Toxicoscordion","Toxicoscordion venenosum","Toxicoscordion venenosum","(S.Watson) Rydb.","2741783",
,"Toxicoscordion venenosum","Toxicoscordion venenosum (S.Watson) Rydb.","2741783","EXACT","100","ACCEPTED","SPECIES","Plantae","Tracheophyta","Liliopsida","Liliales","Melanthiaceae","Toxicoscordion","Toxicoscordion venenosum","Toxicoscordion venenosum","(S.Watson) Rydb.","2741783",
,"Toxicoscordion venenosum","Toxicoscordion venenosum (S.Watson) Rydb.","2741783","EXACT","100","ACCEPTED","SPECIES","Plantae","Tracheophyta","Liliopsida","Liliales","Melanthiaceae","Toxicoscordion","Toxicoscordion venenosum","Toxicoscordion venenosum","(S.Watson) Rydb.","2741783",
,"Toxicoscordion venenosum","Toxicoscordion venenosum (S.Watson) Rydb.","2741783","EXACT","100","ACCEPTED","SPECIES","Plantae","Tracheophyta","Liliopsida","Liliales","Melanthiaceae","Toxicoscordion","Toxicoscordion venenosum","Toxicoscordion venenosum","(S.Watson) Rydb.","2741783",
,"Toxicoscordion venenosum","Toxicoscordion venenosum (S.Watson) Rydb.","2741783","EXACT","100","ACCEPTED","SPECIES","Plantae","Tracheophyta","Liliopsida","Liliales","Melanthiaceae","Toxicoscordion","Toxicoscordion venenosum","Toxicoscordion venenosum","(S.Watson) Rydb.","2741783",
,"Toxicoscordion venenosum","Toxicoscordion venenosum (S.Watson) Rydb.","2741783","EXACT","100","ACCEPTED","SPECIES","Plantae","Tracheophyta","Liliopsida","Liliales","Melanthiaceae","Toxicoscordion","Toxicoscordion venenosum","Toxicoscordion venenosum","(S.Watson) Rydb.","2741783",
,"Toxicoscordion venenosum","Toxicoscordion venenosum (S.Watson) Rydb.","2741783","EXACT","100","ACCEPTED","SPECIES","Plantae","Tracheophyta","Liliopsida","Liliales","Melanthiaceae","Toxicoscordion","Toxicoscordion venenosum","Toxicoscordion venenosum","(S.Watson) Rydb.","2741783",
,"Toxicoscordion venenosum","Toxicoscordion venenosum (S.Watson) Rydb.","2741783","EXACT","100","ACCEPTED","SPECIES","Plantae","Tracheophyta","Liliopsida","Liliales","Melanthiaceae","Toxicoscordion","Toxicoscordion venenosum","Toxicoscordion venenosum","(S.Watson) Rydb.","2741783",
,"Toxicoscordion venenosum","Toxicoscordion venenosum (S.Watson) Rydb.","2741783","EXACT","100","ACCEPTED","SPECIES","Plantae","Tracheophyta","Liliopsida","Liliales","Melanthiaceae","Toxicoscordion","Toxicoscordion venenosum","Toxicoscordion venenosum","(S.Watson) Rydb.","2741783",
,"Toxicoscordion venenosum","Toxicoscordion venenosum (S.Watson) Rydb.","2741783","EXACT","100","ACCEPTED","SPECIES","Plantae","Tracheophyta","Liliopsida","Liliales","Melanthiaceae","Toxicoscordion","Toxicoscordion venenosum","Toxicoscordion venenosum","(S.Watson) Rydb.","2741783",
,"Toxicoscordion venenosum","Toxicoscordion venenosum (S.Watson) Rydb.","2741783","EXACT","100","ACCEPTED","SPECIES","Plantae","Tracheophyta","Liliopsida","Liliales","Melanthiaceae","Toxicoscordion","Toxicoscordion venenosum","Toxicoscordion venenosum","(S.Watson) Rydb.","2741783",
,"Plagiobothrys figuratus","Plagiobothrys figuratus (Piper) I.M.Johnst.","8164333","EXACT","99","ACCEPTED","SPECIES","Plantae","Tracheophyta","Magnoliopsida","Boraginales","Boraginaceae","Plagiobothrys","Plagiobothrys figuratus","Plagiobothrys figuratus","(Piper) I.M.Johnst.","8164333",
,"Ranunculus occidentalis","Ranunculus occidentalis Nutt.","3033353","EXACT","99","ACCEPTED","SPECIES","Plantae","Tracheophyta","Magnoliopsida","Ranunculales","Ranunculaceae","Ranunculus","Ranunculus occidentalis","Ranunculus occidentalis","Nutt.","3033353",
,"Plantago lanceolata","Plantago lanceolata L.","8208358","EXACT","99","ACCEPTED","SPECIES","Plantae","Tracheophyta","Magnoliopsida","Lamiales","Plantaginaceae","Plantago","Plantago lanceolata","Plantago lanceolata","L.","8208358",
,"Plectritis congesta","Plectritis congesta (Lindl.) DC.","2888738","EXACT","100","ACCEPTED","SPECIES","Plantae","Tracheophyta","Magnoliopsida","Dipsacales","Caprifoliaceae","Plectritis","Plectritis congesta","Plectritis congesta","(Lindl.) DC.","2888738",
,"Micranthes oregana","Micranthes oregana (Howell) Small","5939572","EXACT","100","ACCEPTED","SPECIES","Plantae","Tracheophyta","Magnoliopsida","Saxifragales","Saxifragaceae","Micranthes","Micranthes oregana","Micranthes oregana","(Howell) Small","5939572",
,"Micranthes oregana","Micranthes oregana (Howell) Small","5939572","EXACT","100","ACCEPTED","SPECIES","Plantae","Tracheophyta","Magnoliopsida","Saxifragales","Saxifragaceae","Micranthes","Micranthes oregana","Micranthes oregana","(Howell) Small","5939572",
,"Camassia quamash","Camassia quamash (Pursh) Greene","2769084","EXACT","100","ACCEPTED","SPECIES","Plantae","Tracheophyta","Liliopsida","Asparagales","Asparagaceae","Camassia","Camassia quamash","Camassia quamash","(Pursh) Greene","2769084",
,"Camassia quamash","Camassia quamash (Pursh) Greene","2769084","EXACT","100","ACCEPTED","SPECIES","Plantae","Tracheophyta","Liliopsida","Asparagales","Asparagaceae","Camassia","Camassia quamash","Camassia quamash","(Pursh) Greene","2769084",
,"Camassia quamash","Camassia quamash (Pursh) Greene","2769084","EXACT","100","ACCEPTED","SPECIES","Plantae","Tracheophyta","Liliopsida","Asparagales","Asparagaceae","Camassia","Camassia quamash","Camassia quamash","(Pursh) Greene","2769084",
,"Camassia quamash","Camassia quamash (Pursh) Greene","2769084","EXACT","100","ACCEPTED","SPECIES","Plantae","Tracheophyta","Liliopsida","Asparagales","Asparagaceae","Camassia","Camassia quamash","Camassia quamash","(Pursh) Greene","2769084",
,"Camassia quamash","Camassia quamash (Pursh) Greene","2769084","EXACT","100","ACCEPTED","SPECIES","Plantae","Tracheophyta","Liliopsida","Asparagales","Asparagaceae","Camassia","Camassia quamash","Camassia quamash","(Pursh) Greene","2769084",
,"Camassia quamash","Camassia quamash (Pursh) Greene","2769084","EXACT","100","ACCEPTED","SPECIES","Plantae","Tracheophyta","Liliopsida","Asparagales","Asparagaceae","Camassia","Camassia quamash","Camassia quamash","(Pursh) Greene","2769084",
,"Geramium dissectum","Geranium dissectum L.","2890040","FUZZY","89","ACCEPTED","SPECIES","Plantae","Tracheophyta","Magnoliopsida","Geraniales","Geraniaceae","Geranium","Geranium dissectum","Geranium dissectum","L.","2890040",
,"Geramium dissectum","Geranium dissectum L.","2890040","FUZZY","89","ACCEPTED","SPECIES","Plantae","Tracheophyta","Magnoliopsida","Geraniales","Geraniaceae","Geranium","Geranium dissectum","Geranium dissectum","L.","2890040",
,"Myosotis dicsolor","Myosotis discolor Pers.","5341177","FUZZY","96","ACCEPTED","SPECIES","Plantae","Tracheophyta","Magnoliopsida","Boraginales","Boraginaceae","Myosotis","Myosotis discolor","Myosotis discolor","Pers.","5341177",
,"Hosackia gracilis","Hosackia gracilis Benth.","2939904","EXACT","100","ACCEPTED","SPECIES","Plantae","Tracheophyta","Magnoliopsida","Fabales","Fabaceae","Hosackia","Hosackia gracilis","Hosackia gracilis","Benth.","2939904",
,"Plagiobothrys figuratus","Plagiobothrys figuratus (Piper) I.M.Johnst.","8164333","EXACT","99","ACCEPTED","SPECIES","Plantae","Tracheophyta","Magnoliopsida","Boraginales","Boraginaceae","Plagiobothrys","Plagiobothrys figuratus","Plagiobothrys figuratus","(Piper) I.M.Johnst.","8164333",
,"Camassia quamash","Camassia quamash (Pursh) Greene","2769084","EXACT","100","ACCEPTED","SPECIES","Plantae","Tracheophyta","Liliopsida","Asparagales","Asparagaceae","Camassia","Camassia quamash","Camassia quamash","(Pursh) Greene","2769084",
,"Camassia quamash","Camassia quamash (Pursh) Greene","2769084","EXACT","100","ACCEPTED","SPECIES","Plantae","Tracheophyta","Liliopsida","Asparagales","Asparagaceae","Camassia","Camassia quamash","Camassia quamash","(Pursh) Greene","2769084",
,"Camassia quamash","Camassia quamash (Pursh) Greene","2769084","EXACT","100","ACCEPTED","SPECIES","Plantae","Tracheophyta","Liliopsida","Asparagales","Asparagaceae","Camassia","Camassia quamash","Camassia quamash","(Pursh) Greene","2769084",
,"Camassia quamash","Camassia quamash (Pursh) Greene","2769084","EXACT","100","ACCEPTED","SPECIES","Plantae","Tracheophyta","Liliopsida","Asparagales","Asparagaceae","Camassia","Camassia quamash","Camassia quamash","(Pursh) Greene","2769084",
,"Camassia quamash","Camassia quamash (Pursh) Greene","2769084","EXACT","100","ACCEPTED","SPECIES","Plantae","Tracheophyta","Liliopsida","Asparagales","Asparagaceae","Camassia","Camassia quamash","Camassia quamash","(Pursh) Greene","2769084",
,"Camassia quamash","Camassia quamash (Pursh) Greene","2769084","EXACT","100","ACCEPTED","SPECIES","Plantae","Tracheophyta","Liliopsida","Asparagales","Asparagaceae","Camassia","Camassia quamash","Camassia quamash","(Pursh) Greene","2769084",
,"Camassia quamash","Camassia quamash (Pursh) Greene","2769084","EXACT","100","ACCEPTED","SPECIES","Plantae","Tracheophyta","Liliopsida","Asparagales","Asparagaceae","Camassia","Camassia quamash","Camassia quamash","(Pursh) Greene","2769084",
,"Camassia quamash","Camassia quamash (Pursh) Greene","2769084","EXACT","100","ACCEPTED","SPECIES","Plantae","Tracheophyta","Liliopsida","Asparagales","Asparagaceae","Camassia","Camassia quamash","Camassia quamash","(Pursh) Greene","2769084",
,"Camassia quamash","Camassia quamash (Pursh) Greene","2769084","EXACT","100","ACCEPTED","SPECIES","Plantae","Tracheophyta","Liliopsida","Asparagales","Asparagaceae","Camassia","Camassia quamash","Camassia quamash","(Pursh) Greene","2769084",
,"Camassia quamash","Camassia quamash (Pursh) Greene","2769084","EXACT","100","ACCEPTED","SPECIES","Plantae","Tracheophyta","Liliopsida","Asparagales","Asparagaceae","Camassia","Camassia quamash","Camassia quamash","(Pursh) Greene","2769084",
,"Camassia quamash","Camassia quamash (Pursh) Greene","2769084","EXACT","100","ACCEPTED","SPECIES","Plantae","Tracheophyta","Liliopsida","Asparagales","Asparagaceae","Camassia","Camassia quamash","Camassia quamash","(Pursh) Greene","2769084",
,"Camassia quamash","Camassia quamash (Pursh) Greene","2769084","EXACT","100","ACCEPTED","SPECIES","Plantae","Tracheophyta","Liliopsida","Asparagales","Asparagaceae","Camassia","Camassia quamash","Camassia quamash","(Pursh) Greene","2769084",
,"Camassia quamash","Camassia quamash (Pursh) Greene","2769084","EXACT","100","ACCEPTED","SPECIES","Plantae","Tracheophyta","Liliopsida","Asparagales","Asparagaceae","Camassia","Camassia quamash","Camassia quamash","(Pursh) Greene","2769084",
,"Camassia quamash","Camassia quamash (Pursh) Greene","2769084","EXACT","100","ACCEPTED","SPECIES","Plantae","Tracheophyta","Liliopsida","Asparagales","Asparagaceae","Camassia","Camassia quamash","Camassia quamash","(Pursh) Greene","2769084",
,"Camassia quamash","Camassia quamash (Pursh) Greene","2769084","EXACT","100","ACCEPTED","SPECIES","Plantae","Tracheophyta","Liliopsida","Asparagales","Asparagaceae","Camassia","Camassia quamash","Camassia quamash","(Pursh) Greene","2769084",
,"Camassia quamash","Camassia quamash (Pursh) Greene","2769084","EXACT","100","ACCEPTED","SPECIES","Plantae","Tracheophyta","Liliopsida","Asparagales","Asparagaceae","Camassia","Camassia quamash","Camassia quamash","(Pursh) Greene","2769084",
,"Camassia quamash","Camassia quamash (Pursh) Greene","2769084","EXACT","100","ACCEPTED","SPECIES","Plantae","Tracheophyta","Liliopsida","Asparagales","Asparagaceae","Camassia","Camassia quamash","Camassia quamash","(Pursh) Greene","2769084",
,"Camassia quamash","Camassia quamash (Pursh) Greene","2769084","EXACT","100","ACCEPTED","SPECIES","Plantae","Tracheophyta","Liliopsida","Asparagales","Asparagaceae","Camassia","Camassia quamash","Camassia quamash","(Pursh) Greene","2769084",
,"Camassia quamash","Camassia quamash (Pursh) Greene","2769084","EXACT","100","ACCEPTED","SPECIES","Plantae","Tracheophyta","Liliopsida","Asparagales","Asparagaceae","Camassia","Camassia quamash","Camassia quamash","(Pursh) Greene","2769084",
,"Camassia quamash","Camassia quamash (Pursh) Greene","2769084","EXACT","100","ACCEPTED","SPECIES","Plantae","Tracheophyta","Liliopsida","Asparagales","Asparagaceae","Camassia","Camassia quamash","Camassia quamash","(Pursh) Greene","2769084",
,"Camassia quamash","Camassia quamash (Pursh) Greene","2769084","EXACT","100","ACCEPTED","SPECIES","Plantae","Tracheophyta","Liliopsida","Asparagales","Asparagaceae","Camassia","Camassia quamash","Camassia quamash","(Pursh) Greene","2769084",
,"Plagiobothrys figuratus","Plagiobothrys figuratus (Piper) I.M.Johnst.","8164333","EXACT","99","ACCEPTED","SPECIES","Plantae","Tracheophyta","Magnoliopsida","Boraginales","Boraginaceae","Plagiobothrys","Plagiobothrys figuratus","Plagiobothrys figuratus","(Piper) I.M.Johnst.","8164333",
,"Ranunculus occidentalis","Ranunculus occidentalis Nutt.","3033353","EXACT","99","ACCEPTED","SPECIES","Plantae","Tracheophyta","Magnoliopsida","Ranunculales","Ranunculaceae","Ranunculus","Ranunculus occidentalis","Ranunculus occidentalis","Nutt.","3033353",
,"Ranunculus occidentalis","Ranunculus occidentalis Nutt.","3033353","EXACT","99","ACCEPTED","SPECIES","Plantae","Tracheophyta","Magnoliopsida","Ranunculales","Ranunculaceae","Ranunculus","Ranunculus occidentalis","Ranunculus occidentalis","Nutt.","3033353",
,"Ranunculus occidentalis","Ranunculus occidentalis Nutt.","3033353","EXACT","99","ACCEPTED","SPECIES","Plantae","Tracheophyta","Magnoliopsida","Ranunculales","Ranunculaceae","Ranunculus","Ranunculus occidentalis","Ranunculus occidentalis","Nutt.","3033353",
,"Rosa nutkana","Rosa nutkana C.Presl","3011070","EXACT","100","ACCEPTED","SPECIES","Plantae","Tracheophyta","Magnoliopsida","Rosales","Rosaceae","Rosa","Rosa nutkana","Rosa nutkana","C.Presl","3011070",
,"Rosa nutkana","Rosa nutkana C.Presl","3011070","EXACT","100","ACCEPTED","SPECIES","Plantae","Tracheophyta","Magnoliopsida","Rosales","Rosaceae","Rosa","Rosa nutkana","Rosa nutkana","C.Presl","3011070",
,"Rosa nutkana","Rosa nutkana C.Presl","3011070","EXACT","100","ACCEPTED","SPECIES","Plantae","Tracheophyta","Magnoliopsida","Rosales","Rosaceae","Rosa","Rosa nutkana","Rosa nutkana","C.Presl","3011070",
,"Rosa nutkana","Rosa nutkana C.Presl","3011070","EXACT","100","ACCEPTED","SPECIES","Plantae","Tracheophyta","Magnoliopsida","Rosales","Rosaceae","Rosa","Rosa nutkana","Rosa nutkana","C.Presl","3011070",
,"Rosa nutkana","Rosa nutkana C.Presl","3011070","EXACT","100","ACCEPTED","SPECIES","Plantae","Tracheophyta","Magnoliopsida","Rosales","Rosaceae","Rosa","Rosa nutkana","Rosa nutkana","C.Presl","3011070",
,"Rosa nutkana","Rosa nutkana C.Presl","3011070","EXACT","100","ACCEPTED","SPECIES","Plantae","Tracheophyta","Magnoliopsida","Rosales","Rosaceae","Rosa","Rosa nutkana","Rosa nutkana","C.Presl","3011070",
,"Aquilegia formosa","Aquilegia formosa Fisch. ex DC.","3033169","EXACT","99","ACCEPTED","SPECIES","Plantae","Tracheophyta","Magnoliopsida","Ranunculales","Ranunculaceae","Aquilegia","Aquilegia formosa","Aquilegia formosa","Fisch. ex DC.","3033169",
,"Myosotis dicsolor","Myosotis discolor Pers.","5341177","FUZZY","96","ACCEPTED","SPECIES","Plantae","Tracheophyta","Magnoliopsida","Boraginales","Boraginaceae","Myosotis","Myosotis discolor","Myosotis discolor","Pers.","5341177",
,"Geramium dissectum","Geranium dissectum L.","2890040","FUZZY","89","ACCEPTED","SPECIES","Plantae","Tracheophyta","Magnoliopsida","Geraniales","Geraniaceae","Geranium","Geranium dissectum","Geranium dissectum","L.","2890040",
,"Iris tenax
tenax","Iris tenax subsp. tenax","5708172","EXACT","100","ACCEPTED","SUBSPECIES","Plantae","Tracheophyta","Liliopsida","Asparagales","Iridaceae","Iris","Iris tenax","Iris tenax tenax",,"5708172",
,"Iris tenax
tenax","Iris tenax subsp. tenax","5708172","EXACT","100","ACCEPTED","SUBSPECIES","Plantae","Tracheophyta","Liliopsida","Asparagales","Iridaceae","Iris","Iris tenax","Iris tenax tenax",,"5708172",
,"Iris tenax
tenax","Iris tenax subsp. tenax","5708172","EXACT","100","ACCEPTED","SUBSPECIES","Plantae","Tracheophyta","Liliopsida","Asparagales","Iridaceae","Iris","Iris tenax","Iris tenax tenax",,"5708172",
,"Iris tenax
tenax","Iris tenax subsp. tenax","5708172","EXACT","100","ACCEPTED","SUBSPECIES","Plantae","Tracheophyta","Liliopsida","Asparagales","Iridaceae","Iris","Iris tenax","Iris tenax tenax",,"5708172",
,"Sidalcea virgata","Sidalcea virgata Howell","3939895","EXACT","100","SYNONYM","SPECIES","Plantae","Tracheophyta","Magnoliopsida","Malvales","Malvaceae","Sidalcea","Sidalcea asprella","Sidalcea virgata","Howell","3939895","11160737"
,"Lomatium nudicaule","Lomatium nudicaule (Nutt.) J.M.Coult. & Rose","3034279","EXACT","100","ACCEPTED","SPECIES","Plantae","Tracheophyta","Magnoliopsida","Apiales","Apiaceae","Lomatium","Lomatium nudicaule","Lomatium nudicaule","(Nutt.) J.M.Coult. & Rose","3034279",
,"Lomatium nudicaule","Lomatium nudicaule (Nutt.) J.M.Coult. & Rose","3034279","EXACT","100","ACCEPTED","SPECIES","Plantae","Tracheophyta","Magnoliopsida","Apiales","Apiaceae","Lomatium","Lomatium nudicaule","Lomatium nudicaule","(Nutt.) J.M.Coult. & Rose","3034279",
,"Rumex acetosella","Rumex acetosella L.","2888995","EXACT","99","ACCEPTED","SPECIES","Plantae","Tracheophyta","Magnoliopsida","Caryophyllales","Polygonaceae","Rumex","Rumex acetosella","Rumex acetosella","L.","2888995",
,"Castilleja levisecta","Castilleja levisecta Greenm.","3170657","EXACT","100","ACCEPTED","SPECIES","Plantae","Tracheophyta","Magnoliopsida","Lamiales","Orobanchaceae","Castilleja","Castilleja levisecta","Castilleja levisecta","Greenm.","3170657",
,"Castilleja levisecta","Castilleja levisecta Greenm.","3170657","EXACT","100","ACCEPTED","SPECIES","Plantae","Tracheophyta","Magnoliopsida","Lamiales","Orobanchaceae","Castilleja","Castilleja levisecta","Castilleja levisecta","Greenm.","3170657",
,"Castilleja levisecta","Castilleja levisecta Greenm.","3170657","EXACT","100","ACCEPTED","SPECIES","Plantae","Tracheophyta","Magnoliopsida","Lamiales","Orobanchaceae","Castilleja","Castilleja levisecta","Castilleja levisecta","Greenm.","3170657",
,"Castilleja levisecta","Castilleja levisecta Greenm.","3170657","EXACT","100","ACCEPTED","SPECIES","Plantae","Tracheophyta","Magnoliopsida","Lamiales","Orobanchaceae","Castilleja","Castilleja levisecta","Castilleja levisecta","Greenm.","3170657",
,"Acmispon parviflorus","Acmispon parviflorus (Benth.) D.D.Sokoloff","2975796","EXACT","100","ACCEPTED","SPECIES","Plantae","Tracheophyta","Magnoliopsida","Fabales","Fabaceae","Acmispon","Acmispon parviflorus","Acmispon parviflorus","(Benth.) D.D.Sokoloff","2975796",
,"Acmispon parviflorus","Acmispon parviflorus (Benth.) D.D.Sokoloff","2975796","EXACT","100","ACCEPTED","SPECIES","Plantae","Tracheophyta","Magnoliopsida","Fabales","Fabaceae","Acmispon","Acmispon parviflorus","Acmispon parviflorus","(Benth.) D.D.Sokoloff","2975796",
,"Acmispon parviflorus","Acmispon parviflorus (Benth.) D.D.Sokoloff","2975796","EXACT","100","ACCEPTED","SPECIES","Plantae","Tracheophyta","Magnoliopsida","Fabales","Fabaceae","Acmispon","Acmispon parviflorus","Acmispon parviflorus","(Benth.) D.D.Sokoloff","2975796",
,"Acmispon parviflorus","Acmispon parviflorus (Benth.) D.D.Sokoloff","2975796","EXACT","100","ACCEPTED","SPECIES","Plantae","Tracheophyta","Magnoliopsida","Fabales","Fabaceae","Acmispon","Acmispon parviflorus","Acmispon parviflorus","(Benth.) D.D.Sokoloff","2975796",
,"Potentilla gracilis","Potentilla gracilis Douglas ex Hook.","5365416","EXACT","99","ACCEPTED","SPECIES","Plantae","Tracheophyta","Magnoliopsida","Rosales","Rosaceae","Potentilla","Potentilla gracilis","Potentilla gracilis","Douglas ex Hook.","5365416",
,"Potentilla gracilis","Potentilla gracilis Douglas ex Hook.","5365416","EXACT","99","ACCEPTED","SPECIES","Plantae","Tracheophyta","Magnoliopsida","Rosales","Rosaceae","Potentilla","Potentilla gracilis","Potentilla gracilis","Douglas ex Hook.","5365416",
,"Potentilla gracilis","Potentilla gracilis Douglas ex Hook.","5365416","EXACT","99","ACCEPTED","SPECIES","Plantae","Tracheophyta","Magnoliopsida","Rosales","Rosaceae","Potentilla","Potentilla gracilis","Potentilla gracilis","Douglas ex Hook.","5365416",
,"Sidalcea virgata","Sidalcea virgata Howell","3939895","EXACT","100","SYNONYM","SPECIES","Plantae","Tracheophyta","Magnoliopsida","Malvales","Malvaceae","Sidalcea","Sidalcea asprella","Sidalcea virgata","Howell","3939895","11160737"
,"Sidalcea virgata","Sidalcea virgata Howell","3939895","EXACT","100","SYNONYM","SPECIES","Plantae","Tracheophyta","Magnoliopsida","Malvales","Malvaceae","Sidalcea","Sidalcea asprella","Sidalcea virgata","Howell","3939895","11160737"
,"Sidalcea virgata","Sidalcea virgata Howell","3939895","EXACT","100","SYNONYM","SPECIES","Plantae","Tracheophyta","Magnoliopsida","Malvales","Malvaceae","Sidalcea","Sidalcea asprella","Sidalcea virgata","Howell","3939895","11160737"
,"Sidalcea virgata","Sidalcea virgata Howell","3939895","EXACT","100","SYNONYM","SPECIES","Plantae","Tracheophyta","Magnoliopsida","Malvales","Malvaceae","Sidalcea","Sidalcea asprella","Sidalcea virgata","Howell","3939895","11160737"
,"Myosotis dicsolor","Myosotis discolor Pers.","5341177","FUZZY","96","ACCEPTED","SPECIES","Plantae","Tracheophyta","Magnoliopsida","Boraginales","Boraginaceae","Myosotis","Myosotis discolor","Myosotis discolor","Pers.","5341177",
,"Castilleja levisecta","Castilleja levisecta Greenm.","3170657","EXACT","100","ACCEPTED","SPECIES","Plantae","Tracheophyta","Magnoliopsida","Lamiales","Orobanchaceae","Castilleja","Castilleja levisecta","Castilleja levisecta","Greenm.","3170657",
,"Geramium dissectum","Geranium dissectum L.","2890040","FUZZY","89","ACCEPTED","SPECIES","Plantae","Tracheophyta","Magnoliopsida","Geraniales","Geraniaceae","Geranium","Geranium dissectum","Geranium dissectum","L.","2890040",
,"Eriophyllum lanatum","Eriophyllum lanatum (Pursh) Forbes","3130472","EXACT","100","ACCEPTED","SPECIES","Plantae","Tracheophyta","Magnoliopsida","Asterales","Asteraceae","Eriophyllum","Eriophyllum lanatum","Eriophyllum lanatum","(Pursh) Forbes","3130472",
,"Eriophyllum lanatum","Eriophyllum lanatum (Pursh) Forbes","3130472","EXACT","100","ACCEPTED","SPECIES","Plantae","Tracheophyta","Magnoliopsida","Asterales","Asteraceae","Eriophyllum","Eriophyllum lanatum","Eriophyllum lanatum","(Pursh) Forbes","3130472",
,"Sidalcea campestris","Sidalcea campestris Greene","3152730","EXACT","100","ACCEPTED","SPECIES","Plantae","Tracheophyta","Magnoliopsida","Malvales","Malvaceae","Sidalcea","Sidalcea campestris","Sidalcea campestris","Greene","3152730",
,"Sidalcea campestris","Sidalcea campestris Greene","3152730","EXACT","100","ACCEPTED","SPECIES","Plantae","Tracheophyta","Magnoliopsida","Malvales","Malvaceae","Sidalcea","Sidalcea campestris","Sidalcea campestris","Greene","3152730",
,"Sidalcea campestris","Sidalcea campestris Greene","3152730","EXACT","100","ACCEPTED","SPECIES","Plantae","Tracheophyta","Magnoliopsida","Malvales","Malvaceae","Sidalcea","Sidalcea campestris","Sidalcea campestris","Greene","3152730",
,"Potentilla gracilis","Potentilla gracilis Douglas ex Hook.","5365416","EXACT","99","ACCEPTED","SPECIES","Plantae","Tracheophyta","Magnoliopsida","Rosales","Rosaceae","Potentilla","Potentilla gracilis","Potentilla gracilis","Douglas ex Hook.","5365416",
,"Potentilla gracilis","Potentilla gracilis Douglas ex Hook.","5365416","EXACT","99","ACCEPTED","SPECIES","Plantae","Tracheophyta","Magnoliopsida","Rosales","Rosaceae","Potentilla","Potentilla gracilis","Potentilla gracilis","Douglas ex Hook.","5365416",
,"Potentilla gracilis","Potentilla gracilis Douglas ex Hook.","5365416","EXACT","99","ACCEPTED","SPECIES","Plantae","Tracheophyta","Magnoliopsida","Rosales","Rosaceae","Potentilla","Potentilla gracilis","Potentilla gracilis","Douglas ex Hook.","5365416",
,"Potentilla gracilis","Potentilla gracilis Douglas ex Hook.","5365416","EXACT","99","ACCEPTED","SPECIES","Plantae","Tracheophyta","Magnoliopsida","Rosales","Rosaceae","Potentilla","Potentilla gracilis","Potentilla gracilis","Douglas ex Hook.","5365416",
,"Potentilla gracilis","Potentilla gracilis Douglas ex Hook.","5365416","EXACT","99","ACCEPTED","SPECIES","Plantae","Tracheophyta","Magnoliopsida","Rosales","Rosaceae","Potentilla","Potentilla gracilis","Potentilla gracilis","Douglas ex Hook.","5365416",
,"Potentilla gracilis","Potentilla gracilis Douglas ex Hook.","5365416","EXACT","99","ACCEPTED","SPECIES","Plantae","Tracheophyta","Magnoliopsida","Rosales","Rosaceae","Potentilla","Potentilla gracilis","Potentilla gracilis","Douglas ex Hook.","5365416",
,"Potentilla gracilis","Potentilla gracilis Douglas ex Hook.","5365416","EXACT","99","ACCEPTED","SPECIES","Plantae","Tracheophyta","Magnoliopsida","Rosales","Rosaceae","Potentilla","Potentilla gracilis","Potentilla gracilis","Douglas ex Hook.","5365416",
,"Potentilla gracilis","Potentilla gracilis Douglas ex Hook.","5365416","EXACT","99","ACCEPTED","SPECIES","Plantae","Tracheophyta","Magnoliopsida","Rosales","Rosaceae","Potentilla","Potentilla gracilis","Potentilla gracilis","Douglas ex Hook.","5365416",
,"Potentilla gracilis","Potentilla gracilis Douglas ex Hook.","5365416","EXACT","99","ACCEPTED","SPECIES","Plantae","Tracheophyta","Magnoliopsida","Rosales","Rosaceae","Potentilla","Potentilla gracilis","Potentilla gracilis","Douglas ex Hook.","5365416",
,"Potentilla gracilis","Potentilla gracilis Douglas ex Hook.","5365416","EXACT","99","ACCEPTED","SPECIES","Plantae","Tracheophyta","Magnoliopsida","Rosales","Rosaceae","Potentilla","Potentilla gracilis","Potentilla gracilis","Douglas ex Hook.","5365416",
,"Geramium dissectum","Geranium dissectum L.","2890040","FUZZY","89","ACCEPTED","SPECIES","Plantae","Tracheophyta","Magnoliopsida","Geraniales","Geraniaceae","Geranium","Geranium dissectum","Geranium dissectum","L.","2890040",
,"Myosotis dicsolor","Myosotis discolor Pers.","5341177","FUZZY","96","ACCEPTED","SPECIES","Plantae","Tracheophyta","Magnoliopsida","Boraginales","Boraginaceae","Myosotis","Myosotis discolor","Myosotis discolor","Pers.","5341177",
,"Leucanthemum vulgare","Leucanthemum vulgare Lam.","8848598","EXACT","100","ACCEPTED","SPECIES","Plantae","Tracheophyta","Magnoliopsida","Asterales","Asteraceae","Leucanthemum","Leucanthemum vulgare","Leucanthemum vulgare","Lam.","8848598",
,"Leucanthemum vulgare","Leucanthemum vulgare Lam.","8848598","EXACT","100","ACCEPTED","SPECIES","Plantae","Tracheophyta","Magnoliopsida","Asterales","Asteraceae","Leucanthemum","Leucanthemum vulgare","Leucanthemum vulgare","Lam.","8848598",
,"Plantago lanceolata","Plantago lanceolata L.","8208358","EXACT","99","ACCEPTED","SPECIES","Plantae","Tracheophyta","Magnoliopsida","Lamiales","Plantaginaceae","Plantago","Plantago lanceolata","Plantago lanceolata","L.","8208358",
,"Lomatium nudicaule","Lomatium nudicaule (Nutt.) J.M.Coult. & Rose","3034279","EXACT","100","ACCEPTED","SPECIES","Plantae","Tracheophyta","Magnoliopsida","Apiales","Apiaceae","Lomatium","Lomatium nudicaule","Lomatium nudicaule","(Nutt.) J.M.Coult. & Rose","3034279",
,"Lomatium nudicaule","Lomatium nudicaule (Nutt.) J.M.Coult. & Rose","3034279","EXACT","100","ACCEPTED","SPECIES","Plantae","Tracheophyta","Magnoliopsida","Apiales","Apiaceae","Lomatium","Lomatium nudicaule","Lomatium nudicaule","(Nutt.) J.M.Coult. & Rose","3034279",
,"Lomatium nudicaule","Lomatium nudicaule (Nutt.) J.M.Coult. & Rose","3034279","EXACT","100","ACCEPTED","SPECIES","Plantae","Tracheophyta","Magnoliopsida","Apiales","Apiaceae","Lomatium","Lomatium nudicaule","Lomatium nudicaule","(Nutt.) J.M.Coult. & Rose","3034279",
,"Lomatium nudicaule","Lomatium nudicaule (Nutt.) J.M.Coult. & Rose","3034279","EXACT","100","ACCEPTED","SPECIES","Plantae","Tracheophyta","Magnoliopsida","Apiales","Apiaceae","Lomatium","Lomatium nudicaule","Lomatium nudicaule","(Nutt.) J.M.Coult. & Rose","3034279",
,"Linum bienne","Linum bienne Mill.","2873896","EXACT","100","ACCEPTED","SPECIES","Plantae","Tracheophyta","Magnoliopsida","Malpighiales","Linaceae","Linum","Linum bienne","Linum bienne","Mill.","2873896",
,"Acmispon parviflorus","Acmispon parviflorus (Benth.) D.D.Sokoloff","2975796","EXACT","100","ACCEPTED","SPECIES","Plantae","Tracheophyta","Magnoliopsida","Fabales","Fabaceae","Acmispon","Acmispon parviflorus","Acmispon parviflorus","(Benth.) D.D.Sokoloff","2975796",
,"Sidalcea virgata","Sidalcea virgata Howell","3939895","EXACT","100","SYNONYM","SPECIES","Plantae","Tracheophyta","Magnoliopsida","Malvales","Malvaceae","Sidalcea","Sidalcea asprella","Sidalcea virgata","Howell","3939895","11160737"
,"Sidalcea virgata","Sidalcea virgata Howell","3939895","EXACT","100","SYNONYM","SPECIES","Plantae","Tracheophyta","Magnoliopsida","Malvales","Malvaceae","Sidalcea","Sidalcea asprella","Sidalcea virgata","Howell","3939895","11160737"
,"Sidalcea virgata","Sidalcea virgata Howell","3939895","EXACT","100","SYNONYM","SPECIES","Plantae","Tracheophyta","Magnoliopsida","Malvales","Malvaceae","Sidalcea","Sidalcea asprella","Sidalcea virgata","Howell","3939895","11160737"
,"Vicia sativa","Vicia sativa L.","2975014","EXACT","99","ACCEPTED","SPECIES","Plantae","Tracheophyta","Magnoliopsida","Fabales","Fabaceae","Vicia","Vicia sativa","Vicia sativa","L.","2975014",
,"Vicia hirsuta","Vicia hirsuta (L.) Gray","2975328","EXACT","99","ACCEPTED","SPECIES","Plantae","Tracheophyta","Magnoliopsida","Fabales","Fabaceae","Vicia","Vicia hirsuta","Vicia hirsuta","(L.) Gray","2975328",
,"Castilleja levisecta","Castilleja levisecta Greenm.","3170657","EXACT","100","ACCEPTED","SPECIES","Plantae","Tracheophyta","Magnoliopsida","Lamiales","Orobanchaceae","Castilleja","Castilleja levisecta","Castilleja levisecta","Greenm.","3170657",
,"Castilleja levisecta","Castilleja levisecta Greenm.","3170657","EXACT","100","ACCEPTED","SPECIES","Plantae","Tracheophyta","Magnoliopsida","Lamiales","Orobanchaceae","Castilleja","Castilleja levisecta","Castilleja levisecta","Greenm.","3170657",
,"Aquilegia formosa","Aquilegia formosa Fisch. ex DC.","3033169","EXACT","99","ACCEPTED","SPECIES","Plantae","Tracheophyta","Magnoliopsida","Ranunculales","Ranunculaceae","Aquilegia","Aquilegia formosa","Aquilegia formosa","Fisch. ex DC.","3033169",
,"Potentilla gracilis","Potentilla gracilis Douglas ex Hook.","5365416","EXACT","99","ACCEPTED","SPECIES","Plantae","Tracheophyta","Magnoliopsida","Rosales","Rosaceae","Potentilla","Potentilla gracilis","Potentilla gracilis","Douglas ex Hook.","5365416",
,"Potentilla gracilis","Potentilla gracilis Douglas ex Hook.","5365416","EXACT","99","ACCEPTED","SPECIES","Plantae","Tracheophyta","Magnoliopsida","Rosales","Rosaceae","Potentilla","Potentilla gracilis","Potentilla gracilis","Douglas ex Hook.","5365416",
,"Potentilla gracilis","Potentilla gracilis Douglas ex Hook.","5365416","EXACT","99","ACCEPTED","SPECIES","Plantae","Tracheophyta","Magnoliopsida","Rosales","Rosaceae","Potentilla","Potentilla gracilis","Potentilla gracilis","Douglas ex Hook.","5365416",
,"Plantago lanceolata","Plantago lanceolata L.","8208358","EXACT","99","ACCEPTED","SPECIES","Plantae","Tracheophyta","Magnoliopsida","Lamiales","Plantaginaceae","Plantago","Plantago lanceolata","Plantago lanceolata","L.","8208358",
,"Plantago lanceolata","Plantago lanceolata L.","8208358","EXACT","99","ACCEPTED","SPECIES","Plantae","Tracheophyta","Magnoliopsida","Lamiales","Plantaginaceae","Plantago","Plantago lanceolata","Plantago lanceolata","L.","8208358",
,"Plantago lanceolata","Plantago lanceolata L.","8208358","EXACT","99","ACCEPTED","SPECIES","Plantae","Tracheophyta","Magnoliopsida","Lamiales","Plantaginaceae","Plantago","Plantago lanceolata","Plantago lanceolata","L.","8208358",
,"Lupinus oreganus","Lupinus oreganus A.Heller","2963785","EXACT","100","ACCEPTED","SPECIES","Plantae","Tracheophyta","Magnoliopsida","Fabales","Fabaceae","Lupinus","Lupinus oreganus","Lupinus oreganus","A.Heller","2963785",
,"Lupinus oreganus","Lupinus oreganus A.Heller","2963785","EXACT","100","ACCEPTED","SPECIES","Plantae","Tracheophyta","Magnoliopsida","Fabales","Fabaceae","Lupinus","Lupinus oreganus","Lupinus oreganus","A.Heller","2963785",
,"Lupinus oreganus","Lupinus oreganus A.Heller","2963785","EXACT","100","ACCEPTED","SPECIES","Plantae","Tracheophyta","Magnoliopsida","Fabales","Fabaceae","Lupinus","Lupinus oreganus","Lupinus oreganus","A.Heller","2963785",
,"Lupinus oreganus","Lupinus oreganus A.Heller","2963785","EXACT","100","ACCEPTED","SPECIES","Plantae","Tracheophyta","Magnoliopsida","Fabales","Fabaceae","Lupinus","Lupinus oreganus","Lupinus oreganus","A.Heller","2963785",
,"Lupinus oreganus","Lupinus oreganus A.Heller","2963785","EXACT","100","ACCEPTED","SPECIES","Plantae","Tracheophyta","Magnoliopsida","Fabales","Fabaceae","Lupinus","Lupinus oreganus","Lupinus oreganus","A.Heller","2963785",
,"Vicia sativa","Vicia sativa L.","2975014","EXACT","99","ACCEPTED","SPECIES","Plantae","Tracheophyta","Magnoliopsida","Fabales","Fabaceae","Vicia","Vicia sativa","Vicia sativa","L.","2975014",
,"Vicia sativa","Vicia sativa L.","2975014","EXACT","99","ACCEPTED","SPECIES","Plantae","Tracheophyta","Magnoliopsida","Fabales","Fabaceae","Vicia","Vicia sativa","Vicia sativa","L.","2975014",
,"Myosotis dicsolor","Myosotis discolor Pers.","5341177","FUZZY","96","ACCEPTED","SPECIES","Plantae","Tracheophyta","Magnoliopsida","Boraginales","Boraginaceae","Myosotis","Myosotis discolor","Myosotis discolor","Pers.","5341177",
,"Geramium dissectum","Geranium dissectum L.","2890040","FUZZY","89","ACCEPTED","SPECIES","Plantae","Tracheophyta","Magnoliopsida","Geraniales","Geraniaceae","Geranium","Geranium dissectum","Geranium dissectum","L.","2890040",
,"Geramium dissectum","Geranium dissectum L.","2890040","FUZZY","89","ACCEPTED","SPECIES","Plantae","Tracheophyta","Magnoliopsida","Geraniales","Geraniaceae","Geranium","Geranium dissectum","Geranium dissectum","L.","2890040",
,"Iris douglasiana","Iris douglasiana Herb.","5298502","EXACT","100","ACCEPTED","SPECIES","Plantae","Tracheophyta","Liliopsida","Asparagales","Iridaceae","Iris","Iris douglasiana","Iris douglasiana","Herb.","5298502",
,"Heracleum maximum","Heracleum maximum W.Bartram","3034826","EXACT","100","ACCEPTED","SPECIES","Plantae","Tracheophyta","Magnoliopsida","Apiales","Apiaceae","Heracleum","Heracleum maximum","Heracleum maximum","W.Bartram","3034826",
,"lysimachia arvensis","Lysimachia arvensis (L.) U.Manns & Anderb.","8184903","EXACT","100","ACCEPTED","SPECIES","Plantae","Tracheophyta","Magnoliopsida","Ericales","Primulaceae","Lysimachia","Lysimachia arvensis","Lysimachia arvensis","(L.) U.Manns & Anderb.","8184903",
,"Raphanus sativus","Raphanus sativus L.","7678610","EXACT","100","ACCEPTED","SPECIES","Plantae","Tracheophyta","Magnoliopsida","Brassicales","Brassicaceae","Raphanus","Raphanus sativus","Raphanus sativus","L.","7678610",
,"Raphanus sativus","Raphanus sativus L.","7678610","EXACT","100","ACCEPTED","SPECIES","Plantae","Tracheophyta","Magnoliopsida","Brassicales","Brassicaceae","Raphanus","Raphanus sativus","Raphanus sativus","L.","7678610",
,"Raphanus sativus","Raphanus sativus L.","7678610","EXACT","100","ACCEPTED","SPECIES","Plantae","Tracheophyta","Magnoliopsida","Brassicales","Brassicaceae","Raphanus","Raphanus sativus","Raphanus sativus","L.","7678610",
,"Raphanus sativus","Raphanus sativus L.","7678610","EXACT","100","ACCEPTED","SPECIES","Plantae","Tracheophyta","Magnoliopsida","Brassicales","Brassicaceae","Raphanus","Raphanus sativus","Raphanus sativus","L.","7678610",
,"Raphanus sativus","Raphanus sativus L.","7678610","EXACT","100","ACCEPTED","SPECIES","Plantae","Tracheophyta","Magnoliopsida","Brassicales","Brassicaceae","Raphanus","Raphanus sativus","Raphanus sativus","L.","7678610",
,"Brassica rapa","Brassica rapa L.","7903057","EXACT","99","ACCEPTED","SPECIES","Plantae","Tracheophyta","Magnoliopsida","Brassicales","Brassicaceae","Brassica","Brassica rapa","Brassica rapa","L.","7903057",
,"Brassica rapa","Brassica rapa L.","7903057","EXACT","99","ACCEPTED","SPECIES","Plantae","Tracheophyta","Magnoliopsida","Brassicales","Brassicaceae","Brassica","Brassica rapa","Brassica rapa","L.","7903057",
,"Potentilla gracilis","Potentilla gracilis Douglas ex Hook.","5365416","EXACT","99","ACCEPTED","SPECIES","Plantae","Tracheophyta","Magnoliopsida","Rosales","Rosaceae","Potentilla","Potentilla gracilis","Potentilla gracilis","Douglas ex Hook.","5365416",
,"Potentilla gracilis","Potentilla gracilis Douglas ex Hook.","5365416","EXACT","99","ACCEPTED","SPECIES","Plantae","Tracheophyta","Magnoliopsida","Rosales","Rosaceae","Potentilla","Potentilla gracilis","Potentilla gracilis","Douglas ex Hook.","5365416",
,"Potentilla gracilis","Potentilla gracilis Douglas ex Hook.","5365416","EXACT","99","ACCEPTED","SPECIES","Plantae","Tracheophyta","Magnoliopsida","Rosales","Rosaceae","Potentilla","Potentilla gracilis","Potentilla gracilis","Douglas ex Hook.","5365416",
,"Potentilla gracilis","Potentilla gracilis Douglas ex Hook.","5365416","EXACT","99","ACCEPTED","SPECIES","Plantae","Tracheophyta","Magnoliopsida","Rosales","Rosaceae","Potentilla","Potentilla gracilis","Potentilla gracilis","Douglas ex Hook.","5365416",
,"Potentilla gracilis","Potentilla gracilis Douglas ex Hook.","5365416","EXACT","99","ACCEPTED","SPECIES","Plantae","Tracheophyta","Magnoliopsida","Rosales","Rosaceae","Potentilla","Potentilla gracilis","Potentilla gracilis","Douglas ex Hook.","5365416",
,"Potentilla gracilis","Potentilla gracilis Douglas ex Hook.","5365416","EXACT","99","ACCEPTED","SPECIES","Plantae","Tracheophyta","Magnoliopsida","Rosales","Rosaceae","Potentilla","Potentilla gracilis","Potentilla gracilis","Douglas ex Hook.","5365416",
,"Sidalcea virgata","Sidalcea virgata Howell","3939895","EXACT","100","SYNONYM","SPECIES","Plantae","Tracheophyta","Magnoliopsida","Malvales","Malvaceae","Sidalcea","Sidalcea asprella","Sidalcea virgata","Howell","3939895","11160737"
,"Myosotis dicsolor","Myosotis discolor Pers.","5341177","FUZZY","96","ACCEPTED","SPECIES","Plantae","Tracheophyta","Magnoliopsida","Boraginales","Boraginaceae","Myosotis","Myosotis discolor","Myosotis discolor","Pers.","5341177",
,"lysimachia arvensis","Lysimachia arvensis (L.) U.Manns & Anderb.","8184903","EXACT","100","ACCEPTED","SPECIES","Plantae","Tracheophyta","Magnoliopsida","Ericales","Primulaceae","Lysimachia","Lysimachia arvensis","Lysimachia arvensis","(L.) U.Manns & Anderb.","8184903",
,"Potentilla gracilis","Potentilla gracilis Douglas ex Hook.","5365416","EXACT","99","ACCEPTED","SPECIES","Plantae","Tracheophyta","Magnoliopsida","Rosales","Rosaceae","Potentilla","Potentilla gracilis","Potentilla gracilis","Douglas ex Hook.","5365416",
,"Potentilla gracilis","Potentilla gracilis Douglas ex Hook.","5365416","EXACT","99","ACCEPTED","SPECIES","Plantae","Tracheophyta","Magnoliopsida","Rosales","Rosaceae","Potentilla","Potentilla gracilis","Potentilla gracilis","Douglas ex Hook.","5365416",
,"Ranunculus flammula","Ranunculus flammula L.","3033312","EXACT","99","ACCEPTED","SPECIES","Plantae","Tracheophyta","Magnoliopsida","Ranunculales","Ranunculaceae","Ranunculus","Ranunculus flammula","Ranunculus flammula","L.","3033312",
,"Ranunculus flammula","Ranunculus flammula L.","3033312","EXACT","99","ACCEPTED","SPECIES","Plantae","Tracheophyta","Magnoliopsida","Ranunculales","Ranunculaceae","Ranunculus","Ranunculus flammula","Ranunculus flammula","L.","3033312",
,"Ranunculus flammula","Ranunculus flammula L.","3033312","EXACT","99","ACCEPTED","SPECIES","Plantae","Tracheophyta","Magnoliopsida","Ranunculales","Ranunculaceae","Ranunculus","Ranunculus flammula","Ranunculus flammula","L.","3033312",
,"Ranunculus flammula","Ranunculus flammula L.","3033312","EXACT","99","ACCEPTED","SPECIES","Plantae","Tracheophyta","Magnoliopsida","Ranunculales","Ranunculaceae","Ranunculus","Ranunculus flammula","Ranunculus flammula","L.","3033312",
,"Ranunculus flammula","Ranunculus flammula L.","3033312","EXACT","99","ACCEPTED","SPECIES","Plantae","Tracheophyta","Magnoliopsida","Ranunculales","Ranunculaceae","Ranunculus","Ranunculus flammula","Ranunculus flammula","L.","3033312",
,"Ranunculus flammula","Ranunculus flammula L.","3033312","EXACT","99","ACCEPTED","SPECIES","Plantae","Tracheophyta","Magnoliopsida","Ranunculales","Ranunculaceae","Ranunculus","Ranunculus flammula","Ranunculus flammula","L.","3033312",
,"Ranunculus flammula","Ranunculus flammula L.","3033312","EXACT","99","ACCEPTED","SPECIES","Plantae","Tracheophyta","Magnoliopsida","Ranunculales","Ranunculaceae","Ranunculus","Ranunculus flammula","Ranunculus flammula","L.","3033312",
,"Ranunculus flammula","Ranunculus flammula L.","3033312","EXACT","99","ACCEPTED","SPECIES","Plantae","Tracheophyta","Magnoliopsida","Ranunculales","Ranunculaceae","Ranunculus","Ranunculus flammula","Ranunculus flammula","L.","3033312",
,"Erigeron decumbens","Erigeron decumbens Nutt.","7845106","EXACT","99","ACCEPTED","SPECIES","Plantae","Tracheophyta","Magnoliopsida","Asterales","Asteraceae","Erigeron","Erigeron decumbens","Erigeron decumbens","Nutt.","7845106",
,"Hypochaeris radicata","Hypochaeris radicata L.","3093702","EXACT","100","ACCEPTED","SPECIES","Plantae","Tracheophyta","Magnoliopsida","Asterales","Asteraceae","Hypochaeris","Hypochaeris radicata","Hypochaeris radicata","L.","3093702",
,"Hypochaeris radicata","Hypochaeris radicata L.","3093702","EXACT","100","ACCEPTED","SPECIES","Plantae","Tracheophyta","Magnoliopsida","Asterales","Asteraceae","Hypochaeris","Hypochaeris radicata","Hypochaeris radicata","L.","3093702",
,"Hypochaeris radicata","Hypochaeris radicata L.","3093702","EXACT","100","ACCEPTED","SPECIES","Plantae","Tracheophyta","Magnoliopsida","Asterales","Asteraceae","Hypochaeris","Hypochaeris radicata","Hypochaeris radicata","L.","3093702",
,"Hypochaeris radicata","Hypochaeris radicata L.","3093702","EXACT","100","ACCEPTED","SPECIES","Plantae","Tracheophyta","Magnoliopsida","Asterales","Asteraceae","Hypochaeris","Hypochaeris radicata","Hypochaeris radicata","L.","3093702",
,"Hypochaeris radicata","Hypochaeris radicata L.","3093702","EXACT","100","ACCEPTED","SPECIES","Plantae","Tracheophyta","Magnoliopsida","Asterales","Asteraceae","Hypochaeris","Hypochaeris radicata","Hypochaeris radicata","L.","3093702",
,"Hypochaeris radicata","Hypochaeris radicata L.","3093702","EXACT","100","ACCEPTED","SPECIES","Plantae","Tracheophyta","Magnoliopsida","Asterales","Asteraceae","Hypochaeris","Hypochaeris radicata","Hypochaeris radicata","L.","3093702",
,"Linum bienne","Linum bienne Mill.","2873896","EXACT","100","ACCEPTED","SPECIES","Plantae","Tracheophyta","Magnoliopsida","Malpighiales","Linaceae","Linum","Linum bienne","Linum bienne","Mill.","2873896",
,"Hosackia gracilis","Hosackia gracilis Benth.","2939904","EXACT","100","ACCEPTED","SPECIES","Plantae","Tracheophyta","Magnoliopsida","Fabales","Fabaceae","Hosackia","Hosackia gracilis","Hosackia gracilis","Benth.","2939904",
,"Hosackia gracilis","Hosackia gracilis Benth.","2939904","EXACT","100","ACCEPTED","SPECIES","Plantae","Tracheophyta","Magnoliopsida","Fabales","Fabaceae","Hosackia","Hosackia gracilis","Hosackia gracilis","Benth.","2939904",
,"Hosackia gracilis","Hosackia gracilis Benth.","2939904","EXACT","100","ACCEPTED","SPECIES","Plantae","Tracheophyta","Magnoliopsida","Fabales","Fabaceae","Hosackia","Hosackia gracilis","Hosackia gracilis","Benth.","2939904",
,"Eriophyllum lanatum","Eriophyllum lanatum (Pursh) Forbes","3130472","EXACT","100","ACCEPTED","SPECIES","Plantae","Tracheophyta","Magnoliopsida","Asterales","Asteraceae","Eriophyllum","Eriophyllum lanatum","Eriophyllum lanatum","(Pursh) Forbes","3130472",
,"Eriophyllum lanatum","Eriophyllum lanatum (Pursh) Forbes","3130472","EXACT","100","ACCEPTED","SPECIES","Plantae","Tracheophyta","Magnoliopsida","Asterales","Asteraceae","Eriophyllum","Eriophyllum lanatum","Eriophyllum lanatum","(Pursh) Forbes","3130472",
,"Eriophyllum lanatum","Eriophyllum lanatum (Pursh) Forbes","3130472","EXACT","100","ACCEPTED","SPECIES","Plantae","Tracheophyta","Magnoliopsida","Asterales","Asteraceae","Eriophyllum","Eriophyllum lanatum","Eriophyllum lanatum","(Pursh) Forbes","3130472",
,"Myosotis dicsolor","Myosotis discolor Pers.","5341177","FUZZY","96","ACCEPTED","SPECIES","Plantae","Tracheophyta","Magnoliopsida","Boraginales","Boraginaceae","Myosotis","Myosotis discolor","Myosotis discolor","Pers.","5341177",
,"Vicia tetrasperma","Vicia tetrasperma (L.) Schreb.","2975083","EXACT","99","ACCEPTED","SPECIES","Plantae","Tracheophyta","Magnoliopsida","Fabales","Fabaceae","Vicia","Vicia tetrasperma","Vicia tetrasperma","(L.) Schreb.","2975083",
,"Hosackia gracilis","Hosackia gracilis Benth.","2939904","EXACT","100","ACCEPTED","SPECIES","Plantae","Tracheophyta","Magnoliopsida","Fabales","Fabaceae","Hosackia","Hosackia gracilis","Hosackia gracilis","Benth.","2939904",
,"Hosackia gracilis","Hosackia gracilis Benth.","2939904","EXACT","100","ACCEPTED","SPECIES","Plantae","Tracheophyta","Magnoliopsida","Fabales","Fabaceae","Hosackia","Hosackia gracilis","Hosackia gracilis","Benth.","2939904",
,"Hosackia gracilis","Hosackia gracilis Benth.","2939904","EXACT","100","ACCEPTED","SPECIES","Plantae","Tracheophyta","Magnoliopsida","Fabales","Fabaceae","Hosackia","Hosackia gracilis","Hosackia gracilis","Benth.","2939904",
,"Ranunculus occidentalis","Ranunculus occidentalis Nutt.","3033353","EXACT","99","ACCEPTED","SPECIES","Plantae","Tracheophyta","Magnoliopsida","Ranunculales","Ranunculaceae","Ranunculus","Ranunculus occidentalis","Ranunculus occidentalis","Nutt.","3033353",
,"Potentilla gracilis","Potentilla gracilis Douglas ex Hook.","5365416","EXACT","99","ACCEPTED","SPECIES","Plantae","Tracheophyta","Magnoliopsida","Rosales","Rosaceae","Potentilla","Potentilla gracilis","Potentilla gracilis","Douglas ex Hook.","5365416",
,"Potentilla gracilis","Potentilla gracilis Douglas ex Hook.","5365416","EXACT","99","ACCEPTED","SPECIES","Plantae","Tracheophyta","Magnoliopsida","Rosales","Rosaceae","Potentilla","Potentilla gracilis","Potentilla gracilis","Douglas ex Hook.","5365416",
,"Ranunculus flammula","Ranunculus flammula L.","3033312","EXACT","99","ACCEPTED","SPECIES","Plantae","Tracheophyta","Magnoliopsida","Ranunculales","Ranunculaceae","Ranunculus","Ranunculus flammula","Ranunculus flammula","L.","3033312",
,"Ranunculus flammula","Ranunculus flammula L.","3033312","EXACT","99","ACCEPTED","SPECIES","Plantae","Tracheophyta","Magnoliopsida","Ranunculales","Ranunculaceae","Ranunculus","Ranunculus flammula","Ranunculus flammula","L.","3033312",
,"Ranunculus flammula","Ranunculus flammula L.","3033312","EXACT","99","ACCEPTED","SPECIES","Plantae","Tracheophyta","Magnoliopsida","Ranunculales","Ranunculaceae","Ranunculus","Ranunculus flammula","Ranunculus flammula","L.","3033312",
,"Ranunculus flammula","Ranunculus flammula L.","3033312","EXACT","99","ACCEPTED","SPECIES","Plantae","Tracheophyta","Magnoliopsida","Ranunculales","Ranunculaceae","Ranunculus","Ranunculus flammula","Ranunculus flammula","L.","3033312",
,"Ranunculus flammula","Ranunculus flammula L.","3033312","EXACT","99","ACCEPTED","SPECIES","Plantae","Tracheophyta","Magnoliopsida","Ranunculales","Ranunculaceae","Ranunculus","Ranunculus flammula","Ranunculus flammula","L.","3033312",
,"Ranunculus flammula","Ranunculus flammula L.","3033312","EXACT","99","ACCEPTED","SPECIES","Plantae","Tracheophyta","Magnoliopsida","Ranunculales","Ranunculaceae","Ranunculus","Ranunculus flammula","Ranunculus flammula","L.","3033312",
,"Ranunculus flammula","Ranunculus flammula L.","3033312","EXACT","99","ACCEPTED","SPECIES","Plantae","Tracheophyta","Magnoliopsida","Ranunculales","Ranunculaceae","Ranunculus","Ranunculus flammula","Ranunculus flammula","L.","3033312",
,"Ranunculus flammula","Ranunculus flammula L.","3033312","EXACT","99","ACCEPTED","SPECIES","Plantae","Tracheophyta","Magnoliopsida","Ranunculales","Ranunculaceae","Ranunculus","Ranunculus flammula","Ranunculus flammula","L.","3033312",
,"Erigeron decumbens","Erigeron decumbens Nutt.","7845106","EXACT","99","ACCEPTED","SPECIES","Plantae","Tracheophyta","Magnoliopsida","Asterales","Asteraceae","Erigeron","Erigeron decumbens","Erigeron decumbens","Nutt.","7845106",
,"Hypochaeris radicata","Hypochaeris radicata L.","3093702","EXACT","100","ACCEPTED","SPECIES","Plantae","Tracheophyta","Magnoliopsida","Asterales","Asteraceae","Hypochaeris","Hypochaeris radicata","Hypochaeris radicata","L.","3093702",
,"Hypochaeris radicata","Hypochaeris radicata L.","3093702","EXACT","100","ACCEPTED","SPECIES","Plantae","Tracheophyta","Magnoliopsida","Asterales","Asteraceae","Hypochaeris","Hypochaeris radicata","Hypochaeris radicata","L.","3093702",
,"Hypochaeris radicata","Hypochaeris radicata L.","3093702","EXACT","100","ACCEPTED","SPECIES","Plantae","Tracheophyta","Magnoliopsida","Asterales","Asteraceae","Hypochaeris","Hypochaeris radicata","Hypochaeris radicata","L.","3093702",
,"Hypochaeris radicata","Hypochaeris radicata L.","3093702","EXACT","100","ACCEPTED","SPECIES","Plantae","Tracheophyta","Magnoliopsida","Asterales","Asteraceae","Hypochaeris","Hypochaeris radicata","Hypochaeris radicata","L.","3093702",
,"Hypochaeris radicata","Hypochaeris radicata L.","3093702","EXACT","100","ACCEPTED","SPECIES","Plantae","Tracheophyta","Magnoliopsida","Asterales","Asteraceae","Hypochaeris","Hypochaeris radicata","Hypochaeris radicata","L.","3093702",
,"Hypochaeris radicata","Hypochaeris radicata L.","3093702","EXACT","100","ACCEPTED","SPECIES","Plantae","Tracheophyta","Magnoliopsida","Asterales","Asteraceae","Hypochaeris","Hypochaeris radicata","Hypochaeris radicata","L.","3093702",
,"Linum bienne","Linum bienne Mill.","2873896","EXACT","100","ACCEPTED","SPECIES","Plantae","Tracheophyta","Magnoliopsida","Malpighiales","Linaceae","Linum","Linum bienne","Linum bienne","Mill.","2873896",
,"Hosackia gracilis","Hosackia gracilis Benth.","2939904","EXACT","100","ACCEPTED","SPECIES","Plantae","Tracheophyta","Magnoliopsida","Fabales","Fabaceae","Hosackia","Hosackia gracilis","Hosackia gracilis","Benth.","2939904",
,"Linum bienne","Linum bienne Mill.","2873896","EXACT","100","ACCEPTED","SPECIES","Plantae","Tracheophyta","Magnoliopsida","Malpighiales","Linaceae","Linum","Linum bienne","Linum bienne","Mill.","2873896",
,"Vicia sativa","Vicia sativa L.","2975014","EXACT","99","ACCEPTED","SPECIES","Plantae","Tracheophyta","Magnoliopsida","Fabales","Fabaceae","Vicia","Vicia sativa","Vicia sativa","L.","2975014",
,"Rumex acetosella","Rumex acetosella L.","2888995","EXACT","99","ACCEPTED","SPECIES","Plantae","Tracheophyta","Magnoliopsida","Caryophyllales","Polygonaceae","Rumex","Rumex acetosella","Rumex acetosella","L.","2888995",
,"Crepis capillaris","Crepis capillaris (L.) Wallr.","5403304","EXACT","100","ACCEPTED","SPECIES","Plantae","Tracheophyta","Magnoliopsida","Asterales","Asteraceae","Crepis","Crepis capillaris","Crepis capillaris","(L.) Wallr.","5403304",
,"Crepis capillaris","Crepis capillaris (L.) Wallr.","5403304","EXACT","100","ACCEPTED","SPECIES","Plantae","Tracheophyta","Magnoliopsida","Asterales","Asteraceae","Crepis","Crepis capillaris","Crepis capillaris","(L.) Wallr.","5403304",
,"Leucanthemum vulgare","Leucanthemum vulgare Lam.","8848598","EXACT","100","ACCEPTED","SPECIES","Plantae","Tracheophyta","Magnoliopsida","Asterales","Asteraceae","Leucanthemum","Leucanthemum vulgare","Leucanthemum vulgare","Lam.","8848598",
,"Leucanthemum vulgare","Leucanthemum vulgare Lam.","8848598","EXACT","100","ACCEPTED","SPECIES","Plantae","Tracheophyta","Magnoliopsida","Asterales","Asteraceae","Leucanthemum","Leucanthemum vulgare","Leucanthemum vulgare","Lam.","8848598",
,"Leucanthemum vulgare","Leucanthemum vulgare Lam.","8848598","EXACT","100","ACCEPTED","SPECIES","Plantae","Tracheophyta","Magnoliopsida","Asterales","Asteraceae","Leucanthemum","Leucanthemum vulgare","Leucanthemum vulgare","Lam.","8848598",
,"Leucanthemum vulgare","Leucanthemum vulgare Lam.","8848598","EXACT","100","ACCEPTED","SPECIES","Plantae","Tracheophyta","Magnoliopsida","Asterales","Asteraceae","Leucanthemum","Leucanthemum vulgare","Leucanthemum vulgare","Lam.","8848598",
,"Leucanthemum vulgare","Leucanthemum vulgare Lam.","8848598","EXACT","100","ACCEPTED","SPECIES","Plantae","Tracheophyta","Magnoliopsida","Asterales","Asteraceae","Leucanthemum","Leucanthemum vulgare","Leucanthemum vulgare","Lam.","8848598",
,"Leucanthemum vulgare","Leucanthemum vulgare Lam.","8848598","EXACT","100","ACCEPTED","SPECIES","Plantae","Tracheophyta","Magnoliopsida","Asterales","Asteraceae","Leucanthemum","Leucanthemum vulgare","Leucanthemum vulgare","Lam.","8848598",
,"Leucanthemum vulgare","Leucanthemum vulgare Lam.","8848598","EXACT","100","ACCEPTED","SPECIES","Plantae","Tracheophyta","Magnoliopsida","Asterales","Asteraceae","Leucanthemum","Leucanthemum vulgare","Leucanthemum vulgare","Lam.","8848598",
,"Leucanthemum vulgare","Leucanthemum vulgare Lam.","8848598","EXACT","100","ACCEPTED","SPECIES","Plantae","Tracheophyta","Magnoliopsida","Asterales","Asteraceae","Leucanthemum","Leucanthemum vulgare","Leucanthemum vulgare","Lam.","8848598",
,"Leucanthemum vulgare","Leucanthemum vulgare Lam.","8848598","EXACT","100","ACCEPTED","SPECIES","Plantae","Tracheophyta","Magnoliopsida","Asterales","Asteraceae","Leucanthemum","Leucanthemum vulgare","Leucanthemum vulgare","Lam.","8848598",
,"Leucanthemum vulgare","Leucanthemum vulgare Lam.","8848598","EXACT","100","ACCEPTED","SPECIES","Plantae","Tracheophyta","Magnoliopsida","Asterales","Asteraceae","Leucanthemum","Leucanthemum vulgare","Leucanthemum vulgare","Lam.","8848598",
,"Leucanthemum vulgare","Leucanthemum vulgare Lam.","8848598","EXACT","100","ACCEPTED","SPECIES","Plantae","Tracheophyta","Magnoliopsida","Asterales","Asteraceae","Leucanthemum","Leucanthemum vulgare","Leucanthemum vulgare","Lam.","8848598",
,"Leucanthemum vulgare","Leucanthemum vulgare Lam.","8848598","EXACT","100","ACCEPTED","SPECIES","Plantae","Tracheophyta","Magnoliopsida","Asterales","Asteraceae","Leucanthemum","Leucanthemum vulgare","Leucanthemum vulgare","Lam.","8848598",
,"Leucanthemum vulgare","Leucanthemum vulgare Lam.","8848598","EXACT","100","ACCEPTED","SPECIES","Plantae","Tracheophyta","Magnoliopsida","Asterales","Asteraceae","Leucanthemum","Leucanthemum vulgare","Leucanthemum vulgare","Lam.","8848598",
,"Leucanthemum vulgare","Leucanthemum vulgare Lam.","8848598","EXACT","100","ACCEPTED","SPECIES","Plantae","Tracheophyta","Magnoliopsida","Asterales","Asteraceae","Leucanthemum","Leucanthemum vulgare","Leucanthemum vulgare","Lam.","8848598",
,"Leucanthemum vulgare","Leucanthemum vulgare Lam.","8848598","EXACT","100","ACCEPTED","SPECIES","Plantae","Tracheophyta","Magnoliopsida","Asterales","Asteraceae","Leucanthemum","Leucanthemum vulgare","Leucanthemum vulgare","Lam.","8848598",
,"Eriophyllum lanatum","Eriophyllum lanatum (Pursh) Forbes","3130472","EXACT","100","ACCEPTED","SPECIES","Plantae","Tracheophyta","Magnoliopsida","Asterales","Asteraceae","Eriophyllum","Eriophyllum lanatum","Eriophyllum lanatum","(Pursh) Forbes","3130472",
,"Eriophyllum lanatum","Eriophyllum lanatum (Pursh) Forbes","3130472","EXACT","100","ACCEPTED","SPECIES","Plantae","Tracheophyta","Magnoliopsida","Asterales","Asteraceae","Eriophyllum","Eriophyllum lanatum","Eriophyllum lanatum","(Pursh) Forbes","3130472",
,"Eriophyllum lanatum","Eriophyllum lanatum (Pursh) Forbes","3130472","EXACT","100","ACCEPTED","SPECIES","Plantae","Tracheophyta","Magnoliopsida","Asterales","Asteraceae","Eriophyllum","Eriophyllum lanatum","Eriophyllum lanatum","(Pursh) Forbes","3130472",
,"Eriophyllum lanatum","Eriophyllum lanatum (Pursh) Forbes","3130472","EXACT","100","ACCEPTED","SPECIES","Plantae","Tracheophyta","Magnoliopsida","Asterales","Asteraceae","Eriophyllum","Eriophyllum lanatum","Eriophyllum lanatum","(Pursh) Forbes","3130472",
,"Eriophyllum lanatum","Eriophyllum lanatum (Pursh) Forbes","3130472","EXACT","100","ACCEPTED","SPECIES","Plantae","Tracheophyta","Magnoliopsida","Asterales","Asteraceae","Eriophyllum","Eriophyllum lanatum","Eriophyllum lanatum","(Pursh) Forbes","3130472",
,"Eriophyllum lanatum","Eriophyllum lanatum (Pursh) Forbes","3130472","EXACT","100","ACCEPTED","SPECIES","Plantae","Tracheophyta","Magnoliopsida","Asterales","Asteraceae","Eriophyllum","Eriophyllum lanatum","Eriophyllum lanatum","(Pursh) Forbes","3130472",
,"Eriophyllum lanatum","Eriophyllum lanatum (Pursh) Forbes","3130472","EXACT","100","ACCEPTED","SPECIES","Plantae","Tracheophyta","Magnoliopsida","Asterales","Asteraceae","Eriophyllum","Eriophyllum lanatum","Eriophyllum lanatum","(Pursh) Forbes","3130472",
,"Eriophyllum lanatum","Eriophyllum lanatum (Pursh) Forbes","3130472","EXACT","100","ACCEPTED","SPECIES","Plantae","Tracheophyta","Magnoliopsida","Asterales","Asteraceae","Eriophyllum","Eriophyllum lanatum","Eriophyllum lanatum","(Pursh) Forbes","3130472",
,"Eriophyllum lanatum","Eriophyllum lanatum (Pursh) Forbes","3130472","EXACT","100","ACCEPTED","SPECIES","Plantae","Tracheophyta","Magnoliopsida","Asterales","Asteraceae","Eriophyllum","Eriophyllum lanatum","Eriophyllum lanatum","(Pursh) Forbes","3130472",
,"Eriophyllum lanatum","Eriophyllum lanatum (Pursh) Forbes","3130472","EXACT","100","ACCEPTED","SPECIES","Plantae","Tracheophyta","Magnoliopsida","Asterales","Asteraceae","Eriophyllum","Eriophyllum lanatum","Eriophyllum lanatum","(Pursh) Forbes","3130472",
,"Eriophyllum lanatum","Eriophyllum lanatum (Pursh) Forbes","3130472","EXACT","100","ACCEPTED","SPECIES","Plantae","Tracheophyta","Magnoliopsida","Asterales","Asteraceae","Eriophyllum","Eriophyllum lanatum","Eriophyllum lanatum","(Pursh) Forbes","3130472",
,"Eriophyllum lanatum","Eriophyllum lanatum (Pursh) Forbes","3130472","EXACT","100","ACCEPTED","SPECIES","Plantae","Tracheophyta","Magnoliopsida","Asterales","Asteraceae","Eriophyllum","Eriophyllum lanatum","Eriophyllum lanatum","(Pursh) Forbes","3130472",
,"Plantago lanceolata","Plantago lanceolata L.","8208358","EXACT","99","ACCEPTED","SPECIES","Plantae","Tracheophyta","Magnoliopsida","Lamiales","Plantaginaceae","Plantago","Plantago lanceolata","Plantago lanceolata","L.","8208358",
,"Lupinus oreganus","Lupinus oreganus A.Heller","2963785","EXACT","100","ACCEPTED","SPECIES","Plantae","Tracheophyta","Magnoliopsida","Fabales","Fabaceae","Lupinus","Lupinus oreganus","Lupinus oreganus","A.Heller","2963785",
,"Erigeron decumbens","Erigeron decumbens Nutt.","7845106","EXACT","99","ACCEPTED","SPECIES","Plantae","Tracheophyta","Magnoliopsida","Asterales","Asteraceae","Erigeron","Erigeron decumbens","Erigeron decumbens","Nutt.","7845106",
,"Erigeron decumbens","Erigeron decumbens Nutt.","7845106","EXACT","99","ACCEPTED","SPECIES","Plantae","Tracheophyta","Magnoliopsida","Asterales","Asteraceae","Erigeron","Erigeron decumbens","Erigeron decumbens","Nutt.","7845106",
,"Erigeron decumbens","Erigeron decumbens Nutt.","7845106","EXACT","99","ACCEPTED","SPECIES","Plantae","Tracheophyta","Magnoliopsida","Asterales","Asteraceae","Erigeron","Erigeron decumbens","Erigeron decumbens","Nutt.","7845106",
,"Aquilegia formosa","Aquilegia formosa Fisch. ex DC.","3033169","EXACT","99","ACCEPTED","SPECIES","Plantae","Tracheophyta","Magnoliopsida","Ranunculales","Ranunculaceae","Aquilegia","Aquilegia formosa","Aquilegia formosa","Fisch. ex DC.","3033169",
,"Iris tenax
tenax","Iris tenax subsp. tenax","5708172","EXACT","100","ACCEPTED","SUBSPECIES","Plantae","Tracheophyta","Liliopsida","Asparagales","Iridaceae","Iris","Iris tenax","Iris tenax tenax",,"5708172",
,"Sidalcea virgata","Sidalcea virgata Howell","3939895","EXACT","100","SYNONYM","SPECIES","Plantae","Tracheophyta","Magnoliopsida","Malvales","Malvaceae","Sidalcea","Sidalcea asprella","Sidalcea virgata","Howell","3939895","11160737"
,"Acmispon parviflorus","Acmispon parviflorus (Benth.) D.D.Sokoloff","2975796","EXACT","100","ACCEPTED","SPECIES","Plantae","Tracheophyta","Magnoliopsida","Fabales","Fabaceae","Acmispon","Acmispon parviflorus","Acmispon parviflorus","(Benth.) D.D.Sokoloff","2975796",
,"Linum bienne","Linum bienne Mill.","2873896","EXACT","100","ACCEPTED","SPECIES","Plantae","Tracheophyta","Magnoliopsida","Malpighiales","Linaceae","Linum","Linum bienne","Linum bienne","Mill.","2873896",
,"Hypochaeris radicata","Hypochaeris radicata L.","3093702","EXACT","100","ACCEPTED","SPECIES","Plantae","Tracheophyta","Magnoliopsida","Asterales","Asteraceae","Hypochaeris","Hypochaeris radicata","Hypochaeris radicata","L.","3093702",
,"Erigeron decumbens","Erigeron decumbens Nutt.","7845106","EXACT","99","ACCEPTED","SPECIES","Plantae","Tracheophyta","Magnoliopsida","Asterales","Asteraceae","Erigeron","Erigeron decumbens","Erigeron decumbens","Nutt.","7845106",
,"Vicia tetrasperma","Vicia tetrasperma (L.) Schreb.","2975083","EXACT","99","ACCEPTED","SPECIES","Plantae","Tracheophyta","Magnoliopsida","Fabales","Fabaceae","Vicia","Vicia tetrasperma","Vicia tetrasperma","(L.) Schreb.","2975083",
,"Hosackia gracilis","Hosackia gracilis Benth.","2939904","EXACT","100","ACCEPTED","SPECIES","Plantae","Tracheophyta","Magnoliopsida","Fabales","Fabaceae","Hosackia","Hosackia gracilis","Hosackia gracilis","Benth.","2939904",
,"Ranunculus occidentalis","Ranunculus occidentalis Nutt.","3033353","EXACT","99","ACCEPTED","SPECIES","Plantae","Tracheophyta","Magnoliopsida","Ranunculales","Ranunculaceae","Ranunculus","Ranunculus occidentalis","Ranunculus occidentalis","Nutt.","3033353",
,"Ranunculus occidentalis","Ranunculus occidentalis Nutt.","3033353","EXACT","99","ACCEPTED","SPECIES","Plantae","Tracheophyta","Magnoliopsida","Ranunculales","Ranunculaceae","Ranunculus","Ranunculus occidentalis","Ranunculus occidentalis","Nutt.","3033353",
,"Ranunculus occidentalis","Ranunculus occidentalis Nutt.","3033353","EXACT","99","ACCEPTED","SPECIES","Plantae","Tracheophyta","Magnoliopsida","Ranunculales","Ranunculaceae","Ranunculus","Ranunculus occidentalis","Ranunculus occidentalis","Nutt.","3033353",
,"Ranunculus occidentalis","Ranunculus occidentalis Nutt.","3033353","EXACT","99","ACCEPTED","SPECIES","Plantae","Tracheophyta","Magnoliopsida","Ranunculales","Ranunculaceae","Ranunculus","Ranunculus occidentalis","Ranunculus occidentalis","Nutt.","3033353",
,"Ranunculus occidentalis","Ranunculus occidentalis Nutt.","3033353","EXACT","99","ACCEPTED","SPECIES","Plantae","Tracheophyta","Magnoliopsida","Ranunculales","Ranunculaceae","Ranunculus","Ranunculus occidentalis","Ranunculus occidentalis","Nutt.","3033353",
,"Ranunculus occidentalis","Ranunculus occidentalis Nutt.","3033353","EXACT","99","ACCEPTED","SPECIES","Plantae","Tracheophyta","Magnoliopsida","Ranunculales","Ranunculaceae","Ranunculus","Ranunculus occidentalis","Ranunculus occidentalis","Nutt.","3033353",
,"Ranunculus occidentalis","Ranunculus occidentalis Nutt.","3033353","EXACT","99","ACCEPTED","SPECIES","Plantae","Tracheophyta","Magnoliopsida","Ranunculales","Ranunculaceae","Ranunculus","Ranunculus occidentalis","Ranunculus occidentalis","Nutt.","3033353",
,"Ranunculus occidentalis","Ranunculus occidentalis Nutt.","3033353","EXACT","99","ACCEPTED","SPECIES","Plantae","Tracheophyta","Magnoliopsida","Ranunculales","Ranunculaceae","Ranunculus","Ranunculus occidentalis","Ranunculus occidentalis","Nutt.","3033353",
,"Ranunculus occidentalis","Ranunculus occidentalis Nutt.","3033353","EXACT","99","ACCEPTED","SPECIES","Plantae","Tracheophyta","Magnoliopsida","Ranunculales","Ranunculaceae","Ranunculus","Ranunculus occidentalis","Ranunculus occidentalis","Nutt.","3033353",
,"Erigeron decumbens","Erigeron decumbens Nutt.","7845106","EXACT","99","ACCEPTED","SPECIES","Plantae","Tracheophyta","Magnoliopsida","Asterales","Asteraceae","Erigeron","Erigeron decumbens","Erigeron decumbens","Nutt.","7845106",
,"Wyethia angustifolia","Wyethia angustifolia (DC.) Nutt.","3091459","EXACT","100","ACCEPTED","SPECIES","Plantae","Tracheophyta","Magnoliopsida","Asterales","Asteraceae","Wyethia","Wyethia angustifolia","Wyethia angustifolia","(DC.) Nutt.","3091459",
,"Wyethia angustifolia","Wyethia angustifolia (DC.) Nutt.","3091459","EXACT","100","ACCEPTED","SPECIES","Plantae","Tracheophyta","Magnoliopsida","Asterales","Asteraceae","Wyethia","Wyethia angustifolia","Wyethia angustifolia","(DC.) Nutt.","3091459",
,"Wyethia angustifolia","Wyethia angustifolia (DC.) Nutt.","3091459","EXACT","100","ACCEPTED","SPECIES","Plantae","Tracheophyta","Magnoliopsida","Asterales","Asteraceae","Wyethia","Wyethia angustifolia","Wyethia angustifolia","(DC.) Nutt.","3091459",
,"Wyethia angustifolia","Wyethia angustifolia (DC.) Nutt.","3091459","EXACT","100","ACCEPTED","SPECIES","Plantae","Tracheophyta","Magnoliopsida","Asterales","Asteraceae","Wyethia","Wyethia angustifolia","Wyethia angustifolia","(DC.) Nutt.","3091459",
,"Wyethia angustifolia","Wyethia angustifolia (DC.) Nutt.","3091459","EXACT","100","ACCEPTED","SPECIES","Plantae","Tracheophyta","Magnoliopsida","Asterales","Asteraceae","Wyethia","Wyethia angustifolia","Wyethia angustifolia","(DC.) Nutt.","3091459",
,"Wyethia angustifolia","Wyethia angustifolia (DC.) Nutt.","3091459","EXACT","100","ACCEPTED","SPECIES","Plantae","Tracheophyta","Magnoliopsida","Asterales","Asteraceae","Wyethia","Wyethia angustifolia","Wyethia angustifolia","(DC.) Nutt.","3091459",
,"Wyethia angustifolia","Wyethia angustifolia (DC.) Nutt.","3091459","EXACT","100","ACCEPTED","SPECIES","Plantae","Tracheophyta","Magnoliopsida","Asterales","Asteraceae","Wyethia","Wyethia angustifolia","Wyethia angustifolia","(DC.) Nutt.","3091459",
,"Wyethia angustifolia","Wyethia angustifolia (DC.) Nutt.","3091459","EXACT","100","ACCEPTED","SPECIES","Plantae","Tracheophyta","Magnoliopsida","Asterales","Asteraceae","Wyethia","Wyethia angustifolia","Wyethia angustifolia","(DC.) Nutt.","3091459",
,"Wyethia angustifolia","Wyethia angustifolia (DC.) Nutt.","3091459","EXACT","100","ACCEPTED","SPECIES","Plantae","Tracheophyta","Magnoliopsida","Asterales","Asteraceae","Wyethia","Wyethia angustifolia","Wyethia angustifolia","(DC.) Nutt.","3091459",
,"Hosackia gracilis","Hosackia gracilis Benth.","2939904","EXACT","100","ACCEPTED","SPECIES","Plantae","Tracheophyta","Magnoliopsida","Fabales","Fabaceae","Hosackia","Hosackia gracilis","Hosackia gracilis","Benth.","2939904",
,"Downingia bicornuta","Downingia bicornuta A.Gray","3166317","EXACT","100","ACCEPTED","SPECIES","Plantae","Tracheophyta","Magnoliopsida","Asterales","Campanulaceae","Downingia","Downingia bicornuta","Downingia bicornuta","A.Gray","3166317",
,"Myosotis laxa","Myosotis laxa (Sam.) Hyl. ex Nordh.","12186874","EXACT","99","ACCEPTED","SPECIES","Plantae","Tracheophyta","Magnoliopsida","Boraginales","Boraginaceae","Myosotis","Myosotis laxa","Myosotis laxa","(Sam.) Hyl. ex Nordh.","12186874",
,"Veronica scutellata","Veronica scutellata L.","3172072","EXACT","100","ACCEPTED","SPECIES","Plantae","Tracheophyta","Magnoliopsida","Lamiales","Plantaginaceae","Veronica","Veronica scutellata","Veronica scutellata","L.","3172072",
,"Veronica scutellata","Veronica scutellata L.","3172072","EXACT","100","ACCEPTED","SPECIES","Plantae","Tracheophyta","Magnoliopsida","Lamiales","Plantaginaceae","Veronica","Veronica scutellata","Veronica scutellata","L.","3172072",
,"Ranunculus flammula","Ranunculus flammula L.","3033312","EXACT","99","ACCEPTED","SPECIES","Plantae","Tracheophyta","Magnoliopsida","Ranunculales","Ranunculaceae","Ranunculus","Ranunculus flammula","Ranunculus flammula","L.","3033312",
,"Ranunculus flammula","Ranunculus flammula L.","3033312","EXACT","99","ACCEPTED","SPECIES","Plantae","Tracheophyta","Magnoliopsida","Ranunculales","Ranunculaceae","Ranunculus","Ranunculus flammula","Ranunculus flammula","L.","3033312",
,"Ranunculus flammula","Ranunculus flammula L.","3033312","EXACT","99","ACCEPTED","SPECIES","Plantae","Tracheophyta","Magnoliopsida","Ranunculales","Ranunculaceae","Ranunculus","Ranunculus flammula","Ranunculus flammula","L.","3033312",
,"Eriophyllum lanatum","Eriophyllum lanatum (Pursh) Forbes","3130472","EXACT","100","ACCEPTED","SPECIES","Plantae","Tracheophyta","Magnoliopsida","Asterales","Asteraceae","Eriophyllum","Eriophyllum lanatum","Eriophyllum lanatum","(Pursh) Forbes","3130472",
,"Eriophyllum lanatum","Eriophyllum lanatum (Pursh) Forbes","3130472","EXACT","100","ACCEPTED","SPECIES","Plantae","Tracheophyta","Magnoliopsida","Asterales","Asteraceae","Eriophyllum","Eriophyllum lanatum","Eriophyllum lanatum","(Pursh) Forbes","3130472",
,"Eriophyllum lanatum","Eriophyllum lanatum (Pursh) Forbes","3130472","EXACT","100","ACCEPTED","SPECIES","Plantae","Tracheophyta","Magnoliopsida","Asterales","Asteraceae","Eriophyllum","Eriophyllum lanatum","Eriophyllum lanatum","(Pursh) Forbes","3130472",
,"Eriophyllum lanatum","Eriophyllum lanatum (Pursh) Forbes","3130472","EXACT","100","ACCEPTED","SPECIES","Plantae","Tracheophyta","Magnoliopsida","Asterales","Asteraceae","Eriophyllum","Eriophyllum lanatum","Eriophyllum lanatum","(Pursh) Forbes","3130472",
,"Linum bienne","Linum bienne Mill.","2873896","EXACT","100","ACCEPTED","SPECIES","Plantae","Tracheophyta","Magnoliopsida","Malpighiales","Linaceae","Linum","Linum bienne","Linum bienne","Mill.","2873896",
,"Myosotis dicsolor","Myosotis discolor Pers.","5341177","FUZZY","96","ACCEPTED","SPECIES","Plantae","Tracheophyta","Magnoliopsida","Boraginales","Boraginaceae","Myosotis","Myosotis discolor","Myosotis discolor","Pers.","5341177",
,"Plagiobothrys figuratus","Plagiobothrys figuratus (Piper) I.M.Johnst.","8164333","EXACT","99","ACCEPTED","SPECIES","Plantae","Tracheophyta","Magnoliopsida","Boraginales","Boraginaceae","Plagiobothrys","Plagiobothrys figuratus","Plagiobothrys figuratus","(Piper) I.M.Johnst.","8164333",
,"Plagiobothrys figuratus","Plagiobothrys figuratus (Piper) I.M.Johnst.","8164333","EXACT","99","ACCEPTED","SPECIES","Plantae","Tracheophyta","Magnoliopsida","Boraginales","Boraginaceae","Plagiobothrys","Plagiobothrys figuratus","Plagiobothrys figuratus","(Piper) I.M.Johnst.","8164333",
,"Potentilla gracilis","Potentilla gracilis Douglas ex Hook.","5365416","EXACT","99","ACCEPTED","SPECIES","Plantae","Tracheophyta","Magnoliopsida","Rosales","Rosaceae","Potentilla","Potentilla gracilis","Potentilla gracilis","Douglas ex Hook.","5365416",
,"Potentilla gracilis","Potentilla gracilis Douglas ex Hook.","5365416","EXACT","99","ACCEPTED","SPECIES","Plantae","Tracheophyta","Magnoliopsida","Rosales","Rosaceae","Potentilla","Potentilla gracilis","Potentilla gracilis","Douglas ex Hook.","5365416",
,"Potentilla gracilis","Potentilla gracilis Douglas ex Hook.","5365416","EXACT","99","ACCEPTED","SPECIES","Plantae","Tracheophyta","Magnoliopsida","Rosales","Rosaceae","Potentilla","Potentilla gracilis","Potentilla gracilis","Douglas ex Hook.","5365416",
,"Eriophyllum lanatum","Eriophyllum lanatum (Pursh) Forbes","3130472","EXACT","100","ACCEPTED","SPECIES","Plantae","Tracheophyta","Magnoliopsida","Asterales","Asteraceae","Eriophyllum","Eriophyllum lanatum","Eriophyllum lanatum","(Pursh) Forbes","3130472",
,"Eriophyllum lanatum","Eriophyllum lanatum (Pursh) Forbes","3130472","EXACT","100","ACCEPTED","SPECIES","Plantae","Tracheophyta","Magnoliopsida","Asterales","Asteraceae","Eriophyllum","Eriophyllum lanatum","Eriophyllum lanatum","(Pursh) Forbes","3130472",
,"Eriophyllum lanatum","Eriophyllum lanatum (Pursh) Forbes","3130472","EXACT","100","ACCEPTED","SPECIES","Plantae","Tracheophyta","Magnoliopsida","Asterales","Asteraceae","Eriophyllum","Eriophyllum lanatum","Eriophyllum lanatum","(Pursh) Forbes","3130472",
,"Eriophyllum lanatum","Eriophyllum lanatum (Pursh) Forbes","3130472","EXACT","100","ACCEPTED","SPECIES","Plantae","Tracheophyta","Magnoliopsida","Asterales","Asteraceae","Eriophyllum","Eriophyllum lanatum","Eriophyllum lanatum","(Pursh) Forbes","3130472",
,"Potentilla gracilis","Potentilla gracilis Douglas ex Hook.","5365416","EXACT","99","ACCEPTED","SPECIES","Plantae","Tracheophyta","Magnoliopsida","Rosales","Rosaceae","Potentilla","Potentilla gracilis","Potentilla gracilis","Douglas ex Hook.","5365416",
,"Potentilla gracilis","Potentilla gracilis Douglas ex Hook.","5365416","EXACT","99","ACCEPTED","SPECIES","Plantae","Tracheophyta","Magnoliopsida","Rosales","Rosaceae","Potentilla","Potentilla gracilis","Potentilla gracilis","Douglas ex Hook.","5365416",
,"Potentilla gracilis","Potentilla gracilis Douglas ex Hook.","5365416","EXACT","99","ACCEPTED","SPECIES","Plantae","Tracheophyta","Magnoliopsida","Rosales","Rosaceae","Potentilla","Potentilla gracilis","Potentilla gracilis","Douglas ex Hook.","5365416",
,"Potentilla gracilis","Potentilla gracilis Douglas ex Hook.","5365416","EXACT","99","ACCEPTED","SPECIES","Plantae","Tracheophyta","Magnoliopsida","Rosales","Rosaceae","Potentilla","Potentilla gracilis","Potentilla gracilis","Douglas ex Hook.","5365416",
,"Potentilla gracilis","Potentilla gracilis Douglas ex Hook.","5365416","EXACT","99","ACCEPTED","SPECIES","Plantae","Tracheophyta","Magnoliopsida","Rosales","Rosaceae","Potentilla","Potentilla gracilis","Potentilla gracilis","Douglas ex Hook.","5365416",
,"Potentilla gracilis","Potentilla gracilis Douglas ex Hook.","5365416","EXACT","99","ACCEPTED","SPECIES","Plantae","Tracheophyta","Magnoliopsida","Rosales","Rosaceae","Potentilla","Potentilla gracilis","Potentilla gracilis","Douglas ex Hook.","5365416",
,"Potentilla gracilis","Potentilla gracilis Douglas ex Hook.","5365416","EXACT","99","ACCEPTED","SPECIES","Plantae","Tracheophyta","Magnoliopsida","Rosales","Rosaceae","Potentilla","Potentilla gracilis","Potentilla gracilis","Douglas ex Hook.","5365416",
,"Potentilla gracilis","Potentilla gracilis Douglas ex Hook.","5365416","EXACT","99","ACCEPTED","SPECIES","Plantae","Tracheophyta","Magnoliopsida","Rosales","Rosaceae","Potentilla","Potentilla gracilis","Potentilla gracilis","Douglas ex Hook.","5365416",
,"Potentilla gracilis","Potentilla gracilis Douglas ex Hook.","5365416","EXACT","99","ACCEPTED","SPECIES","Plantae","Tracheophyta","Magnoliopsida","Rosales","Rosaceae","Potentilla","Potentilla gracilis","Potentilla gracilis","Douglas ex Hook.","5365416",
,"Potentilla gracilis","Potentilla gracilis Douglas ex Hook.","5365416","EXACT","99","ACCEPTED","SPECIES","Plantae","Tracheophyta","Magnoliopsida","Rosales","Rosaceae","Potentilla","Potentilla gracilis","Potentilla gracilis","Douglas ex Hook.","5365416",
,"Potentilla gracilis","Potentilla gracilis Douglas ex Hook.","5365416","EXACT","99","ACCEPTED","SPECIES","Plantae","Tracheophyta","Magnoliopsida","Rosales","Rosaceae","Potentilla","Potentilla gracilis","Potentilla gracilis","Douglas ex Hook.","5365416",
,"Veronica scutellata","Veronica scutellata L.","3172072","EXACT","100","ACCEPTED","SPECIES","Plantae","Tracheophyta","Magnoliopsida","Lamiales","Plantaginaceae","Veronica","Veronica scutellata","Veronica scutellata","L.","3172072",
,"Myosotis laxa","Myosotis laxa (Sam.) Hyl. ex Nordh.","12186874","EXACT","99","ACCEPTED","SPECIES","Plantae","Tracheophyta","Magnoliopsida","Boraginales","Boraginaceae","Myosotis","Myosotis laxa","Myosotis laxa","(Sam.) Hyl. ex Nordh.","12186874",
,"Downingia bicornuta","Downingia bicornuta A.Gray","3166317","EXACT","100","ACCEPTED","SPECIES","Plantae","Tracheophyta","Magnoliopsida","Asterales","Campanulaceae","Downingia","Downingia bicornuta","Downingia bicornuta","A.Gray","3166317",
,"Rosa nutkana","Rosa nutkana C.Presl","3011070","EXACT","100","ACCEPTED","SPECIES","Plantae","Tracheophyta","Magnoliopsida","Rosales","Rosaceae","Rosa","Rosa nutkana","Rosa nutkana","C.Presl","3011070",
,"Rosa nutkana","Rosa nutkana C.Presl","3011070","EXACT","100","ACCEPTED","SPECIES","Plantae","Tracheophyta","Magnoliopsida","Rosales","Rosaceae","Rosa","Rosa nutkana","Rosa nutkana","C.Presl","3011070",
,"Plagiobothrys figuratus","Plagiobothrys figuratus (Piper) I.M.Johnst.","8164333","EXACT","99","ACCEPTED","SPECIES","Plantae","Tracheophyta","Magnoliopsida","Boraginales","Boraginaceae","Plagiobothrys","Plagiobothrys figuratus","Plagiobothrys figuratus","(Piper) I.M.Johnst.","8164333",
,"Plagiobothrys figuratus","Plagiobothrys figuratus (Piper) I.M.Johnst.","8164333","EXACT","99","ACCEPTED","SPECIES","Plantae","Tracheophyta","Magnoliopsida","Boraginales","Boraginaceae","Plagiobothrys","Plagiobothrys figuratus","Plagiobothrys figuratus","(Piper) I.M.Johnst.","8164333",
,"Allium sp1","Allium L.","9624496","HIGHERRANK","95","ACCEPTED","GENUS","Plantae","Tracheophyta","Liliopsida","Asparagales","Amaryllidaceae","Allium",,"Allium","L.","9624496",
,"Plagiobothrys figuratus","Plagiobothrys figuratus (Piper) I.M.Johnst.","8164333","EXACT","99","ACCEPTED","SPECIES","Plantae","Tracheophyta","Magnoliopsida","Boraginales","Boraginaceae","Plagiobothrys","Plagiobothrys figuratus","Plagiobothrys figuratus","(Piper) I.M.Johnst.","8164333",
,"Linum bienne","Linum bienne Mill.","2873896","EXACT","100","ACCEPTED","SPECIES","Plantae","Tracheophyta","Magnoliopsida","Malpighiales","Linaceae","Linum","Linum bienne","Linum bienne","Mill.","2873896",
,"Potentilla gracilis","Potentilla gracilis Douglas ex Hook.","5365416","EXACT","99","ACCEPTED","SPECIES","Plantae","Tracheophyta","Magnoliopsida","Rosales","Rosaceae","Potentilla","Potentilla gracilis","Potentilla gracilis","Douglas ex Hook.","5365416",
,"Potentilla gracilis","Potentilla gracilis Douglas ex Hook.","5365416","EXACT","99","ACCEPTED","SPECIES","Plantae","Tracheophyta","Magnoliopsida","Rosales","Rosaceae","Potentilla","Potentilla gracilis","Potentilla gracilis","Douglas ex Hook.","5365416",
,"Potentilla gracilis","Potentilla gracilis Douglas ex Hook.","5365416","EXACT","99","ACCEPTED","SPECIES","Plantae","Tracheophyta","Magnoliopsida","Rosales","Rosaceae","Potentilla","Potentilla gracilis","Potentilla gracilis","Douglas ex Hook.","5365416",
,"Potentilla gracilis","Potentilla gracilis Douglas ex Hook.","5365416","EXACT","99","ACCEPTED","SPECIES","Plantae","Tracheophyta","Magnoliopsida","Rosales","Rosaceae","Potentilla","Potentilla gracilis","Potentilla gracilis","Douglas ex Hook.","5365416",
,"Eriophyllum lanatum","Eriophyllum lanatum (Pursh) Forbes","3130472","EXACT","100","ACCEPTED","SPECIES","Plantae","Tracheophyta","Magnoliopsida","Asterales","Asteraceae","Eriophyllum","Eriophyllum lanatum","Eriophyllum lanatum","(Pursh) Forbes","3130472",
,"Eriophyllum lanatum","Eriophyllum lanatum (Pursh) Forbes","3130472","EXACT","100","ACCEPTED","SPECIES","Plantae","Tracheophyta","Magnoliopsida","Asterales","Asteraceae","Eriophyllum","Eriophyllum lanatum","Eriophyllum lanatum","(Pursh) Forbes","3130472",
,"Eriophyllum lanatum","Eriophyllum lanatum (Pursh) Forbes","3130472","EXACT","100","ACCEPTED","SPECIES","Plantae","Tracheophyta","Magnoliopsida","Asterales","Asteraceae","Eriophyllum","Eriophyllum lanatum","Eriophyllum lanatum","(Pursh) Forbes","3130472",
,"Eriophyllum lanatum","Eriophyllum lanatum (Pursh) Forbes","3130472","EXACT","100","ACCEPTED","SPECIES","Plantae","Tracheophyta","Magnoliopsida","Asterales","Asteraceae","Eriophyllum","Eriophyllum lanatum","Eriophyllum lanatum","(Pursh) Forbes","3130472",
,"Eriophyllum lanatum","Eriophyllum lanatum (Pursh) Forbes","3130472","EXACT","100","ACCEPTED","SPECIES","Plantae","Tracheophyta","Magnoliopsida","Asterales","Asteraceae","Eriophyllum","Eriophyllum lanatum","Eriophyllum lanatum","(Pursh) Forbes","3130472",
,"Eriophyllum lanatum","Eriophyllum lanatum (Pursh) Forbes","3130472","EXACT","100","ACCEPTED","SPECIES","Plantae","Tracheophyta","Magnoliopsida","Asterales","Asteraceae","Eriophyllum","Eriophyllum lanatum","Eriophyllum lanatum","(Pursh) Forbes","3130472",
,"Eriophyllum lanatum","Eriophyllum lanatum (Pursh) Forbes","3130472","EXACT","100","ACCEPTED","SPECIES","Plantae","Tracheophyta","Magnoliopsida","Asterales","Asteraceae","Eriophyllum","Eriophyllum lanatum","Eriophyllum lanatum","(Pursh) Forbes","3130472",
,"Eriophyllum lanatum","Eriophyllum lanatum (Pursh) Forbes","3130472","EXACT","100","ACCEPTED","SPECIES","Plantae","Tracheophyta","Magnoliopsida","Asterales","Asteraceae","Eriophyllum","Eriophyllum lanatum","Eriophyllum lanatum","(Pursh) Forbes","3130472",
,"Eriophyllum lanatum","Eriophyllum lanatum (Pursh) Forbes","3130472","EXACT","100","ACCEPTED","SPECIES","Plantae","Tracheophyta","Magnoliopsida","Asterales","Asteraceae","Eriophyllum","Eriophyllum lanatum","Eriophyllum lanatum","(Pursh) Forbes","3130472",
,"Eriophyllum lanatum","Eriophyllum lanatum (Pursh) Forbes","3130472","EXACT","100","ACCEPTED","SPECIES","Plantae","Tracheophyta","Magnoliopsida","Asterales","Asteraceae","Eriophyllum","Eriophyllum lanatum","Eriophyllum lanatum","(Pursh) Forbes","3130472",
,"Eriophyllum lanatum","Eriophyllum lanatum (Pursh) Forbes","3130472","EXACT","100","ACCEPTED","SPECIES","Plantae","Tracheophyta","Magnoliopsida","Asterales","Asteraceae","Eriophyllum","Eriophyllum lanatum","Eriophyllum lanatum","(Pursh) Forbes","3130472",
,"Eriophyllum lanatum","Eriophyllum lanatum (Pursh) Forbes","3130472","EXACT","100","ACCEPTED","SPECIES","Plantae","Tracheophyta","Magnoliopsida","Asterales","Asteraceae","Eriophyllum","Eriophyllum lanatum","Eriophyllum lanatum","(Pursh) Forbes","3130472",
,"Eriophyllum lanatum","Eriophyllum lanatum (Pursh) Forbes","3130472","EXACT","100","ACCEPTED","SPECIES","Plantae","Tracheophyta","Magnoliopsida","Asterales","Asteraceae","Eriophyllum","Eriophyllum lanatum","Eriophyllum lanatum","(Pursh) Forbes","3130472",
,"Myosotis dicsolor","Myosotis discolor Pers.","5341177","FUZZY","96","ACCEPTED","SPECIES","Plantae","Tracheophyta","Magnoliopsida","Boraginales","Boraginaceae","Myosotis","Myosotis discolor","Myosotis discolor","Pers.","5341177",
,"Geramium dissectum","Geranium dissectum L.","2890040","FUZZY","89","ACCEPTED","SPECIES","Plantae","Tracheophyta","Magnoliopsida","Geraniales","Geraniaceae","Geranium","Geranium dissectum","Geranium dissectum","L.","2890040",
,"Potentilla gracilis","Potentilla gracilis Douglas ex Hook.","5365416","EXACT","99","ACCEPTED","SPECIES","Plantae","Tracheophyta","Magnoliopsida","Rosales","Rosaceae","Potentilla","Potentilla gracilis","Potentilla gracilis","Douglas ex Hook.","5365416",
,"Potentilla gracilis","Potentilla gracilis Douglas ex Hook.","5365416","EXACT","99","ACCEPTED","SPECIES","Plantae","Tracheophyta","Magnoliopsida","Rosales","Rosaceae","Potentilla","Potentilla gracilis","Potentilla gracilis","Douglas ex Hook.","5365416",
,"Potentilla gracilis","Potentilla gracilis Douglas ex Hook.","5365416","EXACT","99","ACCEPTED","SPECIES","Plantae","Tracheophyta","Magnoliopsida","Rosales","Rosaceae","Potentilla","Potentilla gracilis","Potentilla gracilis","Douglas ex Hook.","5365416",
,"Potentilla gracilis","Potentilla gracilis Douglas ex Hook.","5365416","EXACT","99","ACCEPTED","SPECIES","Plantae","Tracheophyta","Magnoliopsida","Rosales","Rosaceae","Potentilla","Potentilla gracilis","Potentilla gracilis","Douglas ex Hook.","5365416",
,"Potentilla gracilis","Potentilla gracilis Douglas ex Hook.","5365416","EXACT","99","ACCEPTED","SPECIES","Plantae","Tracheophyta","Magnoliopsida","Rosales","Rosaceae","Potentilla","Potentilla gracilis","Potentilla gracilis","Douglas ex Hook.","5365416",
,"Potentilla gracilis","Potentilla gracilis Douglas ex Hook.","5365416","EXACT","99","ACCEPTED","SPECIES","Plantae","Tracheophyta","Magnoliopsida","Rosales","Rosaceae","Potentilla","Potentilla gracilis","Potentilla gracilis","Douglas ex Hook.","5365416",
,"Parentucellia viscosa","Parentucellia viscosa (L.) Caruel","3171818","EXACT","99","SYNONYM","SPECIES","Plantae","Tracheophyta","Magnoliopsida","Lamiales","Orobanchaceae","Bellardia","Bellardia viscosa","Parentucellia viscosa","(L.) Caruel","3171818","7733140"
,"Parentucellia viscosa","Parentucellia viscosa (L.) Caruel","3171818","EXACT","99","SYNONYM","SPECIES","Plantae","Tracheophyta","Magnoliopsida","Lamiales","Orobanchaceae","Bellardia","Bellardia viscosa","Parentucellia viscosa","(L.) Caruel","3171818","7733140"
,"Castilleja levisecta","Castilleja levisecta Greenm.","3170657","EXACT","100","ACCEPTED","SPECIES","Plantae","Tracheophyta","Magnoliopsida","Lamiales","Orobanchaceae","Castilleja","Castilleja levisecta","Castilleja levisecta","Greenm.","3170657",
,"Castilleja levisecta","Castilleja levisecta Greenm.","3170657","EXACT","100","ACCEPTED","SPECIES","Plantae","Tracheophyta","Magnoliopsida","Lamiales","Orobanchaceae","Castilleja","Castilleja levisecta","Castilleja levisecta","Greenm.","3170657",
,"Castilleja levisecta","Castilleja levisecta Greenm.","3170657","EXACT","100","ACCEPTED","SPECIES","Plantae","Tracheophyta","Magnoliopsida","Lamiales","Orobanchaceae","Castilleja","Castilleja levisecta","Castilleja levisecta","Greenm.","3170657",
,"Castilleja levisecta","Castilleja levisecta Greenm.","3170657","EXACT","100","ACCEPTED","SPECIES","Plantae","Tracheophyta","Magnoliopsida","Lamiales","Orobanchaceae","Castilleja","Castilleja levisecta","Castilleja levisecta","Greenm.","3170657",
,"Sidalcea virgata","Sidalcea virgata Howell","3939895","EXACT","100","SYNONYM","SPECIES","Plantae","Tracheophyta","Magnoliopsida","Malvales","Malvaceae","Sidalcea","Sidalcea asprella","Sidalcea virgata","Howell","3939895","11160737"
,"Vicia sativa","Vicia sativa L.","2975014","EXACT","99","ACCEPTED","SPECIES","Plantae","Tracheophyta","Magnoliopsida","Fabales","Fabaceae","Vicia","Vicia sativa","Vicia sativa","L.","2975014",
,"Rumex acetosella","Rumex acetosella L.","2888995","EXACT","99","ACCEPTED","SPECIES","Plantae","Tracheophyta","Magnoliopsida","Caryophyllales","Polygonaceae","Rumex","Rumex acetosella","Rumex acetosella","L.","2888995",
,"Crepis capillaris","Crepis capillaris (L.) Wallr.","5403304","EXACT","100","ACCEPTED","SPECIES","Plantae","Tracheophyta","Magnoliopsida","Asterales","Asteraceae","Crepis","Crepis capillaris","Crepis capillaris","(L.) Wallr.","5403304",
,"Leucanthemum vulgare","Leucanthemum vulgare Lam.","8848598","EXACT","100","ACCEPTED","SPECIES","Plantae","Tracheophyta","Magnoliopsida","Asterales","Asteraceae","Leucanthemum","Leucanthemum vulgare","Leucanthemum vulgare","Lam.","8848598",
,"Leucanthemum vulgare","Leucanthemum vulgare Lam.","8848598","EXACT","100","ACCEPTED","SPECIES","Plantae","Tracheophyta","Magnoliopsida","Asterales","Asteraceae","Leucanthemum","Leucanthemum vulgare","Leucanthemum vulgare","Lam.","8848598",
,"Leucanthemum vulgare","Leucanthemum vulgare Lam.","8848598","EXACT","100","ACCEPTED","SPECIES","Plantae","Tracheophyta","Magnoliopsida","Asterales","Asteraceae","Leucanthemum","Leucanthemum vulgare","Leucanthemum vulgare","Lam.","8848598",
,"Leucanthemum vulgare","Leucanthemum vulgare Lam.","8848598","EXACT","100","ACCEPTED","SPECIES","Plantae","Tracheophyta","Magnoliopsida","Asterales","Asteraceae","Leucanthemum","Leucanthemum vulgare","Leucanthemum vulgare","Lam.","8848598",
,"Leucanthemum vulgare","Leucanthemum vulgare Lam.","8848598","EXACT","100","ACCEPTED","SPECIES","Plantae","Tracheophyta","Magnoliopsida","Asterales","Asteraceae","Leucanthemum","Leucanthemum vulgare","Leucanthemum vulgare","Lam.","8848598",
,"Leucanthemum vulgare","Leucanthemum vulgare Lam.","8848598","EXACT","100","ACCEPTED","SPECIES","Plantae","Tracheophyta","Magnoliopsida","Asterales","Asteraceae","Leucanthemum","Leucanthemum vulgare","Leucanthemum vulgare","Lam.","8848598",
,"Eriophyllum lanatum","Eriophyllum lanatum (Pursh) Forbes","3130472","EXACT","100","ACCEPTED","SPECIES","Plantae","Tracheophyta","Magnoliopsida","Asterales","Asteraceae","Eriophyllum","Eriophyllum lanatum","Eriophyllum lanatum","(Pursh) Forbes","3130472",
,"Acmispon parviflorus","Acmispon parviflorus (Benth.) D.D.Sokoloff","2975796","EXACT","100","ACCEPTED","SPECIES","Plantae","Tracheophyta","Magnoliopsida","Fabales","Fabaceae","Acmispon","Acmispon parviflorus","Acmispon parviflorus","(Benth.) D.D.Sokoloff","2975796",
,"Plantago lanceolata","Plantago lanceolata L.","8208358","EXACT","99","ACCEPTED","SPECIES","Plantae","Tracheophyta","Magnoliopsida","Lamiales","Plantaginaceae","Plantago","Plantago lanceolata","Plantago lanceolata","L.","8208358",
,"Iris tenax
tenax","Iris tenax subsp. tenax","5708172","EXACT","100","ACCEPTED","SUBSPECIES","Plantae","Tracheophyta","Liliopsida","Asparagales","Iridaceae","Iris","Iris tenax","Iris tenax tenax",,"5708172",
,"Plagiobothrys figuratus","Plagiobothrys figuratus (Piper) I.M.Johnst.","8164333","EXACT","99","ACCEPTED","SPECIES","Plantae","Tracheophyta","Magnoliopsida","Boraginales","Boraginaceae","Plagiobothrys","Plagiobothrys figuratus","Plagiobothrys figuratus","(Piper) I.M.Johnst.","8164333",
,"Plagiobothrys figuratus","Plagiobothrys figuratus (Piper) I.M.Johnst.","8164333","EXACT","99","ACCEPTED","SPECIES","Plantae","Tracheophyta","Magnoliopsida","Boraginales","Boraginaceae","Plagiobothrys","Plagiobothrys figuratus","Plagiobothrys figuratus","(Piper) I.M.Johnst.","8164333",
,"Rosa nutkana","Rosa nutkana C.Presl","3011070","EXACT","100","ACCEPTED","SPECIES","Plantae","Tracheophyta","Magnoliopsida","Rosales","Rosaceae","Rosa","Rosa nutkana","Rosa nutkana","C.Presl","3011070",
,"Hosackia gracilis","Hosackia gracilis Benth.","2939904","EXACT","100","ACCEPTED","SPECIES","Plantae","Tracheophyta","Magnoliopsida","Fabales","Fabaceae","Hosackia","Hosackia gracilis","Hosackia gracilis","Benth.","2939904",
,"Toxicoscordion venenosum","Toxicoscordion venenosum (S.Watson) Rydb.","2741783","EXACT","100","ACCEPTED","SPECIES","Plantae","Tracheophyta","Liliopsida","Liliales","Melanthiaceae","Toxicoscordion","Toxicoscordion venenosum","Toxicoscordion venenosum","(S.Watson) Rydb.","2741783",
,"Toxicoscordion venenosum","Toxicoscordion venenosum (S.Watson) Rydb.","2741783","EXACT","100","ACCEPTED","SPECIES","Plantae","Tracheophyta","Liliopsida","Liliales","Melanthiaceae","Toxicoscordion","Toxicoscordion venenosum","Toxicoscordion venenosum","(S.Watson) Rydb.","2741783",
,"Toxicoscordion venenosum","Toxicoscordion venenosum (S.Watson) Rydb.","2741783","EXACT","100","ACCEPTED","SPECIES","Plantae","Tracheophyta","Liliopsida","Liliales","Melanthiaceae","Toxicoscordion","Toxicoscordion venenosum","Toxicoscordion venenosum","(S.Watson) Rydb.","2741783",
,"Myosotis dicsolor","Myosotis discolor Pers.","5341177","FUZZY","96","ACCEPTED","SPECIES","Plantae","Tracheophyta","Magnoliopsida","Boraginales","Boraginaceae","Myosotis","Myosotis discolor","Myosotis discolor","Pers.","5341177",
,"Plagiobothrys figuratus","Plagiobothrys figuratus (Piper) I.M.Johnst.","8164333","EXACT","99","ACCEPTED","SPECIES","Plantae","Tracheophyta","Magnoliopsida","Boraginales","Boraginaceae","Plagiobothrys","Plagiobothrys figuratus","Plagiobothrys figuratus","(Piper) I.M.Johnst.","8164333",
,"Plagiobothrys figuratus","Plagiobothrys figuratus (Piper) I.M.Johnst.","8164333","EXACT","99","ACCEPTED","SPECIES","Plantae","Tracheophyta","Magnoliopsida","Boraginales","Boraginaceae","Plagiobothrys","Plagiobothrys figuratus","Plagiobothrys figuratus","(Piper) I.M.Johnst.","8164333",
,"Plagiobothrys figuratus","Plagiobothrys figuratus (Piper) I.M.Johnst.","8164333","EXACT","99","ACCEPTED","SPECIES","Plantae","Tracheophyta","Magnoliopsida","Boraginales","Boraginaceae","Plagiobothrys","Plagiobothrys figuratus","Plagiobothrys figuratus","(Piper) I.M.Johnst.","8164333",
,"Micranthes oregana","Micranthes oregana (Howell) Small","5939572","EXACT","100","ACCEPTED","SPECIES","Plantae","Tracheophyta","Magnoliopsida","Saxifragales","Saxifragaceae","Micranthes","Micranthes oregana","Micranthes oregana","(Howell) Small","5939572",
,"Eriophyllum lanatum","Eriophyllum lanatum (Pursh) Forbes","3130472","EXACT","100","ACCEPTED","SPECIES","Plantae","Tracheophyta","Magnoliopsida","Asterales","Asteraceae","Eriophyllum","Eriophyllum lanatum","Eriophyllum lanatum","(Pursh) Forbes","3130472",
,"Castilleja tenuis","Castilleja tenuis (A.Heller) T.I.Chuang & Heckard","3170601","EXACT","100","ACCEPTED","SPECIES","Plantae","Tracheophyta","Magnoliopsida","Lamiales","Orobanchaceae","Castilleja","Castilleja tenuis","Castilleja tenuis","(A.Heller) T.I.Chuang & Heckard","3170601",
,"Toxicoscordion venenosum","Toxicoscordion venenosum (S.Watson) Rydb.","2741783","EXACT","100","ACCEPTED","SPECIES","Plantae","Tracheophyta","Liliopsida","Liliales","Melanthiaceae","Toxicoscordion","Toxicoscordion venenosum","Toxicoscordion venenosum","(S.Watson) Rydb.","2741783",
,"Toxicoscordion venenosum","Toxicoscordion venenosum (S.Watson) Rydb.","2741783","EXACT","100","ACCEPTED","SPECIES","Plantae","Tracheophyta","Liliopsida","Liliales","Melanthiaceae","Toxicoscordion","Toxicoscordion venenosum","Toxicoscordion venenosum","(S.Watson) Rydb.","2741783",
,"Geramium dissectum","Geranium dissectum L.","2890040","FUZZY","89","ACCEPTED","SPECIES","Plantae","Tracheophyta","Magnoliopsida","Geraniales","Geraniaceae","Geranium","Geranium dissectum","Geranium dissectum","L.","2890040",
,"Rosa nutkana","Rosa nutkana C.Presl","3011070","EXACT","100","ACCEPTED","SPECIES","Plantae","Tracheophyta","Magnoliopsida","Rosales","Rosaceae","Rosa","Rosa nutkana","Rosa nutkana","C.Presl","3011070",
,"Plagiobothrys figuratus","Plagiobothrys figuratus (Piper) I.M.Johnst.","8164333","EXACT","99","ACCEPTED","SPECIES","Plantae","Tracheophyta","Magnoliopsida","Boraginales","Boraginaceae","Plagiobothrys","Plagiobothrys figuratus","Plagiobothrys figuratus","(Piper) I.M.Johnst.","8164333",
,"Eriophyllum lanatum","Eriophyllum lanatum (Pursh) Forbes","3130472","EXACT","100","ACCEPTED","SPECIES","Plantae","Tracheophyta","Magnoliopsida","Asterales","Asteraceae","Eriophyllum","Eriophyllum lanatum","Eriophyllum lanatum","(Pursh) Forbes","3130472",
,"Microseris laciniata","Microseris laciniata (Hook.) Sch.Bip.","5399438","EXACT","100","ACCEPTED","SPECIES","Plantae","Tracheophyta","Magnoliopsida","Asterales","Asteraceae","Microseris","Microseris laciniata","Microseris laciniata","(Hook.) Sch.Bip.","5399438",
,"Microseris laciniata","Microseris laciniata (Hook.) Sch.Bip.","5399438","EXACT","100","ACCEPTED","SPECIES","Plantae","Tracheophyta","Magnoliopsida","Asterales","Asteraceae","Microseris","Microseris laciniata","Microseris laciniata","(Hook.) Sch.Bip.","5399438",
,"Potentilla gracilis","Potentilla gracilis Douglas ex Hook.","5365416","EXACT","99","ACCEPTED","SPECIES","Plantae","Tracheophyta","Magnoliopsida","Rosales","Rosaceae","Potentilla","Potentilla gracilis","Potentilla gracilis","Douglas ex Hook.","5365416",
,"Potentilla gracilis","Potentilla gracilis Douglas ex Hook.","5365416","EXACT","99","ACCEPTED","SPECIES","Plantae","Tracheophyta","Magnoliopsida","Rosales","Rosaceae","Potentilla","Potentilla gracilis","Potentilla gracilis","Douglas ex Hook.","5365416",
,"Potentilla gracilis","Potentilla gracilis Douglas ex Hook.","5365416","EXACT","99","ACCEPTED","SPECIES","Plantae","Tracheophyta","Magnoliopsida","Rosales","Rosaceae","Potentilla","Potentilla gracilis","Potentilla gracilis","Douglas ex Hook.","5365416",
,"Potentilla gracilis","Potentilla gracilis Douglas ex Hook.","5365416","EXACT","99","ACCEPTED","SPECIES","Plantae","Tracheophyta","Magnoliopsida","Rosales","Rosaceae","Potentilla","Potentilla gracilis","Potentilla gracilis","Douglas ex Hook.","5365416",
,"Hypochaeris radicata","Hypochaeris radicata L.","3093702","EXACT","100","ACCEPTED","SPECIES","Plantae","Tracheophyta","Magnoliopsida","Asterales","Asteraceae","Hypochaeris","Hypochaeris radicata","Hypochaeris radicata","L.","3093702",
,"Hypochaeris radicata","Hypochaeris radicata L.","3093702","EXACT","100","ACCEPTED","SPECIES","Plantae","Tracheophyta","Magnoliopsida","Asterales","Asteraceae","Hypochaeris","Hypochaeris radicata","Hypochaeris radicata","L.","3093702",
,"Allium sp1","Allium L.","9624496","HIGHERRANK","95","ACCEPTED","GENUS","Plantae","Tracheophyta","Liliopsida","Asparagales","Amaryllidaceae","Allium",,"Allium","L.","9624496",
,"Erigeron decumbens","Erigeron decumbens Nutt.","7845106","EXACT","99","ACCEPTED","SPECIES","Plantae","Tracheophyta","Magnoliopsida","Asterales","Asteraceae","Erigeron","Erigeron decumbens","Erigeron decumbens","Nutt.","7845106",
,"Eriophyllum lanatum","Eriophyllum lanatum (Pursh) Forbes","3130472","EXACT","100","ACCEPTED","SPECIES","Plantae","Tracheophyta","Magnoliopsida","Asterales","Asteraceae","Eriophyllum","Eriophyllum lanatum","Eriophyllum lanatum","(Pursh) Forbes","3130472",
,"Hypochaeris radicata","Hypochaeris radicata L.","3093702","EXACT","100","ACCEPTED","SPECIES","Plantae","Tracheophyta","Magnoliopsida","Asterales","Asteraceae","Hypochaeris","Hypochaeris radicata","Hypochaeris radicata","L.","3093702",
,"Hypochaeris radicata","Hypochaeris radicata L.","3093702","EXACT","100","ACCEPTED","SPECIES","Plantae","Tracheophyta","Magnoliopsida","Asterales","Asteraceae","Hypochaeris","Hypochaeris radicata","Hypochaeris radicata","L.","3093702",
,"Hypochaeris radicata","Hypochaeris radicata L.","3093702","EXACT","100","ACCEPTED","SPECIES","Plantae","Tracheophyta","Magnoliopsida","Asterales","Asteraceae","Hypochaeris","Hypochaeris radicata","Hypochaeris radicata","L.","3093702",
,"Erigeron decumbens","Erigeron decumbens Nutt.","7845106","EXACT","99","ACCEPTED","SPECIES","Plantae","Tracheophyta","Magnoliopsida","Asterales","Asteraceae","Erigeron","Erigeron decumbens","Erigeron decumbens","Nutt.","7845106",
,"Myosotis dicsolor","Myosotis discolor Pers.","5341177","FUZZY","96","ACCEPTED","SPECIES","Plantae","Tracheophyta","Magnoliopsida","Boraginales","Boraginaceae","Myosotis","Myosotis discolor","Myosotis discolor","Pers.","5341177",
,"Plagiobothrys figuratus","Plagiobothrys figuratus (Piper) I.M.Johnst.","8164333","EXACT","99","ACCEPTED","SPECIES","Plantae","Tracheophyta","Magnoliopsida","Boraginales","Boraginaceae","Plagiobothrys","Plagiobothrys figuratus","Plagiobothrys figuratus","(Piper) I.M.Johnst.","8164333",
,"Plagiobothrys figuratus","Plagiobothrys figuratus (Piper) I.M.Johnst.","8164333","EXACT","99","ACCEPTED","SPECIES","Plantae","Tracheophyta","Magnoliopsida","Boraginales","Boraginaceae","Plagiobothrys","Plagiobothrys figuratus","Plagiobothrys figuratus","(Piper) I.M.Johnst.","8164333",
,"Erigeron decumbens","Erigeron decumbens Nutt.","7845106","EXACT","99","ACCEPTED","SPECIES","Plantae","Tracheophyta","Magnoliopsida","Asterales","Asteraceae","Erigeron","Erigeron decumbens","Erigeron decumbens","Nutt.","7845106",
,"Wyethia angustifolia","Wyethia angustifolia (DC.) Nutt.","3091459","EXACT","100","ACCEPTED","SPECIES","Plantae","Tracheophyta","Magnoliopsida","Asterales","Asteraceae","Wyethia","Wyethia angustifolia","Wyethia angustifolia","(DC.) Nutt.","3091459",
,"Plagiobothrys figuratus","Plagiobothrys figuratus (Piper) I.M.Johnst.","8164333","EXACT","99","ACCEPTED","SPECIES","Plantae","Tracheophyta","Magnoliopsida","Boraginales","Boraginaceae","Plagiobothrys","Plagiobothrys figuratus","Plagiobothrys figuratus","(Piper) I.M.Johnst.","8164333",
,"Plagiobothrys figuratus","Plagiobothrys figuratus (Piper) I.M.Johnst.","8164333","EXACT","99","ACCEPTED","SPECIES","Plantae","Tracheophyta","Magnoliopsida","Boraginales","Boraginaceae","Plagiobothrys","Plagiobothrys figuratus","Plagiobothrys figuratus","(Piper) I.M.Johnst.","8164333",
,"Plagiobothrys figuratus","Plagiobothrys figuratus (Piper) I.M.Johnst.","8164333","EXACT","99","ACCEPTED","SPECIES","Plantae","Tracheophyta","Magnoliopsida","Boraginales","Boraginaceae","Plagiobothrys","Plagiobothrys figuratus","Plagiobothrys figuratus","(Piper) I.M.Johnst.","8164333",
,"Plagiobothrys figuratus","Plagiobothrys figuratus (Piper) I.M.Johnst.","8164333","EXACT","99","ACCEPTED","SPECIES","Plantae","Tracheophyta","Magnoliopsida","Boraginales","Boraginaceae","Plagiobothrys","Plagiobothrys figuratus","Plagiobothrys figuratus","(Piper) I.M.Johnst.","8164333",
,"Plagiobothrys figuratus","Plagiobothrys figuratus (Piper) I.M.Johnst.","8164333","EXACT","99","ACCEPTED","SPECIES","Plantae","Tracheophyta","Magnoliopsida","Boraginales","Boraginaceae","Plagiobothrys","Plagiobothrys figuratus","Plagiobothrys figuratus","(Piper) I.M.Johnst.","8164333",
,"Potentilla gracilis","Potentilla gracilis Douglas ex Hook.","5365416","EXACT","99","ACCEPTED","SPECIES","Plantae","Tracheophyta","Magnoliopsida","Rosales","Rosaceae","Potentilla","Potentilla gracilis","Potentilla gracilis","Douglas ex Hook.","5365416",
,"Potentilla gracilis","Potentilla gracilis Douglas ex Hook.","5365416","EXACT","99","ACCEPTED","SPECIES","Plantae","Tracheophyta","Magnoliopsida","Rosales","Rosaceae","Potentilla","Potentilla gracilis","Potentilla gracilis","Douglas ex Hook.","5365416",
,"Linum bienne","Linum bienne Mill.","2873896","EXACT","100","ACCEPTED","SPECIES","Plantae","Tracheophyta","Magnoliopsida","Malpighiales","Linaceae","Linum","Linum bienne","Linum bienne","Mill.","2873896",
,"Potentilla gracilis","Potentilla gracilis Douglas ex Hook.","5365416","EXACT","99","ACCEPTED","SPECIES","Plantae","Tracheophyta","Magnoliopsida","Rosales","Rosaceae","Potentilla","Potentilla gracilis","Potentilla gracilis","Douglas ex Hook.","5365416",
,"Potentilla gracilis","Potentilla gracilis Douglas ex Hook.","5365416","EXACT","99","ACCEPTED","SPECIES","Plantae","Tracheophyta","Magnoliopsida","Rosales","Rosaceae","Potentilla","Potentilla gracilis","Potentilla gracilis","Douglas ex Hook.","5365416",
,"Potentilla gracilis","Potentilla gracilis Douglas ex Hook.","5365416","EXACT","99","ACCEPTED","SPECIES","Plantae","Tracheophyta","Magnoliopsida","Rosales","Rosaceae","Potentilla","Potentilla gracilis","Potentilla gracilis","Douglas ex Hook.","5365416",
,"Potentilla gracilis","Potentilla gracilis Douglas ex Hook.","5365416","EXACT","99","ACCEPTED","SPECIES","Plantae","Tracheophyta","Magnoliopsida","Rosales","Rosaceae","Potentilla","Potentilla gracilis","Potentilla gracilis","Douglas ex Hook.","5365416",
,"Potentilla gracilis","Potentilla gracilis Douglas ex Hook.","5365416","EXACT","99","ACCEPTED","SPECIES","Plantae","Tracheophyta","Magnoliopsida","Rosales","Rosaceae","Potentilla","Potentilla gracilis","Potentilla gracilis","Douglas ex Hook.","5365416",
,"Parentucellia viscosa","Parentucellia viscosa (L.) Caruel","3171818","EXACT","99","SYNONYM","SPECIES","Plantae","Tracheophyta","Magnoliopsida","Lamiales","Orobanchaceae","Bellardia","Bellardia viscosa","Parentucellia viscosa","(L.) Caruel","3171818","7733140"
,"Castilleja levisecta","Castilleja levisecta Greenm.","3170657","EXACT","100","ACCEPTED","SPECIES","Plantae","Tracheophyta","Magnoliopsida","Lamiales","Orobanchaceae","Castilleja","Castilleja levisecta","Castilleja levisecta","Greenm.","3170657",
,"Castilleja levisecta","Castilleja levisecta Greenm.","3170657","EXACT","100","ACCEPTED","SPECIES","Plantae","Tracheophyta","Magnoliopsida","Lamiales","Orobanchaceae","Castilleja","Castilleja levisecta","Castilleja levisecta","Greenm.","3170657",
,"Lupinus oreganus","Lupinus oreganus A.Heller","2963785","EXACT","100","ACCEPTED","SPECIES","Plantae","Tracheophyta","Magnoliopsida","Fabales","Fabaceae","Lupinus","Lupinus oreganus","Lupinus oreganus","A.Heller","2963785",
,"Lupinus oreganus","Lupinus oreganus A.Heller","2963785","EXACT","100","ACCEPTED","SPECIES","Plantae","Tracheophyta","Magnoliopsida","Fabales","Fabaceae","Lupinus","Lupinus oreganus","Lupinus oreganus","A.Heller","2963785",
,"Erigeron decumbens","Erigeron decumbens Nutt.","7845106","EXACT","99","ACCEPTED","SPECIES","Plantae","Tracheophyta","Magnoliopsida","Asterales","Asteraceae","Erigeron","Erigeron decumbens","Erigeron decumbens","Nutt.","7845106",
,"Erigeron decumbens","Erigeron decumbens Nutt.","7845106","EXACT","99","ACCEPTED","SPECIES","Plantae","Tracheophyta","Magnoliopsida","Asterales","Asteraceae","Erigeron","Erigeron decumbens","Erigeron decumbens","Nutt.","7845106",
,"Erigeron decumbens","Erigeron decumbens Nutt.","7845106","EXACT","99","ACCEPTED","SPECIES","Plantae","Tracheophyta","Magnoliopsida","Asterales","Asteraceae","Erigeron","Erigeron decumbens","Erigeron decumbens","Nutt.","7845106",
,"Erigeron decumbens","Erigeron decumbens Nutt.","7845106","EXACT","99","ACCEPTED","SPECIES","Plantae","Tracheophyta","Magnoliopsida","Asterales","Asteraceae","Erigeron","Erigeron decumbens","Erigeron decumbens","Nutt.","7845106",
,"Erigeron decumbens","Erigeron decumbens Nutt.","7845106","EXACT","99","ACCEPTED","SPECIES","Plantae","Tracheophyta","Magnoliopsida","Asterales","Asteraceae","Erigeron","Erigeron decumbens","Erigeron decumbens","Nutt.","7845106",
,"Linum bienne","Linum bienne Mill.","2873896","EXACT","100","ACCEPTED","SPECIES","Plantae","Tracheophyta","Magnoliopsida","Malpighiales","Linaceae","Linum","Linum bienne","Linum bienne","Mill.","2873896",
,"Aquilegia formosa","Aquilegia formosa Fisch. ex DC.","3033169","EXACT","99","ACCEPTED","SPECIES","Plantae","Tracheophyta","Magnoliopsida","Ranunculales","Ranunculaceae","Aquilegia","Aquilegia formosa","Aquilegia formosa","Fisch. ex DC.","3033169",
,"Iris tenax
tenax","Iris tenax subsp. tenax","5708172","EXACT","100","ACCEPTED","SUBSPECIES","Plantae","Tracheophyta","Liliopsida","Asparagales","Iridaceae","Iris","Iris tenax","Iris tenax tenax",,"5708172",
,"Iris tenax
tenax","Iris tenax subsp. tenax","5708172","EXACT","100","ACCEPTED","SUBSPECIES","Plantae","Tracheophyta","Liliopsida","Asparagales","Iridaceae","Iris","Iris tenax","Iris tenax tenax",,"5708172",
,"Geramium dissectum","Geranium dissectum L.","2890040","FUZZY","89","ACCEPTED","SPECIES","Plantae","Tracheophyta","Magnoliopsida","Geraniales","Geraniaceae","Geranium","Geranium dissectum","Geranium dissectum","L.","2890040",
,"Potentilla gracilis","Potentilla gracilis Douglas ex Hook.","5365416","EXACT","99","ACCEPTED","SPECIES","Plantae","Tracheophyta","Magnoliopsida","Rosales","Rosaceae","Potentilla","Potentilla gracilis","Potentilla gracilis","Douglas ex Hook.","5365416",
,"Leucanthemum vulgare","Leucanthemum vulgare Lam.","8848598","EXACT","100","ACCEPTED","SPECIES","Plantae","Tracheophyta","Magnoliopsida","Asterales","Asteraceae","Leucanthemum","Leucanthemum vulgare","Leucanthemum vulgare","Lam.","8848598",
,"Leucanthemum vulgare","Leucanthemum vulgare Lam.","8848598","EXACT","100","ACCEPTED","SPECIES","Plantae","Tracheophyta","Magnoliopsida","Asterales","Asteraceae","Leucanthemum","Leucanthemum vulgare","Leucanthemum vulgare","Lam.","8848598",
,"Leucanthemum vulgare","Leucanthemum vulgare Lam.","8848598","EXACT","100","ACCEPTED","SPECIES","Plantae","Tracheophyta","Magnoliopsida","Asterales","Asteraceae","Leucanthemum","Leucanthemum vulgare","Leucanthemum vulgare","Lam.","8848598",
,"Leucanthemum vulgare","Leucanthemum vulgare Lam.","8848598","EXACT","100","ACCEPTED","SPECIES","Plantae","Tracheophyta","Magnoliopsida","Asterales","Asteraceae","Leucanthemum","Leucanthemum vulgare","Leucanthemum vulgare","Lam.","8848598",
,"Leucanthemum vulgare","Leucanthemum vulgare Lam.","8848598","EXACT","100","ACCEPTED","SPECIES","Plantae","Tracheophyta","Magnoliopsida","Asterales","Asteraceae","Leucanthemum","Leucanthemum vulgare","Leucanthemum vulgare","Lam.","8848598",
,"Leucanthemum vulgare","Leucanthemum vulgare Lam.","8848598","EXACT","100","ACCEPTED","SPECIES","Plantae","Tracheophyta","Magnoliopsida","Asterales","Asteraceae","Leucanthemum","Leucanthemum vulgare","Leucanthemum vulgare","Lam.","8848598",
,"Leucanthemum vulgare","Leucanthemum vulgare Lam.","8848598","EXACT","100","ACCEPTED","SPECIES","Plantae","Tracheophyta","Magnoliopsida","Asterales","Asteraceae","Leucanthemum","Leucanthemum vulgare","Leucanthemum vulgare","Lam.","8848598",
,"Leucanthemum vulgare","Leucanthemum vulgare Lam.","8848598","EXACT","100","ACCEPTED","SPECIES","Plantae","Tracheophyta","Magnoliopsida","Asterales","Asteraceae","Leucanthemum","Leucanthemum vulgare","Leucanthemum vulgare","Lam.","8848598",
,"Leucanthemum vulgare","Leucanthemum vulgare Lam.","8848598","EXACT","100","ACCEPTED","SPECIES","Plantae","Tracheophyta","Magnoliopsida","Asterales","Asteraceae","Leucanthemum","Leucanthemum vulgare","Leucanthemum vulgare","Lam.","8848598",
,"Leucanthemum vulgare","Leucanthemum vulgare Lam.","8848598","EXACT","100","ACCEPTED","SPECIES","Plantae","Tracheophyta","Magnoliopsida","Asterales","Asteraceae","Leucanthemum","Leucanthemum vulgare","Leucanthemum vulgare","Lam.","8848598",
,"Leucanthemum vulgare","Leucanthemum vulgare Lam.","8848598","EXACT","100","ACCEPTED","SPECIES","Plantae","Tracheophyta","Magnoliopsida","Asterales","Asteraceae","Leucanthemum","Leucanthemum vulgare","Leucanthemum vulgare","Lam.","8848598",
,"Heracleum maximum","Heracleum maximum W.Bartram","3034826","EXACT","100","ACCEPTED","SPECIES","Plantae","Tracheophyta","Magnoliopsida","Apiales","Apiaceae","Heracleum","Heracleum maximum","Heracleum maximum","W.Bartram","3034826",
,"Heracleum maximum","Heracleum maximum W.Bartram","3034826","EXACT","100","ACCEPTED","SPECIES","Plantae","Tracheophyta","Magnoliopsida","Apiales","Apiaceae","Heracleum","Heracleum maximum","Heracleum maximum","W.Bartram","3034826",
,"Heracleum maximum","Heracleum maximum W.Bartram","3034826","EXACT","100","ACCEPTED","SPECIES","Plantae","Tracheophyta","Magnoliopsida","Apiales","Apiaceae","Heracleum","Heracleum maximum","Heracleum maximum","W.Bartram","3034826",
,"Heracleum maximum","Heracleum maximum W.Bartram","3034826","EXACT","100","ACCEPTED","SPECIES","Plantae","Tracheophyta","Magnoliopsida","Apiales","Apiaceae","Heracleum","Heracleum maximum","Heracleum maximum","W.Bartram","3034826",
,"Heracleum maximum","Heracleum maximum W.Bartram","3034826","EXACT","100","ACCEPTED","SPECIES","Plantae","Tracheophyta","Magnoliopsida","Apiales","Apiaceae","Heracleum","Heracleum maximum","Heracleum maximum","W.Bartram","3034826",
,"Heracleum maximum","Heracleum maximum W.Bartram","3034826","EXACT","100","ACCEPTED","SPECIES","Plantae","Tracheophyta","Magnoliopsida","Apiales","Apiaceae","Heracleum","Heracleum maximum","Heracleum maximum","W.Bartram","3034826",
,"Heracleum maximum","Heracleum maximum W.Bartram","3034826","EXACT","100","ACCEPTED","SPECIES","Plantae","Tracheophyta","Magnoliopsida","Apiales","Apiaceae","Heracleum","Heracleum maximum","Heracleum maximum","W.Bartram","3034826",
,"Potentilla gracilis","Potentilla gracilis Douglas ex Hook.","5365416","EXACT","99","ACCEPTED","SPECIES","Plantae","Tracheophyta","Magnoliopsida","Rosales","Rosaceae","Potentilla","Potentilla gracilis","Potentilla gracilis","Douglas ex Hook.","5365416",
,"Potentilla gracilis","Potentilla gracilis Douglas ex Hook.","5365416","EXACT","99","ACCEPTED","SPECIES","Plantae","Tracheophyta","Magnoliopsida","Rosales","Rosaceae","Potentilla","Potentilla gracilis","Potentilla gracilis","Douglas ex Hook.","5365416",
,"Potentilla gracilis","Potentilla gracilis Douglas ex Hook.","5365416","EXACT","99","ACCEPTED","SPECIES","Plantae","Tracheophyta","Magnoliopsida","Rosales","Rosaceae","Potentilla","Potentilla gracilis","Potentilla gracilis","Douglas ex Hook.","5365416",
,"Potentilla gracilis","Potentilla gracilis Douglas ex Hook.","5365416","EXACT","99","ACCEPTED","SPECIES","Plantae","Tracheophyta","Magnoliopsida","Rosales","Rosaceae","Potentilla","Potentilla gracilis","Potentilla gracilis","Douglas ex Hook.","5365416",
,"Potentilla gracilis","Potentilla gracilis Douglas ex Hook.","5365416","EXACT","99","ACCEPTED","SPECIES","Plantae","Tracheophyta","Magnoliopsida","Rosales","Rosaceae","Potentilla","Potentilla gracilis","Potentilla gracilis","Douglas ex Hook.","5365416",
,"Potentilla gracilis","Potentilla gracilis Douglas ex Hook.","5365416","EXACT","99","ACCEPTED","SPECIES","Plantae","Tracheophyta","Magnoliopsida","Rosales","Rosaceae","Potentilla","Potentilla gracilis","Potentilla gracilis","Douglas ex Hook.","5365416",
,"Potentilla gracilis","Potentilla gracilis Douglas ex Hook.","5365416","EXACT","99","ACCEPTED","SPECIES","Plantae","Tracheophyta","Magnoliopsida","Rosales","Rosaceae","Potentilla","Potentilla gracilis","Potentilla gracilis","Douglas ex Hook.","5365416",
,"Potentilla gracilis","Potentilla gracilis Douglas ex Hook.","5365416","EXACT","99","ACCEPTED","SPECIES","Plantae","Tracheophyta","Magnoliopsida","Rosales","Rosaceae","Potentilla","Potentilla gracilis","Potentilla gracilis","Douglas ex Hook.","5365416",
,"Potentilla gracilis","Potentilla gracilis Douglas ex Hook.","5365416","EXACT","99","ACCEPTED","SPECIES","Plantae","Tracheophyta","Magnoliopsida","Rosales","Rosaceae","Potentilla","Potentilla gracilis","Potentilla gracilis","Douglas ex Hook.","5365416",
,"Potentilla gracilis","Potentilla gracilis Douglas ex Hook.","5365416","EXACT","99","ACCEPTED","SPECIES","Plantae","Tracheophyta","Magnoliopsida","Rosales","Rosaceae","Potentilla","Potentilla gracilis","Potentilla gracilis","Douglas ex Hook.","5365416",
,"Eriophyllum lanatum","Eriophyllum lanatum (Pursh) Forbes","3130472","EXACT","100","ACCEPTED","SPECIES","Plantae","Tracheophyta","Magnoliopsida","Asterales","Asteraceae","Eriophyllum","Eriophyllum lanatum","Eriophyllum lanatum","(Pursh) Forbes","3130472",
,"Eriophyllum lanatum","Eriophyllum lanatum (Pursh) Forbes","3130472","EXACT","100","ACCEPTED","SPECIES","Plantae","Tracheophyta","Magnoliopsida","Asterales","Asteraceae","Eriophyllum","Eriophyllum lanatum","Eriophyllum lanatum","(Pursh) Forbes","3130472",
,"Vicia villosa","Vicia villosa Roth","9182154","EXACT","99","ACCEPTED","SPECIES","Plantae","Tracheophyta","Magnoliopsida","Fabales","Fabaceae","Vicia","Vicia villosa","Vicia villosa","Roth","9182154",
,"Erigeron decumbens","Erigeron decumbens Nutt.","7845106","EXACT","99","ACCEPTED","SPECIES","Plantae","Tracheophyta","Magnoliopsida","Asterales","Asteraceae","Erigeron","Erigeron decumbens","Erigeron decumbens","Nutt.","7845106",
,"Linum bienne","Linum bienne Mill.","2873896","EXACT","100","ACCEPTED","SPECIES","Plantae","Tracheophyta","Magnoliopsida","Malpighiales","Linaceae","Linum","Linum bienne","Linum bienne","Mill.","2873896",
,"Sidalcea campestris","Sidalcea campestris Greene","3152730","EXACT","100","ACCEPTED","SPECIES","Plantae","Tracheophyta","Magnoliopsida","Malvales","Malvaceae","Sidalcea","Sidalcea campestris","Sidalcea campestris","Greene","3152730",
,"Sidalcea campestris","Sidalcea campestris Greene","3152730","EXACT","100","ACCEPTED","SPECIES","Plantae","Tracheophyta","Magnoliopsida","Malvales","Malvaceae","Sidalcea","Sidalcea campestris","Sidalcea campestris","Greene","3152730",
,"Sidalcea campestris","Sidalcea campestris Greene","3152730","EXACT","100","ACCEPTED","SPECIES","Plantae","Tracheophyta","Magnoliopsida","Malvales","Malvaceae","Sidalcea","Sidalcea campestris","Sidalcea campestris","Greene","3152730",
,"Sidalcea campestris","Sidalcea campestris Greene","3152730","EXACT","100","ACCEPTED","SPECIES","Plantae","Tracheophyta","Magnoliopsida","Malvales","Malvaceae","Sidalcea","Sidalcea campestris","Sidalcea campestris","Greene","3152730",
,"Sidalcea campestris","Sidalcea campestris Greene","3152730","EXACT","100","ACCEPTED","SPECIES","Plantae","Tracheophyta","Magnoliopsida","Malvales","Malvaceae","Sidalcea","Sidalcea campestris","Sidalcea campestris","Greene","3152730",
,"Sidalcea campestris","Sidalcea campestris Greene","3152730","EXACT","100","ACCEPTED","SPECIES","Plantae","Tracheophyta","Magnoliopsida","Malvales","Malvaceae","Sidalcea","Sidalcea campestris","Sidalcea campestris","Greene","3152730",
,"Sidalcea campestris","Sidalcea campestris Greene","3152730","EXACT","100","ACCEPTED","SPECIES","Plantae","Tracheophyta","Magnoliopsida","Malvales","Malvaceae","Sidalcea","Sidalcea campestris","Sidalcea campestris","Greene","3152730",
,"Sidalcea campestris","Sidalcea campestris Greene","3152730","EXACT","100","ACCEPTED","SPECIES","Plantae","Tracheophyta","Magnoliopsida","Malvales","Malvaceae","Sidalcea","Sidalcea campestris","Sidalcea campestris","Greene","3152730",
,"Sidalcea campestris","Sidalcea campestris Greene","3152730","EXACT","100","ACCEPTED","SPECIES","Plantae","Tracheophyta","Magnoliopsida","Malvales","Malvaceae","Sidalcea","Sidalcea campestris","Sidalcea campestris","Greene","3152730",
,"Madia citriodora","Madia citriodora Greene","3140926","EXACT","100","ACCEPTED","SPECIES","Plantae","Tracheophyta","Magnoliopsida","Asterales","Asteraceae","Madia","Madia citriodora","Madia citriodora","Greene","3140926",
,"Leucanthemum vulgare","Leucanthemum vulgare Lam.","8848598","EXACT","100","ACCEPTED","SPECIES","Plantae","Tracheophyta","Magnoliopsida","Asterales","Asteraceae","Leucanthemum","Leucanthemum vulgare","Leucanthemum vulgare","Lam.","8848598",
,"Potentilla gracilis","Potentilla gracilis Douglas ex Hook.","5365416","EXACT","99","ACCEPTED","SPECIES","Plantae","Tracheophyta","Magnoliopsida","Rosales","Rosaceae","Potentilla","Potentilla gracilis","Potentilla gracilis","Douglas ex Hook.","5365416",
,"Vicia tetrasperma","Vicia tetrasperma (L.) Schreb.","2975083","EXACT","99","ACCEPTED","SPECIES","Plantae","Tracheophyta","Magnoliopsida","Fabales","Fabaceae","Vicia","Vicia tetrasperma","Vicia tetrasperma","(L.) Schreb.","2975083",
,"Vicia villosa","Vicia villosa Roth","9182154","EXACT","99","ACCEPTED","SPECIES","Plantae","Tracheophyta","Magnoliopsida","Fabales","Fabaceae","Vicia","Vicia villosa","Vicia villosa","Roth","9182154",
,"Vicia villosa","Vicia villosa Roth","9182154","EXACT","99","ACCEPTED","SPECIES","Plantae","Tracheophyta","Magnoliopsida","Fabales","Fabaceae","Vicia","Vicia villosa","Vicia villosa","Roth","9182154",
,"Vicia villosa","Vicia villosa Roth","9182154","EXACT","99","ACCEPTED","SPECIES","Plantae","Tracheophyta","Magnoliopsida","Fabales","Fabaceae","Vicia","Vicia villosa","Vicia villosa","Roth","9182154",
,"Vicia villosa","Vicia villosa Roth","9182154","EXACT","99","ACCEPTED","SPECIES","Plantae","Tracheophyta","Magnoliopsida","Fabales","Fabaceae","Vicia","Vicia villosa","Vicia villosa","Roth","9182154",
,"Vicia villosa","Vicia villosa Roth","9182154","EXACT","99","ACCEPTED","SPECIES","Plantae","Tracheophyta","Magnoliopsida","Fabales","Fabaceae","Vicia","Vicia villosa","Vicia villosa","Roth","9182154",
,"Erigeron decumbens","Erigeron decumbens Nutt.","7845106","EXACT","99","ACCEPTED","SPECIES","Plantae","Tracheophyta","Magnoliopsida","Asterales","Asteraceae","Erigeron","Erigeron decumbens","Erigeron decumbens","Nutt.","7845106",
,"Madia citriodora","Madia citriodora Greene","3140926","EXACT","100","ACCEPTED","SPECIES","Plantae","Tracheophyta","Magnoliopsida","Asterales","Asteraceae","Madia","Madia citriodora","Madia citriodora","Greene","3140926",
,"Sidalcea campestris","Sidalcea campestris Greene","3152730","EXACT","100","ACCEPTED","SPECIES","Plantae","Tracheophyta","Magnoliopsida","Malvales","Malvaceae","Sidalcea","Sidalcea campestris","Sidalcea campestris","Greene","3152730",
,"Eriophyllum lanatum","Eriophyllum lanatum (Pursh) Forbes","3130472","EXACT","100","ACCEPTED","SPECIES","Plantae","Tracheophyta","Magnoliopsida","Asterales","Asteraceae","Eriophyllum","Eriophyllum lanatum","Eriophyllum lanatum","(Pursh) Forbes","3130472",
,"Eriophyllum lanatum","Eriophyllum lanatum (Pursh) Forbes","3130472","EXACT","100","ACCEPTED","SPECIES","Plantae","Tracheophyta","Magnoliopsida","Asterales","Asteraceae","Eriophyllum","Eriophyllum lanatum","Eriophyllum lanatum","(Pursh) Forbes","3130472",
,"Prunella vulgaris","Prunella vulgaris L.","5341297","EXACT","99","ACCEPTED","SPECIES","Plantae","Tracheophyta","Magnoliopsida","Lamiales","Lamiaceae","Prunella","Prunella vulgaris","Prunella vulgaris","L.","5341297",
,"Allium amplectens","Allium amplectens Torr.","2857894","EXACT","100","ACCEPTED","SPECIES","Plantae","Tracheophyta","Liliopsida","Asparagales","Amaryllidaceae","Allium","Allium amplectens","Allium amplectens","Torr.","2857894",
,"Allium amplectens","Allium amplectens Torr.","2857894","EXACT","100","ACCEPTED","SPECIES","Plantae","Tracheophyta","Liliopsida","Asparagales","Amaryllidaceae","Allium","Allium amplectens","Allium amplectens","Torr.","2857894",
,"Allium amplectens","Allium amplectens Torr.","2857894","EXACT","100","ACCEPTED","SPECIES","Plantae","Tracheophyta","Liliopsida","Asparagales","Amaryllidaceae","Allium","Allium amplectens","Allium amplectens","Torr.","2857894",
,"Allium amplectens","Allium amplectens Torr.","2857894","EXACT","100","ACCEPTED","SPECIES","Plantae","Tracheophyta","Liliopsida","Asparagales","Amaryllidaceae","Allium","Allium amplectens","Allium amplectens","Torr.","2857894",
,"Allium amplectens","Allium amplectens Torr.","2857894","EXACT","100","ACCEPTED","SPECIES","Plantae","Tracheophyta","Liliopsida","Asparagales","Amaryllidaceae","Allium","Allium amplectens","Allium amplectens","Torr.","2857894",
,"Potentilla gracilis","Potentilla gracilis Douglas ex Hook.","5365416","EXACT","99","ACCEPTED","SPECIES","Plantae","Tracheophyta","Magnoliopsida","Rosales","Rosaceae","Potentilla","Potentilla gracilis","Potentilla gracilis","Douglas ex Hook.","5365416",
,"Ranunculus flammula","Ranunculus flammula L.","3033312","EXACT","99","ACCEPTED","SPECIES","Plantae","Tracheophyta","Magnoliopsida","Ranunculales","Ranunculaceae","Ranunculus","Ranunculus flammula","Ranunculus flammula","L.","3033312",
,"Downingia yina","Downingia yina Applegate","3166279","EXACT","100","ACCEPTED","SPECIES","Plantae","Tracheophyta","Magnoliopsida","Asterales","Campanulaceae","Downingia","Downingia yina","Downingia yina","Applegate","3166279",
,"Downingia yina","Downingia yina Applegate","3166279","EXACT","100","ACCEPTED","SPECIES","Plantae","Tracheophyta","Magnoliopsida","Asterales","Campanulaceae","Downingia","Downingia yina","Downingia yina","Applegate","3166279",
,"Plagiobothrys figuratus","Plagiobothrys figuratus (Piper) I.M.Johnst.","8164333","EXACT","99","ACCEPTED","SPECIES","Plantae","Tracheophyta","Magnoliopsida","Boraginales","Boraginaceae","Plagiobothrys","Plagiobothrys figuratus","Plagiobothrys figuratus","(Piper) I.M.Johnst.","8164333",
,"Veronica scutellata","Veronica scutellata L.","3172072","EXACT","100","ACCEPTED","SPECIES","Plantae","Tracheophyta","Magnoliopsida","Lamiales","Plantaginaceae","Veronica","Veronica scutellata","Veronica scutellata","L.","3172072",
,"Triteleia hyacinthina","Triteleia hyacinthina (Lindl.) Greene","5304183","EXACT","100","ACCEPTED","SPECIES","Plantae","Tracheophyta","Liliopsida","Asparagales","Asparagaceae","Triteleia","Triteleia hyacinthina","Triteleia hyacinthina","(Lindl.) Greene","5304183",
,"Leucanthemum vulgare","Leucanthemum vulgare Lam.","8848598","EXACT","100","ACCEPTED","SPECIES","Plantae","Tracheophyta","Magnoliopsida","Asterales","Asteraceae","Leucanthemum","Leucanthemum vulgare","Leucanthemum vulgare","Lam.","8848598",
,"Leucanthemum vulgare","Leucanthemum vulgare Lam.","8848598","EXACT","100","ACCEPTED","SPECIES","Plantae","Tracheophyta","Magnoliopsida","Asterales","Asteraceae","Leucanthemum","Leucanthemum vulgare","Leucanthemum vulgare","Lam.","8848598",
,"Leucanthemum vulgare","Leucanthemum vulgare Lam.","8848598","EXACT","100","ACCEPTED","SPECIES","Plantae","Tracheophyta","Magnoliopsida","Asterales","Asteraceae","Leucanthemum","Leucanthemum vulgare","Leucanthemum vulgare","Lam.","8848598",
,"Linum bienne","Linum bienne Mill.","2873896","EXACT","100","ACCEPTED","SPECIES","Plantae","Tracheophyta","Magnoliopsida","Malpighiales","Linaceae","Linum","Linum bienne","Linum bienne","Mill.","2873896",
,"Sidalcea virgata","Sidalcea virgata Howell","3939895","EXACT","100","SYNONYM","SPECIES","Plantae","Tracheophyta","Magnoliopsida","Malvales","Malvaceae","Sidalcea","Sidalcea asprella","Sidalcea virgata","Howell","3939895","11160737"
,"Sidalcea virgata","Sidalcea virgata Howell","3939895","EXACT","100","SYNONYM","SPECIES","Plantae","Tracheophyta","Magnoliopsida","Malvales","Malvaceae","Sidalcea","Sidalcea asprella","Sidalcea virgata","Howell","3939895","11160737"
,"Sidalcea virgata","Sidalcea virgata Howell","3939895","EXACT","100","SYNONYM","SPECIES","Plantae","Tracheophyta","Magnoliopsida","Malvales","Malvaceae","Sidalcea","Sidalcea asprella","Sidalcea virgata","Howell","3939895","11160737"
,"Sidalcea virgata","Sidalcea virgata Howell","3939895","EXACT","100","SYNONYM","SPECIES","Plantae","Tracheophyta","Magnoliopsida","Malvales","Malvaceae","Sidalcea","Sidalcea asprella","Sidalcea virgata","Howell","3939895","11160737"
,"Sidalcea virgata","Sidalcea virgata Howell","3939895","EXACT","100","SYNONYM","SPECIES","Plantae","Tracheophyta","Magnoliopsida","Malvales","Malvaceae","Sidalcea","Sidalcea asprella","Sidalcea virgata","Howell","3939895","11160737"
,"Achillea millefolium","Achillea millefolium L.","3120060","EXACT","99","ACCEPTED","SPECIES","Plantae","Tracheophyta","Magnoliopsida","Asterales","Asteraceae","Achillea","Achillea millefolium","Achillea millefolium","L.","3120060",
,"Achillea millefolium","Achillea millefolium L.","3120060","EXACT","99","ACCEPTED","SPECIES","Plantae","Tracheophyta","Magnoliopsida","Asterales","Asteraceae","Achillea","Achillea millefolium","Achillea millefolium","L.","3120060",
,"Achillea millefolium","Achillea millefolium L.","3120060","EXACT","99","ACCEPTED","SPECIES","Plantae","Tracheophyta","Magnoliopsida","Asterales","Asteraceae","Achillea","Achillea millefolium","Achillea millefolium","L.","3120060",
,"Parentucellia viscosa","Parentucellia viscosa (L.) Caruel","3171818","EXACT","99","SYNONYM","SPECIES","Plantae","Tracheophyta","Magnoliopsida","Lamiales","Orobanchaceae","Bellardia","Bellardia viscosa","Parentucellia viscosa","(L.) Caruel","3171818","7733140"
,"Leucanthemum vulgare","Leucanthemum vulgare Lam.","8848598","EXACT","100","ACCEPTED","SPECIES","Plantae","Tracheophyta","Magnoliopsida","Asterales","Asteraceae","Leucanthemum","Leucanthemum vulgare","Leucanthemum vulgare","Lam.","8848598",
,"Madia citriodora","Madia citriodora Greene","3140926","EXACT","100","ACCEPTED","SPECIES","Plantae","Tracheophyta","Magnoliopsida","Asterales","Asteraceae","Madia","Madia citriodora","Madia citriodora","Greene","3140926",
,"Leontodon unknown","Leontodon L.","3137422","HIGHERRANK","95","ACCEPTED","GENUS","Plantae","Tracheophyta","Magnoliopsida","Asterales","Asteraceae","Leontodon",,"Leontodon","L.","3137422",
,"Potentilla gracilis","Potentilla gracilis Douglas ex Hook.","5365416","EXACT","99","ACCEPTED","SPECIES","Plantae","Tracheophyta","Magnoliopsida","Rosales","Rosaceae","Potentilla","Potentilla gracilis","Potentilla gracilis","Douglas ex Hook.","5365416",
,"Potentilla gracilis","Potentilla gracilis Douglas ex Hook.","5365416","EXACT","99","ACCEPTED","SPECIES","Plantae","Tracheophyta","Magnoliopsida","Rosales","Rosaceae","Potentilla","Potentilla gracilis","Potentilla gracilis","Douglas ex Hook.","5365416",
,"Potentilla gracilis","Potentilla gracilis Douglas ex Hook.","5365416","EXACT","99","ACCEPTED","SPECIES","Plantae","Tracheophyta","Magnoliopsida","Rosales","Rosaceae","Potentilla","Potentilla gracilis","Potentilla gracilis","Douglas ex Hook.","5365416",
,"Potentilla gracilis","Potentilla gracilis Douglas ex Hook.","5365416","EXACT","99","ACCEPTED","SPECIES","Plantae","Tracheophyta","Magnoliopsida","Rosales","Rosaceae","Potentilla","Potentilla gracilis","Potentilla gracilis","Douglas ex Hook.","5365416",
,"Eriophyllum lanatum","Eriophyllum lanatum (Pursh) Forbes","3130472","EXACT","100","ACCEPTED","SPECIES","Plantae","Tracheophyta","Magnoliopsida","Asterales","Asteraceae","Eriophyllum","Eriophyllum lanatum","Eriophyllum lanatum","(Pursh) Forbes","3130472",
,"Sidalcea virgata","Sidalcea virgata Howell","3939895","EXACT","100","SYNONYM","SPECIES","Plantae","Tracheophyta","Magnoliopsida","Malvales","Malvaceae","Sidalcea","Sidalcea asprella","Sidalcea virgata","Howell","3939895","11160737"
,"Sidalcea virgata","Sidalcea virgata Howell","3939895","EXACT","100","SYNONYM","SPECIES","Plantae","Tracheophyta","Magnoliopsida","Malvales","Malvaceae","Sidalcea","Sidalcea asprella","Sidalcea virgata","Howell","3939895","11160737"
,"Sidalcea virgata","Sidalcea virgata Howell","3939895","EXACT","100","SYNONYM","SPECIES","Plantae","Tracheophyta","Magnoliopsida","Malvales","Malvaceae","Sidalcea","Sidalcea asprella","Sidalcea virgata","Howell","3939895","11160737"
,"Sidalcea virgata","Sidalcea virgata Howell","3939895","EXACT","100","SYNONYM","SPECIES","Plantae","Tracheophyta","Magnoliopsida","Malvales","Malvaceae","Sidalcea","Sidalcea asprella","Sidalcea virgata","Howell","3939895","11160737"
,"Sidalcea virgata","Sidalcea virgata Howell","3939895","EXACT","100","SYNONYM","SPECIES","Plantae","Tracheophyta","Magnoliopsida","Malvales","Malvaceae","Sidalcea","Sidalcea asprella","Sidalcea virgata","Howell","3939895","11160737"
,"Sidalcea virgata","Sidalcea virgata Howell","3939895","EXACT","100","SYNONYM","SPECIES","Plantae","Tracheophyta","Magnoliopsida","Malvales","Malvaceae","Sidalcea","Sidalcea asprella","Sidalcea virgata","Howell","3939895","11160737"
,"Sidalcea virgata","Sidalcea virgata Howell","3939895","EXACT","100","SYNONYM","SPECIES","Plantae","Tracheophyta","Magnoliopsida","Malvales","Malvaceae","Sidalcea","Sidalcea asprella","Sidalcea virgata","Howell","3939895","11160737"
,"Sidalcea virgata","Sidalcea virgata Howell","3939895","EXACT","100","SYNONYM","SPECIES","Plantae","Tracheophyta","Magnoliopsida","Malvales","Malvaceae","Sidalcea","Sidalcea asprella","Sidalcea virgata","Howell","3939895","11160737"
,"Sidalcea virgata","Sidalcea virgata Howell","3939895","EXACT","100","SYNONYM","SPECIES","Plantae","Tracheophyta","Magnoliopsida","Malvales","Malvaceae","Sidalcea","Sidalcea asprella","Sidalcea virgata","Howell","3939895","11160737"
,"Erigeron decumbens","Erigeron decumbens Nutt.","7845106","EXACT","99","ACCEPTED","SPECIES","Plantae","Tracheophyta","Magnoliopsida","Asterales","Asteraceae","Erigeron","Erigeron decumbens","Erigeron decumbens","Nutt.","7845106",
,"Vicia tetrasperma","Vicia tetrasperma (L.) Schreb.","2975083","EXACT","99","ACCEPTED","SPECIES","Plantae","Tracheophyta","Magnoliopsida","Fabales","Fabaceae","Vicia","Vicia tetrasperma","Vicia tetrasperma","(L.) Schreb.","2975083",
,"Ranunculus flammula","Ranunculus flammula L.","3033312","EXACT","99","ACCEPTED","SPECIES","Plantae","Tracheophyta","Magnoliopsida","Ranunculales","Ranunculaceae","Ranunculus","Ranunculus flammula","Ranunculus flammula","L.","3033312",
,"Downingia yina","Downingia yina Applegate","3166279","EXACT","100","ACCEPTED","SPECIES","Plantae","Tracheophyta","Magnoliopsida","Asterales","Campanulaceae","Downingia","Downingia yina","Downingia yina","Applegate","3166279",
,"Downingia yina","Downingia yina Applegate","3166279","EXACT","100","ACCEPTED","SPECIES","Plantae","Tracheophyta","Magnoliopsida","Asterales","Campanulaceae","Downingia","Downingia yina","Downingia yina","Applegate","3166279",
,"Plagiobothrys figuratus","Plagiobothrys figuratus (Piper) I.M.Johnst.","8164333","EXACT","99","ACCEPTED","SPECIES","Plantae","Tracheophyta","Magnoliopsida","Boraginales","Boraginaceae","Plagiobothrys","Plagiobothrys figuratus","Plagiobothrys figuratus","(Piper) I.M.Johnst.","8164333",
,"Plagiobothrys figuratus","Plagiobothrys figuratus (Piper) I.M.Johnst.","8164333","EXACT","99","ACCEPTED","SPECIES","Plantae","Tracheophyta","Magnoliopsida","Boraginales","Boraginaceae","Plagiobothrys","Plagiobothrys figuratus","Plagiobothrys figuratus","(Piper) I.M.Johnst.","8164333",
,"Plagiobothrys figuratus","Plagiobothrys figuratus (Piper) I.M.Johnst.","8164333","EXACT","99","ACCEPTED","SPECIES","Plantae","Tracheophyta","Magnoliopsida","Boraginales","Boraginaceae","Plagiobothrys","Plagiobothrys figuratus","Plagiobothrys figuratus","(Piper) I.M.Johnst.","8164333",
,"Veronica scutellata","Veronica scutellata L.","3172072","EXACT","100","ACCEPTED","SPECIES","Plantae","Tracheophyta","Magnoliopsida","Lamiales","Plantaginaceae","Veronica","Veronica scutellata","Veronica scutellata","L.","3172072",
,"Triteleia hyacinthina","Triteleia hyacinthina (Lindl.) Greene","5304183","EXACT","100","ACCEPTED","SPECIES","Plantae","Tracheophyta","Liliopsida","Asparagales","Asparagaceae","Triteleia","Triteleia hyacinthina","Triteleia hyacinthina","(Lindl.) Greene","5304183",
,"Eriophyllum lanatum","Eriophyllum lanatum (Pursh) Forbes","3130472","EXACT","100","ACCEPTED","SPECIES","Plantae","Tracheophyta","Magnoliopsida","Asterales","Asteraceae","Eriophyllum","Eriophyllum lanatum","Eriophyllum lanatum","(Pursh) Forbes","3130472",
,"Eriophyllum lanatum","Eriophyllum lanatum (Pursh) Forbes","3130472","EXACT","100","ACCEPTED","SPECIES","Plantae","Tracheophyta","Magnoliopsida","Asterales","Asteraceae","Eriophyllum","Eriophyllum lanatum","Eriophyllum lanatum","(Pursh) Forbes","3130472",
,"Eriophyllum lanatum","Eriophyllum lanatum (Pursh) Forbes","3130472","EXACT","100","ACCEPTED","SPECIES","Plantae","Tracheophyta","Magnoliopsida","Asterales","Asteraceae","Eriophyllum","Eriophyllum lanatum","Eriophyllum lanatum","(Pursh) Forbes","3130472",
,"Allium amplectens","Allium amplectens Torr.","2857894","EXACT","100","ACCEPTED","SPECIES","Plantae","Tracheophyta","Liliopsida","Asparagales","Amaryllidaceae","Allium","Allium amplectens","Allium amplectens","Torr.","2857894",
,"Allium amplectens","Allium amplectens Torr.","2857894","EXACT","100","ACCEPTED","SPECIES","Plantae","Tracheophyta","Liliopsida","Asparagales","Amaryllidaceae","Allium","Allium amplectens","Allium amplectens","Torr.","2857894",
,"Potentilla gracilis","Potentilla gracilis Douglas ex Hook.","5365416","EXACT","99","ACCEPTED","SPECIES","Plantae","Tracheophyta","Magnoliopsida","Rosales","Rosaceae","Potentilla","Potentilla gracilis","Potentilla gracilis","Douglas ex Hook.","5365416",
,"Potentilla gracilis","Potentilla gracilis Douglas ex Hook.","5365416","EXACT","99","ACCEPTED","SPECIES","Plantae","Tracheophyta","Magnoliopsida","Rosales","Rosaceae","Potentilla","Potentilla gracilis","Potentilla gracilis","Douglas ex Hook.","5365416",
,"Potentilla gracilis","Potentilla gracilis Douglas ex Hook.","5365416","EXACT","99","ACCEPTED","SPECIES","Plantae","Tracheophyta","Magnoliopsida","Rosales","Rosaceae","Potentilla","Potentilla gracilis","Potentilla gracilis","Douglas ex Hook.","5365416",
,"Potentilla gracilis","Potentilla gracilis Douglas ex Hook.","5365416","EXACT","99","ACCEPTED","SPECIES","Plantae","Tracheophyta","Magnoliopsida","Rosales","Rosaceae","Potentilla","Potentilla gracilis","Potentilla gracilis","Douglas ex Hook.","5365416",
,"Prunella vulgaris","Prunella vulgaris L.","5341297","EXACT","99","ACCEPTED","SPECIES","Plantae","Tracheophyta","Magnoliopsida","Lamiales","Lamiaceae","Prunella","Prunella vulgaris","Prunella vulgaris","L.","5341297",
,"Achillea millefolium","Achillea millefolium L.","3120060","EXACT","99","ACCEPTED","SPECIES","Plantae","Tracheophyta","Magnoliopsida","Asterales","Asteraceae","Achillea","Achillea millefolium","Achillea millefolium","L.","3120060",
,"Achillea millefolium","Achillea millefolium L.","3120060","EXACT","99","ACCEPTED","SPECIES","Plantae","Tracheophyta","Magnoliopsida","Asterales","Asteraceae","Achillea","Achillea millefolium","Achillea millefolium","L.","3120060",
,"Achillea millefolium","Achillea millefolium L.","3120060","EXACT","99","ACCEPTED","SPECIES","Plantae","Tracheophyta","Magnoliopsida","Asterales","Asteraceae","Achillea","Achillea millefolium","Achillea millefolium","L.","3120060",
,"Leontodon unknown","Leontodon L.","3137422","HIGHERRANK","95","ACCEPTED","GENUS","Plantae","Tracheophyta","Magnoliopsida","Asterales","Asteraceae","Leontodon",,"Leontodon","L.","3137422",
,"Parentucellia viscosa","Parentucellia viscosa (L.) Caruel","3171818","EXACT","99","SYNONYM","SPECIES","Plantae","Tracheophyta","Magnoliopsida","Lamiales","Orobanchaceae","Bellardia","Bellardia viscosa","Parentucellia viscosa","(L.) Caruel","3171818","7733140"
,"Parentucellia viscosa","Parentucellia viscosa (L.) Caruel","3171818","EXACT","99","SYNONYM","SPECIES","Plantae","Tracheophyta","Magnoliopsida","Lamiales","Orobanchaceae","Bellardia","Bellardia viscosa","Parentucellia viscosa","(L.) Caruel","3171818","7733140"
,"Potentilla gracilis","Potentilla gracilis Douglas ex Hook.","5365416","EXACT","99","ACCEPTED","SPECIES","Plantae","Tracheophyta","Magnoliopsida","Rosales","Rosaceae","Potentilla","Potentilla gracilis","Potentilla gracilis","Douglas ex Hook.","5365416",
,"Vicia tetrasperma","Vicia tetrasperma (L.) Schreb.","2975083","EXACT","99","ACCEPTED","SPECIES","Plantae","Tracheophyta","Magnoliopsida","Fabales","Fabaceae","Vicia","Vicia tetrasperma","Vicia tetrasperma","(L.) Schreb.","2975083",
,"Sidalcea virgata","Sidalcea virgata Howell","3939895","EXACT","100","SYNONYM","SPECIES","Plantae","Tracheophyta","Magnoliopsida","Malvales","Malvaceae","Sidalcea","Sidalcea asprella","Sidalcea virgata","Howell","3939895","11160737"
,"Sidalcea virgata","Sidalcea virgata Howell","3939895","EXACT","100","SYNONYM","SPECIES","Plantae","Tracheophyta","Magnoliopsida","Malvales","Malvaceae","Sidalcea","Sidalcea asprella","Sidalcea virgata","Howell","3939895","11160737"
,"Erigeron decumbens","Erigeron decumbens Nutt.","7845106","EXACT","99","ACCEPTED","SPECIES","Plantae","Tracheophyta","Magnoliopsida","Asterales","Asteraceae","Erigeron","Erigeron decumbens","Erigeron decumbens","Nutt.","7845106",
,"Vicia tetrasperma","Vicia tetrasperma (L.) Schreb.","2975083","EXACT","99","ACCEPTED","SPECIES","Plantae","Tracheophyta","Magnoliopsida","Fabales","Fabaceae","Vicia","Vicia tetrasperma","Vicia tetrasperma","(L.) Schreb.","2975083",
,"Leucanthemum vulgare","Leucanthemum vulgare Lam.","8848598","EXACT","100","ACCEPTED","SPECIES","Plantae","Tracheophyta","Magnoliopsida","Asterales","Asteraceae","Leucanthemum","Leucanthemum vulgare","Leucanthemum vulgare","Lam.","8848598",
,"Heracleum maximum","Heracleum maximum W.Bartram","3034826","EXACT","100","ACCEPTED","SPECIES","Plantae","Tracheophyta","Magnoliopsida","Apiales","Apiaceae","Heracleum","Heracleum maximum","Heracleum maximum","W.Bartram","3034826",
,"Heracleum maximum","Heracleum maximum W.Bartram","3034826","EXACT","100","ACCEPTED","SPECIES","Plantae","Tracheophyta","Magnoliopsida","Apiales","Apiaceae","Heracleum","Heracleum maximum","Heracleum maximum","W.Bartram","3034826",
,"Heracleum maximum","Heracleum maximum W.Bartram","3034826","EXACT","100","ACCEPTED","SPECIES","Plantae","Tracheophyta","Magnoliopsida","Apiales","Apiaceae","Heracleum","Heracleum maximum","Heracleum maximum","W.Bartram","3034826",
,"Wyethia angustifolia","Wyethia angustifolia (DC.) Nutt.","3091459","EXACT","100","ACCEPTED","SPECIES","Plantae","Tracheophyta","Magnoliopsida","Asterales","Asteraceae","Wyethia","Wyethia angustifolia","Wyethia angustifolia","(DC.) Nutt.","3091459",
,"Wyethia angustifolia","Wyethia angustifolia (DC.) Nutt.","3091459","EXACT","100","ACCEPTED","SPECIES","Plantae","Tracheophyta","Magnoliopsida","Asterales","Asteraceae","Wyethia","Wyethia angustifolia","Wyethia angustifolia","(DC.) Nutt.","3091459",
,"Orthocarpus Nutt. bracteosus Benth.","Orthocarpus Nutt.","3171622","HIGHERRANK","100","ACCEPTED","GENUS","Plantae","Tracheophyta","Magnoliopsida","Lamiales","Orobanchaceae","Orthocarpus",,"Orthocarpus","Nutt.","3171622",
,"Hypochaeris radicata","Hypochaeris radicata L.","3093702","EXACT","100","ACCEPTED","SPECIES","Plantae","Tracheophyta","Magnoliopsida","Asterales","Asteraceae","Hypochaeris","Hypochaeris radicata","Hypochaeris radicata","L.","3093702",
,"Hypochaeris radicata","Hypochaeris radicata L.","3093702","EXACT","100","ACCEPTED","SPECIES","Plantae","Tracheophyta","Magnoliopsida","Asterales","Asteraceae","Hypochaeris","Hypochaeris radicata","Hypochaeris radicata","L.","3093702",
,"Hypochaeris radicata","Hypochaeris radicata L.","3093702","EXACT","100","ACCEPTED","SPECIES","Plantae","Tracheophyta","Magnoliopsida","Asterales","Asteraceae","Hypochaeris","Hypochaeris radicata","Hypochaeris radicata","L.","3093702",
,"Parentucellia viscosa","Parentucellia viscosa (L.) Caruel","3171818","EXACT","99","SYNONYM","SPECIES","Plantae","Tracheophyta","Magnoliopsida","Lamiales","Orobanchaceae","Bellardia","Bellardia viscosa","Parentucellia viscosa","(L.) Caruel","3171818","7733140"
,"Eriophyllum lanatum","Eriophyllum lanatum (Pursh) Forbes","3130472","EXACT","100","ACCEPTED","SPECIES","Plantae","Tracheophyta","Magnoliopsida","Asterales","Asteraceae","Eriophyllum","Eriophyllum lanatum","Eriophyllum lanatum","(Pursh) Forbes","3130472",
,"Eriophyllum lanatum","Eriophyllum lanatum (Pursh) Forbes","3130472","EXACT","100","ACCEPTED","SPECIES","Plantae","Tracheophyta","Magnoliopsida","Asterales","Asteraceae","Eriophyllum","Eriophyllum lanatum","Eriophyllum lanatum","(Pursh) Forbes","3130472",
,"Eriophyllum lanatum","Eriophyllum lanatum (Pursh) Forbes","3130472","EXACT","100","ACCEPTED","SPECIES","Plantae","Tracheophyta","Magnoliopsida","Asterales","Asteraceae","Eriophyllum","Eriophyllum lanatum","Eriophyllum lanatum","(Pursh) Forbes","3130472",
,"Potentilla gracilis","Potentilla gracilis Douglas ex Hook.","5365416","EXACT","99","ACCEPTED","SPECIES","Plantae","Tracheophyta","Magnoliopsida","Rosales","Rosaceae","Potentilla","Potentilla gracilis","Potentilla gracilis","Douglas ex Hook.","5365416",
,"Potentilla gracilis","Potentilla gracilis Douglas ex Hook.","5365416","EXACT","99","ACCEPTED","SPECIES","Plantae","Tracheophyta","Magnoliopsida","Rosales","Rosaceae","Potentilla","Potentilla gracilis","Potentilla gracilis","Douglas ex Hook.","5365416",
,"Erigeron decumbens","Erigeron decumbens Nutt.","7845106","EXACT","99","ACCEPTED","SPECIES","Plantae","Tracheophyta","Magnoliopsida","Asterales","Asteraceae","Erigeron","Erigeron decumbens","Erigeron decumbens","Nutt.","7845106",
,"Erigeron decumbens","Erigeron decumbens Nutt.","7845106","EXACT","99","ACCEPTED","SPECIES","Plantae","Tracheophyta","Magnoliopsida","Asterales","Asteraceae","Erigeron","Erigeron decumbens","Erigeron decumbens","Nutt.","7845106",
,"Erigeron decumbens","Erigeron decumbens Nutt.","7845106","EXACT","99","ACCEPTED","SPECIES","Plantae","Tracheophyta","Magnoliopsida","Asterales","Asteraceae","Erigeron","Erigeron decumbens","Erigeron decumbens","Nutt.","7845106",
,"Erigeron decumbens","Erigeron decumbens Nutt.","7845106","EXACT","99","ACCEPTED","SPECIES","Plantae","Tracheophyta","Magnoliopsida","Asterales","Asteraceae","Erigeron","Erigeron decumbens","Erigeron decumbens","Nutt.","7845106",
,"Erigeron decumbens","Erigeron decumbens Nutt.","7845106","EXACT","99","ACCEPTED","SPECIES","Plantae","Tracheophyta","Magnoliopsida","Asterales","Asteraceae","Erigeron","Erigeron decumbens","Erigeron decumbens","Nutt.","7845106",
,"Erigeron decumbens","Erigeron decumbens Nutt.","7845106","EXACT","99","ACCEPTED","SPECIES","Plantae","Tracheophyta","Magnoliopsida","Asterales","Asteraceae","Erigeron","Erigeron decumbens","Erigeron decumbens","Nutt.","7845106",
,"Erigeron decumbens","Erigeron decumbens Nutt.","7845106","EXACT","99","ACCEPTED","SPECIES","Plantae","Tracheophyta","Magnoliopsida","Asterales","Asteraceae","Erigeron","Erigeron decumbens","Erigeron decumbens","Nutt.","7845106",
,"Erigeron decumbens","Erigeron decumbens Nutt.","7845106","EXACT","99","ACCEPTED","SPECIES","Plantae","Tracheophyta","Magnoliopsida","Asterales","Asteraceae","Erigeron","Erigeron decumbens","Erigeron decumbens","Nutt.","7845106",
,"Erigeron decumbens","Erigeron decumbens Nutt.","7845106","EXACT","99","ACCEPTED","SPECIES","Plantae","Tracheophyta","Magnoliopsida","Asterales","Asteraceae","Erigeron","Erigeron decumbens","Erigeron decumbens","Nutt.","7845106",
,"Erigeron decumbens","Erigeron decumbens Nutt.","7845106","EXACT","99","ACCEPTED","SPECIES","Plantae","Tracheophyta","Magnoliopsida","Asterales","Asteraceae","Erigeron","Erigeron decumbens","Erigeron decumbens","Nutt.","7845106",
,"Erigeron decumbens","Erigeron decumbens Nutt.","7845106","EXACT","99","ACCEPTED","SPECIES","Plantae","Tracheophyta","Magnoliopsida","Asterales","Asteraceae","Erigeron","Erigeron decumbens","Erigeron decumbens","Nutt.","7845106",
,"Erigeron decumbens","Erigeron decumbens Nutt.","7845106","EXACT","99","ACCEPTED","SPECIES","Plantae","Tracheophyta","Magnoliopsida","Asterales","Asteraceae","Erigeron","Erigeron decumbens","Erigeron decumbens","Nutt.","7845106",
,"Erigeron decumbens","Erigeron decumbens Nutt.","7845106","EXACT","99","ACCEPTED","SPECIES","Plantae","Tracheophyta","Magnoliopsida","Asterales","Asteraceae","Erigeron","Erigeron decumbens","Erigeron decumbens","Nutt.","7845106",
,"Leucanthemum vulgare","Leucanthemum vulgare Lam.","8848598","EXACT","100","ACCEPTED","SPECIES","Plantae","Tracheophyta","Magnoliopsida","Asterales","Asteraceae","Leucanthemum","Leucanthemum vulgare","Leucanthemum vulgare","Lam.","8848598",
,"Leucanthemum vulgare","Leucanthemum vulgare Lam.","8848598","EXACT","100","ACCEPTED","SPECIES","Plantae","Tracheophyta","Magnoliopsida","Asterales","Asteraceae","Leucanthemum","Leucanthemum vulgare","Leucanthemum vulgare","Lam.","8848598",
,"Leucanthemum vulgare","Leucanthemum vulgare Lam.","8848598","EXACT","100","ACCEPTED","SPECIES","Plantae","Tracheophyta","Magnoliopsida","Asterales","Asteraceae","Leucanthemum","Leucanthemum vulgare","Leucanthemum vulgare","Lam.","8848598",
,"Leucanthemum vulgare","Leucanthemum vulgare Lam.","8848598","EXACT","100","ACCEPTED","SPECIES","Plantae","Tracheophyta","Magnoliopsida","Asterales","Asteraceae","Leucanthemum","Leucanthemum vulgare","Leucanthemum vulgare","Lam.","8848598",
,"Leucanthemum vulgare","Leucanthemum vulgare Lam.","8848598","EXACT","100","ACCEPTED","SPECIES","Plantae","Tracheophyta","Magnoliopsida","Asterales","Asteraceae","Leucanthemum","Leucanthemum vulgare","Leucanthemum vulgare","Lam.","8848598",
,"Orthocarpus Nutt. bracteosus Benth.","Orthocarpus Nutt.","3171622","HIGHERRANK","100","ACCEPTED","GENUS","Plantae","Tracheophyta","Magnoliopsida","Lamiales","Orobanchaceae","Orthocarpus",,"Orthocarpus","Nutt.","3171622",
,"Parentucellia viscosa","Parentucellia viscosa (L.) Caruel","3171818","EXACT","99","SYNONYM","SPECIES","Plantae","Tracheophyta","Magnoliopsida","Lamiales","Orobanchaceae","Bellardia","Bellardia viscosa","Parentucellia viscosa","(L.) Caruel","3171818","7733140"
,"Erigeron decumbens","Erigeron decumbens Nutt.","7845106","EXACT","99","ACCEPTED","SPECIES","Plantae","Tracheophyta","Magnoliopsida","Asterales","Asteraceae","Erigeron","Erigeron decumbens","Erigeron decumbens","Nutt.","7845106",
,"Erigeron decumbens","Erigeron decumbens Nutt.","7845106","EXACT","99","ACCEPTED","SPECIES","Plantae","Tracheophyta","Magnoliopsida","Asterales","Asteraceae","Erigeron","Erigeron decumbens","Erigeron decumbens","Nutt.","7845106",
,"Erigeron decumbens","Erigeron decumbens Nutt.","7845106","EXACT","99","ACCEPTED","SPECIES","Plantae","Tracheophyta","Magnoliopsida","Asterales","Asteraceae","Erigeron","Erigeron decumbens","Erigeron decumbens","Nutt.","7845106",
,"Erigeron decumbens","Erigeron decumbens Nutt.","7845106","EXACT","99","ACCEPTED","SPECIES","Plantae","Tracheophyta","Magnoliopsida","Asterales","Asteraceae","Erigeron","Erigeron decumbens","Erigeron decumbens","Nutt.","7845106",
,"Erigeron decumbens","Erigeron decumbens Nutt.","7845106","EXACT","99","ACCEPTED","SPECIES","Plantae","Tracheophyta","Magnoliopsida","Asterales","Asteraceae","Erigeron","Erigeron decumbens","Erigeron decumbens","Nutt.","7845106",
,"Erigeron decumbens","Erigeron decumbens Nutt.","7845106","EXACT","99","ACCEPTED","SPECIES","Plantae","Tracheophyta","Magnoliopsida","Asterales","Asteraceae","Erigeron","Erigeron decumbens","Erigeron decumbens","Nutt.","7845106",
,"Erigeron decumbens","Erigeron decumbens Nutt.","7845106","EXACT","99","ACCEPTED","SPECIES","Plantae","Tracheophyta","Magnoliopsida","Asterales","Asteraceae","Erigeron","Erigeron decumbens","Erigeron decumbens","Nutt.","7845106",
,"Erigeron decumbens","Erigeron decumbens Nutt.","7845106","EXACT","99","ACCEPTED","SPECIES","Plantae","Tracheophyta","Magnoliopsida","Asterales","Asteraceae","Erigeron","Erigeron decumbens","Erigeron decumbens","Nutt.","7845106",
,"Erigeron decumbens","Erigeron decumbens Nutt.","7845106","EXACT","99","ACCEPTED","SPECIES","Plantae","Tracheophyta","Magnoliopsida","Asterales","Asteraceae","Erigeron","Erigeron decumbens","Erigeron decumbens","Nutt.","7845106",
,"Erigeron decumbens","Erigeron decumbens Nutt.","7845106","EXACT","99","ACCEPTED","SPECIES","Plantae","Tracheophyta","Magnoliopsida","Asterales","Asteraceae","Erigeron","Erigeron decumbens","Erigeron decumbens","Nutt.","7845106",
,"Erigeron decumbens","Erigeron decumbens Nutt.","7845106","EXACT","99","ACCEPTED","SPECIES","Plantae","Tracheophyta","Magnoliopsida","Asterales","Asteraceae","Erigeron","Erigeron decumbens","Erigeron decumbens","Nutt.","7845106",
,"Erigeron decumbens","Erigeron decumbens Nutt.","7845106","EXACT","99","ACCEPTED","SPECIES","Plantae","Tracheophyta","Magnoliopsida","Asterales","Asteraceae","Erigeron","Erigeron decumbens","Erigeron decumbens","Nutt.","7845106",
,"Erigeron decumbens","Erigeron decumbens Nutt.","7845106","EXACT","99","ACCEPTED","SPECIES","Plantae","Tracheophyta","Magnoliopsida","Asterales","Asteraceae","Erigeron","Erigeron decumbens","Erigeron decumbens","Nutt.","7845106",
,"Erigeron decumbens","Erigeron decumbens Nutt.","7845106","EXACT","99","ACCEPTED","SPECIES","Plantae","Tracheophyta","Magnoliopsida","Asterales","Asteraceae","Erigeron","Erigeron decumbens","Erigeron decumbens","Nutt.","7845106",
,"Erigeron decumbens","Erigeron decumbens Nutt.","7845106","EXACT","99","ACCEPTED","SPECIES","Plantae","Tracheophyta","Magnoliopsida","Asterales","Asteraceae","Erigeron","Erigeron decumbens","Erigeron decumbens","Nutt.","7845106",
,"Orthocarpus Nutt. bracteosus Benth.","Orthocarpus Nutt.","3171622","HIGHERRANK","100","ACCEPTED","GENUS","Plantae","Tracheophyta","Magnoliopsida","Lamiales","Orobanchaceae","Orthocarpus",,"Orthocarpus","Nutt.","3171622",
,"Hypochaeris radicata","Hypochaeris radicata L.","3093702","EXACT","100","ACCEPTED","SPECIES","Plantae","Tracheophyta","Magnoliopsida","Asterales","Asteraceae","Hypochaeris","Hypochaeris radicata","Hypochaeris radicata","L.","3093702",
,"Hypochaeris radicata","Hypochaeris radicata L.","3093702","EXACT","100","ACCEPTED","SPECIES","Plantae","Tracheophyta","Magnoliopsida","Asterales","Asteraceae","Hypochaeris","Hypochaeris radicata","Hypochaeris radicata","L.","3093702",
,"Parentucellia viscosa","Parentucellia viscosa (L.) Caruel","3171818","EXACT","99","SYNONYM","SPECIES","Plantae","Tracheophyta","Magnoliopsida","Lamiales","Orobanchaceae","Bellardia","Bellardia viscosa","Parentucellia viscosa","(L.) Caruel","3171818","7733140"
,"Allium amplectens","Allium amplectens Torr.","2857894","EXACT","100","ACCEPTED","SPECIES","Plantae","Tracheophyta","Liliopsida","Asparagales","Amaryllidaceae","Allium","Allium amplectens","Allium amplectens","Torr.","2857894",
,"Triteleia hyacinthina","Triteleia hyacinthina (Lindl.) Greene","5304183","EXACT","100","ACCEPTED","SPECIES","Plantae","Tracheophyta","Liliopsida","Asparagales","Asparagaceae","Triteleia","Triteleia hyacinthina","Triteleia hyacinthina","(Lindl.) Greene","5304183",
,"Linum bienne","Linum bienne Mill.","2873896","EXACT","100","ACCEPTED","SPECIES","Plantae","Tracheophyta","Magnoliopsida","Malpighiales","Linaceae","Linum","Linum bienne","Linum bienne","Mill.","2873896",
,"Erigeron decumbens","Erigeron decumbens Nutt.","7845106","EXACT","99","ACCEPTED","SPECIES","Plantae","Tracheophyta","Magnoliopsida","Asterales","Asteraceae","Erigeron","Erigeron decumbens","Erigeron decumbens","Nutt.","7845106",
,"Plagiobothrys figuratus","Plagiobothrys figuratus (Piper) I.M.Johnst.","8164333","EXACT","99","ACCEPTED","SPECIES","Plantae","Tracheophyta","Magnoliopsida","Boraginales","Boraginaceae","Plagiobothrys","Plagiobothrys figuratus","Plagiobothrys figuratus","(Piper) I.M.Johnst.","8164333",
,"Leucanthemum vulgare","Leucanthemum vulgare Lam.","8848598","EXACT","100","ACCEPTED","SPECIES","Plantae","Tracheophyta","Magnoliopsida","Asterales","Asteraceae","Leucanthemum","Leucanthemum vulgare","Leucanthemum vulgare","Lam.","8848598",
,"Wyethia angustifolia","Wyethia angustifolia (DC.) Nutt.","3091459","EXACT","100","ACCEPTED","SPECIES","Plantae","Tracheophyta","Magnoliopsida","Asterales","Asteraceae","Wyethia","Wyethia angustifolia","Wyethia angustifolia","(DC.) Nutt.","3091459",
,"Orthocarpus Nutt. bracteosus Benth.","Orthocarpus Nutt.","3171622","HIGHERRANK","100","ACCEPTED","GENUS","Plantae","Tracheophyta","Magnoliopsida","Lamiales","Orobanchaceae","Orthocarpus",,"Orthocarpus","Nutt.","3171622",
,"Hypochaeris radicata","Hypochaeris radicata L.","3093702","EXACT","100","ACCEPTED","SPECIES","Plantae","Tracheophyta","Magnoliopsida","Asterales","Asteraceae","Hypochaeris","Hypochaeris radicata","Hypochaeris radicata","L.","3093702",
,"Parentucellia viscosa","Parentucellia viscosa (L.) Caruel","3171818","EXACT","99","SYNONYM","SPECIES","Plantae","Tracheophyta","Magnoliopsida","Lamiales","Orobanchaceae","Bellardia","Bellardia viscosa","Parentucellia viscosa","(L.) Caruel","3171818","7733140"
,"Eriophyllum lanatum","Eriophyllum lanatum (Pursh) Forbes","3130472","EXACT","100","ACCEPTED","SPECIES","Plantae","Tracheophyta","Magnoliopsida","Asterales","Asteraceae","Eriophyllum","Eriophyllum lanatum","Eriophyllum lanatum","(Pursh) Forbes","3130472",
,"Eriophyllum lanatum","Eriophyllum lanatum (Pursh) Forbes","3130472","EXACT","100","ACCEPTED","SPECIES","Plantae","Tracheophyta","Magnoliopsida","Asterales","Asteraceae","Eriophyllum","Eriophyllum lanatum","Eriophyllum lanatum","(Pursh) Forbes","3130472",
,"Potentilla gracilis","Potentilla gracilis Douglas ex Hook.","5365416","EXACT","99","ACCEPTED","SPECIES","Plantae","Tracheophyta","Magnoliopsida","Rosales","Rosaceae","Potentilla","Potentilla gracilis","Potentilla gracilis","Douglas ex Hook.","5365416",
,"Potentilla gracilis","Potentilla gracilis Douglas ex Hook.","5365416","EXACT","99","ACCEPTED","SPECIES","Plantae","Tracheophyta","Magnoliopsida","Rosales","Rosaceae","Potentilla","Potentilla gracilis","Potentilla gracilis","Douglas ex Hook.","5365416",
,"Erigeron decumbens","Erigeron decumbens Nutt.","7845106","EXACT","99","ACCEPTED","SPECIES","Plantae","Tracheophyta","Magnoliopsida","Asterales","Asteraceae","Erigeron","Erigeron decumbens","Erigeron decumbens","Nutt.","7845106",
,"Erigeron decumbens","Erigeron decumbens Nutt.","7845106","EXACT","99","ACCEPTED","SPECIES","Plantae","Tracheophyta","Magnoliopsida","Asterales","Asteraceae","Erigeron","Erigeron decumbens","Erigeron decumbens","Nutt.","7845106",
,"Plagiobothrys figuratus","Plagiobothrys figuratus (Piper) I.M.Johnst.","8164333","EXACT","99","ACCEPTED","SPECIES","Plantae","Tracheophyta","Magnoliopsida","Boraginales","Boraginaceae","Plagiobothrys","Plagiobothrys figuratus","Plagiobothrys figuratus","(Piper) I.M.Johnst.","8164333",
,"Leucanthemum vulgare","Leucanthemum vulgare Lam.","8848598","EXACT","100","ACCEPTED","SPECIES","Plantae","Tracheophyta","Magnoliopsida","Asterales","Asteraceae","Leucanthemum","Leucanthemum vulgare","Leucanthemum vulgare","Lam.","8848598",
,"Allium amplectens","Allium amplectens Torr.","2857894","EXACT","100","ACCEPTED","SPECIES","Plantae","Tracheophyta","Liliopsida","Asparagales","Amaryllidaceae","Allium","Allium amplectens","Allium amplectens","Torr.","2857894",
,"Triteleia hyacinthina","Triteleia hyacinthina (Lindl.) Greene","5304183","EXACT","100","ACCEPTED","SPECIES","Plantae","Tracheophyta","Liliopsida","Asparagales","Asparagaceae","Triteleia","Triteleia hyacinthina","Triteleia hyacinthina","(Lindl.) Greene","5304183",
,"Linum bienne","Linum bienne Mill.","2873896","EXACT","100","ACCEPTED","SPECIES","Plantae","Tracheophyta","Magnoliopsida","Malpighiales","Linaceae","Linum","Linum bienne","Linum bienne","Mill.","2873896",
,"Erigeron decumbens","Erigeron decumbens Nutt.","7845106","EXACT","99","ACCEPTED","SPECIES","Plantae","Tracheophyta","Magnoliopsida","Asterales","Asteraceae","Erigeron","Erigeron decumbens","Erigeron decumbens","Nutt.","7845106",
,"Erigeron decumbens","Erigeron decumbens Nutt.","7845106","EXACT","99","ACCEPTED","SPECIES","Plantae","Tracheophyta","Magnoliopsida","Asterales","Asteraceae","Erigeron","Erigeron decumbens","Erigeron decumbens","Nutt.","7845106",
,"Leucanthemum vulgare","Leucanthemum vulgare Lam.","8848598","EXACT","100","ACCEPTED","SPECIES","Plantae","Tracheophyta","Magnoliopsida","Asterales","Asteraceae","Leucanthemum","Leucanthemum vulgare","Leucanthemum vulgare","Lam.","8848598",
,"Leucanthemum vulgare","Leucanthemum vulgare Lam.","8848598","EXACT","100","ACCEPTED","SPECIES","Plantae","Tracheophyta","Magnoliopsida","Asterales","Asteraceae","Leucanthemum","Leucanthemum vulgare","Leucanthemum vulgare","Lam.","8848598",
,"Leucanthemum vulgare","Leucanthemum vulgare Lam.","8848598","EXACT","100","ACCEPTED","SPECIES","Plantae","Tracheophyta","Magnoliopsida","Asterales","Asteraceae","Leucanthemum","Leucanthemum vulgare","Leucanthemum vulgare","Lam.","8848598",
,"Leucanthemum vulgare","Leucanthemum vulgare Lam.","8848598","EXACT","100","ACCEPTED","SPECIES","Plantae","Tracheophyta","Magnoliopsida","Asterales","Asteraceae","Leucanthemum","Leucanthemum vulgare","Leucanthemum vulgare","Lam.","8848598",
,"Leucanthemum vulgare","Leucanthemum vulgare Lam.","8848598","EXACT","100","ACCEPTED","SPECIES","Plantae","Tracheophyta","Magnoliopsida","Asterales","Asteraceae","Leucanthemum","Leucanthemum vulgare","Leucanthemum vulgare","Lam.","8848598",
,"Parentucellia viscosa","Parentucellia viscosa (L.) Caruel","3171818","EXACT","99","SYNONYM","SPECIES","Plantae","Tracheophyta","Magnoliopsida","Lamiales","Orobanchaceae","Bellardia","Bellardia viscosa","Parentucellia viscosa","(L.) Caruel","3171818","7733140"
,"Leucanthemum vulgare","Leucanthemum vulgare Lam.","8848598","EXACT","100","ACCEPTED","SPECIES","Plantae","Tracheophyta","Magnoliopsida","Asterales","Asteraceae","Leucanthemum","Leucanthemum vulgare","Leucanthemum vulgare","Lam.","8848598",
,"Leucanthemum vulgare","Leucanthemum vulgare Lam.","8848598","EXACT","100","ACCEPTED","SPECIES","Plantae","Tracheophyta","Magnoliopsida","Asterales","Asteraceae","Leucanthemum","Leucanthemum vulgare","Leucanthemum vulgare","Lam.","8848598",
,"Eriophyllum lanatum","Eriophyllum lanatum (Pursh) Forbes","3130472","EXACT","100","ACCEPTED","SPECIES","Plantae","Tracheophyta","Magnoliopsida","Asterales","Asteraceae","Eriophyllum","Eriophyllum lanatum","Eriophyllum lanatum","(Pursh) Forbes","3130472",
,"Linum bienne","Linum bienne Mill.","2873896","EXACT","100","ACCEPTED","SPECIES","Plantae","Tracheophyta","Magnoliopsida","Malpighiales","Linaceae","Linum","Linum bienne","Linum bienne","Mill.","2873896",
,"Plantago lanceolata","Plantago lanceolata L.","8208358","EXACT","99","ACCEPTED","SPECIES","Plantae","Tracheophyta","Magnoliopsida","Lamiales","Plantaginaceae","Plantago","Plantago lanceolata","Plantago lanceolata","L.","8208358",
,"Erigeron decumbens","Erigeron decumbens Nutt.","7845106","EXACT","99","ACCEPTED","SPECIES","Plantae","Tracheophyta","Magnoliopsida","Asterales","Asteraceae","Erigeron","Erigeron decumbens","Erigeron decumbens","Nutt.","7845106",
,"Erigeron decumbens","Erigeron decumbens Nutt.","7845106","EXACT","99","ACCEPTED","SPECIES","Plantae","Tracheophyta","Magnoliopsida","Asterales","Asteraceae","Erigeron","Erigeron decumbens","Erigeron decumbens","Nutt.","7845106",
,"Erigeron decumbens","Erigeron decumbens Nutt.","7845106","EXACT","99","ACCEPTED","SPECIES","Plantae","Tracheophyta","Magnoliopsida","Asterales","Asteraceae","Erigeron","Erigeron decumbens","Erigeron decumbens","Nutt.","7845106",
,"Erigeron decumbens","Erigeron decumbens Nutt.","7845106","EXACT","99","ACCEPTED","SPECIES","Plantae","Tracheophyta","Magnoliopsida","Asterales","Asteraceae","Erigeron","Erigeron decumbens","Erigeron decumbens","Nutt.","7845106",
,"Erigeron decumbens","Erigeron decumbens Nutt.","7845106","EXACT","99","ACCEPTED","SPECIES","Plantae","Tracheophyta","Magnoliopsida","Asterales","Asteraceae","Erigeron","Erigeron decumbens","Erigeron decumbens","Nutt.","7845106",
,"Erigeron decumbens","Erigeron decumbens Nutt.","7845106","EXACT","99","ACCEPTED","SPECIES","Plantae","Tracheophyta","Magnoliopsida","Asterales","Asteraceae","Erigeron","Erigeron decumbens","Erigeron decumbens","Nutt.","7845106",
,"Erigeron decumbens","Erigeron decumbens Nutt.","7845106","EXACT","99","ACCEPTED","SPECIES","Plantae","Tracheophyta","Magnoliopsida","Asterales","Asteraceae","Erigeron","Erigeron decumbens","Erigeron decumbens","Nutt.","7845106",
,"Erigeron decumbens","Erigeron decumbens Nutt.","7845106","EXACT","99","ACCEPTED","SPECIES","Plantae","Tracheophyta","Magnoliopsida","Asterales","Asteraceae","Erigeron","Erigeron decumbens","Erigeron decumbens","Nutt.","7845106",
,"Erigeron decumbens","Erigeron decumbens Nutt.","7845106","EXACT","99","ACCEPTED","SPECIES","Plantae","Tracheophyta","Magnoliopsida","Asterales","Asteraceae","Erigeron","Erigeron decumbens","Erigeron decumbens","Nutt.","7845106",
,"Erigeron decumbens","Erigeron decumbens Nutt.","7845106","EXACT","99","ACCEPTED","SPECIES","Plantae","Tracheophyta","Magnoliopsida","Asterales","Asteraceae","Erigeron","Erigeron decumbens","Erigeron decumbens","Nutt.","7845106",
,"Erigeron decumbens","Erigeron decumbens Nutt.","7845106","EXACT","99","ACCEPTED","SPECIES","Plantae","Tracheophyta","Magnoliopsida","Asterales","Asteraceae","Erigeron","Erigeron decumbens","Erigeron decumbens","Nutt.","7845106",
,"Erigeron decumbens","Erigeron decumbens Nutt.","7845106","EXACT","99","ACCEPTED","SPECIES","Plantae","Tracheophyta","Magnoliopsida","Asterales","Asteraceae","Erigeron","Erigeron decumbens","Erigeron decumbens","Nutt.","7845106",
,"Erigeron decumbens","Erigeron decumbens Nutt.","7845106","EXACT","99","ACCEPTED","SPECIES","Plantae","Tracheophyta","Magnoliopsida","Asterales","Asteraceae","Erigeron","Erigeron decumbens","Erigeron decumbens","Nutt.","7845106",
,"Erigeron decumbens","Erigeron decumbens Nutt.","7845106","EXACT","99","ACCEPTED","SPECIES","Plantae","Tracheophyta","Magnoliopsida","Asterales","Asteraceae","Erigeron","Erigeron decumbens","Erigeron decumbens","Nutt.","7845106",
,"Erigeron decumbens","Erigeron decumbens Nutt.","7845106","EXACT","99","ACCEPTED","SPECIES","Plantae","Tracheophyta","Magnoliopsida","Asterales","Asteraceae","Erigeron","Erigeron decumbens","Erigeron decumbens","Nutt.","7845106",
,"Erigeron decumbens","Erigeron decumbens Nutt.","7845106","EXACT","99","ACCEPTED","SPECIES","Plantae","Tracheophyta","Magnoliopsida","Asterales","Asteraceae","Erigeron","Erigeron decumbens","Erigeron decumbens","Nutt.","7845106",
,"Erigeron decumbens","Erigeron decumbens Nutt.","7845106","EXACT","99","ACCEPTED","SPECIES","Plantae","Tracheophyta","Magnoliopsida","Asterales","Asteraceae","Erigeron","Erigeron decumbens","Erigeron decumbens","Nutt.","7845106",
,"Erigeron decumbens","Erigeron decumbens Nutt.","7845106","EXACT","99","ACCEPTED","SPECIES","Plantae","Tracheophyta","Magnoliopsida","Asterales","Asteraceae","Erigeron","Erigeron decumbens","Erigeron decumbens","Nutt.","7845106",
,"Erigeron decumbens","Erigeron decumbens Nutt.","7845106","EXACT","99","ACCEPTED","SPECIES","Plantae","Tracheophyta","Magnoliopsida","Asterales","Asteraceae","Erigeron","Erigeron decumbens","Erigeron decumbens","Nutt.","7845106",
,"Erigeron decumbens","Erigeron decumbens Nutt.","7845106","EXACT","99","ACCEPTED","SPECIES","Plantae","Tracheophyta","Magnoliopsida","Asterales","Asteraceae","Erigeron","Erigeron decumbens","Erigeron decumbens","Nutt.","7845106",
,"Erigeron decumbens","Erigeron decumbens Nutt.","7845106","EXACT","99","ACCEPTED","SPECIES","Plantae","Tracheophyta","Magnoliopsida","Asterales","Asteraceae","Erigeron","Erigeron decumbens","Erigeron decumbens","Nutt.","7845106",
,"Erigeron decumbens","Erigeron decumbens Nutt.","7845106","EXACT","99","ACCEPTED","SPECIES","Plantae","Tracheophyta","Magnoliopsida","Asterales","Asteraceae","Erigeron","Erigeron decumbens","Erigeron decumbens","Nutt.","7845106",
,"Erigeron decumbens","Erigeron decumbens Nutt.","7845106","EXACT","99","ACCEPTED","SPECIES","Plantae","Tracheophyta","Magnoliopsida","Asterales","Asteraceae","Erigeron","Erigeron decumbens","Erigeron decumbens","Nutt.","7845106",
,"Erigeron decumbens","Erigeron decumbens Nutt.","7845106","EXACT","99","ACCEPTED","SPECIES","Plantae","Tracheophyta","Magnoliopsida","Asterales","Asteraceae","Erigeron","Erigeron decumbens","Erigeron decumbens","Nutt.","7845106",
,"Erigeron decumbens","Erigeron decumbens Nutt.","7845106","EXACT","99","ACCEPTED","SPECIES","Plantae","Tracheophyta","Magnoliopsida","Asterales","Asteraceae","Erigeron","Erigeron decumbens","Erigeron decumbens","Nutt.","7845106",
,"Erigeron decumbens","Erigeron decumbens Nutt.","7845106","EXACT","99","ACCEPTED","SPECIES","Plantae","Tracheophyta","Magnoliopsida","Asterales","Asteraceae","Erigeron","Erigeron decumbens","Erigeron decumbens","Nutt.","7845106",
,"Erigeron decumbens","Erigeron decumbens Nutt.","7845106","EXACT","99","ACCEPTED","SPECIES","Plantae","Tracheophyta","Magnoliopsida","Asterales","Asteraceae","Erigeron","Erigeron decumbens","Erigeron decumbens","Nutt.","7845106",
,"Erigeron decumbens","Erigeron decumbens Nutt.","7845106","EXACT","99","ACCEPTED","SPECIES","Plantae","Tracheophyta","Magnoliopsida","Asterales","Asteraceae","Erigeron","Erigeron decumbens","Erigeron decumbens","Nutt.","7845106",
,"Erigeron decumbens","Erigeron decumbens Nutt.","7845106","EXACT","99","ACCEPTED","SPECIES","Plantae","Tracheophyta","Magnoliopsida","Asterales","Asteraceae","Erigeron","Erigeron decumbens","Erigeron decumbens","Nutt.","7845106",
,"Erigeron decumbens","Erigeron decumbens Nutt.","7845106","EXACT","99","ACCEPTED","SPECIES","Plantae","Tracheophyta","Magnoliopsida","Asterales","Asteraceae","Erigeron","Erigeron decumbens","Erigeron decumbens","Nutt.","7845106",
,"Erigeron decumbens","Erigeron decumbens Nutt.","7845106","EXACT","99","ACCEPTED","SPECIES","Plantae","Tracheophyta","Magnoliopsida","Asterales","Asteraceae","Erigeron","Erigeron decumbens","Erigeron decumbens","Nutt.","7845106",
,"Erigeron decumbens","Erigeron decumbens Nutt.","7845106","EXACT","99","ACCEPTED","SPECIES","Plantae","Tracheophyta","Magnoliopsida","Asterales","Asteraceae","Erigeron","Erigeron decumbens","Erigeron decumbens","Nutt.","7845106",
,"Erigeron decumbens","Erigeron decumbens Nutt.","7845106","EXACT","99","ACCEPTED","SPECIES","Plantae","Tracheophyta","Magnoliopsida","Asterales","Asteraceae","Erigeron","Erigeron decumbens","Erigeron decumbens","Nutt.","7845106",
,"Erigeron decumbens","Erigeron decumbens Nutt.","7845106","EXACT","99","ACCEPTED","SPECIES","Plantae","Tracheophyta","Magnoliopsida","Asterales","Asteraceae","Erigeron","Erigeron decumbens","Erigeron decumbens","Nutt.","7845106",
,"Erigeron decumbens","Erigeron decumbens Nutt.","7845106","EXACT","99","ACCEPTED","SPECIES","Plantae","Tracheophyta","Magnoliopsida","Asterales","Asteraceae","Erigeron","Erigeron decumbens","Erigeron decumbens","Nutt.","7845106",
,"Erigeron decumbens","Erigeron decumbens Nutt.","7845106","EXACT","99","ACCEPTED","SPECIES","Plantae","Tracheophyta","Magnoliopsida","Asterales","Asteraceae","Erigeron","Erigeron decumbens","Erigeron decumbens","Nutt.","7845106",
,"Erigeron decumbens","Erigeron decumbens Nutt.","7845106","EXACT","99","ACCEPTED","SPECIES","Plantae","Tracheophyta","Magnoliopsida","Asterales","Asteraceae","Erigeron","Erigeron decumbens","Erigeron decumbens","Nutt.","7845106",
,"Erigeron decumbens","Erigeron decumbens Nutt.","7845106","EXACT","99","ACCEPTED","SPECIES","Plantae","Tracheophyta","Magnoliopsida","Asterales","Asteraceae","Erigeron","Erigeron decumbens","Erigeron decumbens","Nutt.","7845106",
,"Erigeron decumbens","Erigeron decumbens Nutt.","7845106","EXACT","99","ACCEPTED","SPECIES","Plantae","Tracheophyta","Magnoliopsida","Asterales","Asteraceae","Erigeron","Erigeron decumbens","Erigeron decumbens","Nutt.","7845106",
,"Erigeron decumbens","Erigeron decumbens Nutt.","7845106","EXACT","99","ACCEPTED","SPECIES","Plantae","Tracheophyta","Magnoliopsida","Asterales","Asteraceae","Erigeron","Erigeron decumbens","Erigeron decumbens","Nutt.","7845106",
,"Erigeron decumbens","Erigeron decumbens Nutt.","7845106","EXACT","99","ACCEPTED","SPECIES","Plantae","Tracheophyta","Magnoliopsida","Asterales","Asteraceae","Erigeron","Erigeron decumbens","Erigeron decumbens","Nutt.","7845106",
,"Erigeron decumbens","Erigeron decumbens Nutt.","7845106","EXACT","99","ACCEPTED","SPECIES","Plantae","Tracheophyta","Magnoliopsida","Asterales","Asteraceae","Erigeron","Erigeron decumbens","Erigeron decumbens","Nutt.","7845106",
,"Erigeron decumbens","Erigeron decumbens Nutt.","7845106","EXACT","99","ACCEPTED","SPECIES","Plantae","Tracheophyta","Magnoliopsida","Asterales","Asteraceae","Erigeron","Erigeron decumbens","Erigeron decumbens","Nutt.","7845106",
,"Linum bienne","Linum bienne Mill.","2873896","EXACT","100","ACCEPTED","SPECIES","Plantae","Tracheophyta","Magnoliopsida","Malpighiales","Linaceae","Linum","Linum bienne","Linum bienne","Mill.","2873896",
,"Plantago lanceolata","Plantago lanceolata L.","8208358","EXACT","99","ACCEPTED","SPECIES","Plantae","Tracheophyta","Magnoliopsida","Lamiales","Plantaginaceae","Plantago","Plantago lanceolata","Plantago lanceolata","L.","8208358",
,"Crepis capillaris","Crepis capillaris (L.) Wallr.","5403304","EXACT","100","ACCEPTED","SPECIES","Plantae","Tracheophyta","Magnoliopsida","Asterales","Asteraceae","Crepis","Crepis capillaris","Crepis capillaris","(L.) Wallr.","5403304",
,"Crepis capillaris","Crepis capillaris (L.) Wallr.","5403304","EXACT","100","ACCEPTED","SPECIES","Plantae","Tracheophyta","Magnoliopsida","Asterales","Asteraceae","Crepis","Crepis capillaris","Crepis capillaris","(L.) Wallr.","5403304",
,"Crepis capillaris","Crepis capillaris (L.) Wallr.","5403304","EXACT","100","ACCEPTED","SPECIES","Plantae","Tracheophyta","Magnoliopsida","Asterales","Asteraceae","Crepis","Crepis capillaris","Crepis capillaris","(L.) Wallr.","5403304",
,"Potentilla gracilis","Potentilla gracilis Douglas ex Hook.","5365416","EXACT","99","ACCEPTED","SPECIES","Plantae","Tracheophyta","Magnoliopsida","Rosales","Rosaceae","Potentilla","Potentilla gracilis","Potentilla gracilis","Douglas ex Hook.","5365416",
,"Potentilla gracilis","Potentilla gracilis Douglas ex Hook.","5365416","EXACT","99","ACCEPTED","SPECIES","Plantae","Tracheophyta","Magnoliopsida","Rosales","Rosaceae","Potentilla","Potentilla gracilis","Potentilla gracilis","Douglas ex Hook.","5365416",
,"Potentilla gracilis","Potentilla gracilis Douglas ex Hook.","5365416","EXACT","99","ACCEPTED","SPECIES","Plantae","Tracheophyta","Magnoliopsida","Rosales","Rosaceae","Potentilla","Potentilla gracilis","Potentilla gracilis","Douglas ex Hook.","5365416",
,"Potentilla gracilis","Potentilla gracilis Douglas ex Hook.","5365416","EXACT","99","ACCEPTED","SPECIES","Plantae","Tracheophyta","Magnoliopsida","Rosales","Rosaceae","Potentilla","Potentilla gracilis","Potentilla gracilis","Douglas ex Hook.","5365416",
,"Potentilla gracilis","Potentilla gracilis Douglas ex Hook.","5365416","EXACT","99","ACCEPTED","SPECIES","Plantae","Tracheophyta","Magnoliopsida","Rosales","Rosaceae","Potentilla","Potentilla gracilis","Potentilla gracilis","Douglas ex Hook.","5365416",
,"Eriophyllum lanatum","Eriophyllum lanatum (Pursh) Forbes","3130472","EXACT","100","ACCEPTED","SPECIES","Plantae","Tracheophyta","Magnoliopsida","Asterales","Asteraceae","Eriophyllum","Eriophyllum lanatum","Eriophyllum lanatum","(Pursh) Forbes","3130472",
,"Eriophyllum lanatum","Eriophyllum lanatum (Pursh) Forbes","3130472","EXACT","100","ACCEPTED","SPECIES","Plantae","Tracheophyta","Magnoliopsida","Asterales","Asteraceae","Eriophyllum","Eriophyllum lanatum","Eriophyllum lanatum","(Pursh) Forbes","3130472",
,"Erigeron decumbens","Erigeron decumbens Nutt.","7845106","EXACT","99","ACCEPTED","SPECIES","Plantae","Tracheophyta","Magnoliopsida","Asterales","Asteraceae","Erigeron","Erigeron decumbens","Erigeron decumbens","Nutt.","7845106",
,"Erigeron decumbens","Erigeron decumbens Nutt.","7845106","EXACT","99","ACCEPTED","SPECIES","Plantae","Tracheophyta","Magnoliopsida","Asterales","Asteraceae","Erigeron","Erigeron decumbens","Erigeron decumbens","Nutt.","7845106",
,"Erigeron decumbens","Erigeron decumbens Nutt.","7845106","EXACT","99","ACCEPTED","SPECIES","Plantae","Tracheophyta","Magnoliopsida","Asterales","Asteraceae","Erigeron","Erigeron decumbens","Erigeron decumbens","Nutt.","7845106",
,"Erigeron decumbens","Erigeron decumbens Nutt.","7845106","EXACT","99","ACCEPTED","SPECIES","Plantae","Tracheophyta","Magnoliopsida","Asterales","Asteraceae","Erigeron","Erigeron decumbens","Erigeron decumbens","Nutt.","7845106",
,"Erigeron decumbens","Erigeron decumbens Nutt.","7845106","EXACT","99","ACCEPTED","SPECIES","Plantae","Tracheophyta","Magnoliopsida","Asterales","Asteraceae","Erigeron","Erigeron decumbens","Erigeron decumbens","Nutt.","7845106",
,"Erigeron decumbens","Erigeron decumbens Nutt.","7845106","EXACT","99","ACCEPTED","SPECIES","Plantae","Tracheophyta","Magnoliopsida","Asterales","Asteraceae","Erigeron","Erigeron decumbens","Erigeron decumbens","Nutt.","7845106",
,"Erigeron decumbens","Erigeron decumbens Nutt.","7845106","EXACT","99","ACCEPTED","SPECIES","Plantae","Tracheophyta","Magnoliopsida","Asterales","Asteraceae","Erigeron","Erigeron decumbens","Erigeron decumbens","Nutt.","7845106",
,"Erigeron decumbens","Erigeron decumbens Nutt.","7845106","EXACT","99","ACCEPTED","SPECIES","Plantae","Tracheophyta","Magnoliopsida","Asterales","Asteraceae","Erigeron","Erigeron decumbens","Erigeron decumbens","Nutt.","7845106",
,"Erigeron decumbens","Erigeron decumbens Nutt.","7845106","EXACT","99","ACCEPTED","SPECIES","Plantae","Tracheophyta","Magnoliopsida","Asterales","Asteraceae","Erigeron","Erigeron decumbens","Erigeron decumbens","Nutt.","7845106",
,"Erigeron decumbens","Erigeron decumbens Nutt.","7845106","EXACT","99","ACCEPTED","SPECIES","Plantae","Tracheophyta","Magnoliopsida","Asterales","Asteraceae","Erigeron","Erigeron decumbens","Erigeron decumbens","Nutt.","7845106",
,"Erigeron decumbens","Erigeron decumbens Nutt.","7845106","EXACT","99","ACCEPTED","SPECIES","Plantae","Tracheophyta","Magnoliopsida","Asterales","Asteraceae","Erigeron","Erigeron decumbens","Erigeron decumbens","Nutt.","7845106",
,"Erigeron decumbens","Erigeron decumbens Nutt.","7845106","EXACT","99","ACCEPTED","SPECIES","Plantae","Tracheophyta","Magnoliopsida","Asterales","Asteraceae","Erigeron","Erigeron decumbens","Erigeron decumbens","Nutt.","7845106",
,"Erigeron decumbens","Erigeron decumbens Nutt.","7845106","EXACT","99","ACCEPTED","SPECIES","Plantae","Tracheophyta","Magnoliopsida","Asterales","Asteraceae","Erigeron","Erigeron decumbens","Erigeron decumbens","Nutt.","7845106",
,"Erigeron decumbens","Erigeron decumbens Nutt.","7845106","EXACT","99","ACCEPTED","SPECIES","Plantae","Tracheophyta","Magnoliopsida","Asterales","Asteraceae","Erigeron","Erigeron decumbens","Erigeron decumbens","Nutt.","7845106",
,"Erigeron decumbens","Erigeron decumbens Nutt.","7845106","EXACT","99","ACCEPTED","SPECIES","Plantae","Tracheophyta","Magnoliopsida","Asterales","Asteraceae","Erigeron","Erigeron decumbens","Erigeron decumbens","Nutt.","7845106",
,"Erigeron decumbens","Erigeron decumbens Nutt.","7845106","EXACT","99","ACCEPTED","SPECIES","Plantae","Tracheophyta","Magnoliopsida","Asterales","Asteraceae","Erigeron","Erigeron decumbens","Erigeron decumbens","Nutt.","7845106",
,"Erigeron decumbens","Erigeron decumbens Nutt.","7845106","EXACT","99","ACCEPTED","SPECIES","Plantae","Tracheophyta","Magnoliopsida","Asterales","Asteraceae","Erigeron","Erigeron decumbens","Erigeron decumbens","Nutt.","7845106",
,"Erigeron decumbens","Erigeron decumbens Nutt.","7845106","EXACT","99","ACCEPTED","SPECIES","Plantae","Tracheophyta","Magnoliopsida","Asterales","Asteraceae","Erigeron","Erigeron decumbens","Erigeron decumbens","Nutt.","7845106",
,"Erigeron decumbens","Erigeron decumbens Nutt.","7845106","EXACT","99","ACCEPTED","SPECIES","Plantae","Tracheophyta","Magnoliopsida","Asterales","Asteraceae","Erigeron","Erigeron decumbens","Erigeron decumbens","Nutt.","7845106",
,"Erigeron decumbens","Erigeron decumbens Nutt.","7845106","EXACT","99","ACCEPTED","SPECIES","Plantae","Tracheophyta","Magnoliopsida","Asterales","Asteraceae","Erigeron","Erigeron decumbens","Erigeron decumbens","Nutt.","7845106",
,"Erigeron decumbens","Erigeron decumbens Nutt.","7845106","EXACT","99","ACCEPTED","SPECIES","Plantae","Tracheophyta","Magnoliopsida","Asterales","Asteraceae","Erigeron","Erigeron decumbens","Erigeron decumbens","Nutt.","7845106",
,"Erigeron decumbens","Erigeron decumbens Nutt.","7845106","EXACT","99","ACCEPTED","SPECIES","Plantae","Tracheophyta","Magnoliopsida","Asterales","Asteraceae","Erigeron","Erigeron decumbens","Erigeron decumbens","Nutt.","7845106",
,"Erigeron decumbens","Erigeron decumbens Nutt.","7845106","EXACT","99","ACCEPTED","SPECIES","Plantae","Tracheophyta","Magnoliopsida","Asterales","Asteraceae","Erigeron","Erigeron decumbens","Erigeron decumbens","Nutt.","7845106",
,"Erigeron decumbens","Erigeron decumbens Nutt.","7845106","EXACT","99","ACCEPTED","SPECIES","Plantae","Tracheophyta","Magnoliopsida","Asterales","Asteraceae","Erigeron","Erigeron decumbens","Erigeron decumbens","Nutt.","7845106",
,"Erigeron decumbens","Erigeron decumbens Nutt.","7845106","EXACT","99","ACCEPTED","SPECIES","Plantae","Tracheophyta","Magnoliopsida","Asterales","Asteraceae","Erigeron","Erigeron decumbens","Erigeron decumbens","Nutt.","7845106",
,"Erigeron decumbens","Erigeron decumbens Nutt.","7845106","EXACT","99","ACCEPTED","SPECIES","Plantae","Tracheophyta","Magnoliopsida","Asterales","Asteraceae","Erigeron","Erigeron decumbens","Erigeron decumbens","Nutt.","7845106",
,"Erigeron decumbens","Erigeron decumbens Nutt.","7845106","EXACT","99","ACCEPTED","SPECIES","Plantae","Tracheophyta","Magnoliopsida","Asterales","Asteraceae","Erigeron","Erigeron decumbens","Erigeron decumbens","Nutt.","7845106",
,"Erigeron decumbens","Erigeron decumbens Nutt.","7845106","EXACT","99","ACCEPTED","SPECIES","Plantae","Tracheophyta","Magnoliopsida","Asterales","Asteraceae","Erigeron","Erigeron decumbens","Erigeron decumbens","Nutt.","7845106",
,"Erigeron decumbens","Erigeron decumbens Nutt.","7845106","EXACT","99","ACCEPTED","SPECIES","Plantae","Tracheophyta","Magnoliopsida","Asterales","Asteraceae","Erigeron","Erigeron decumbens","Erigeron decumbens","Nutt.","7845106",
,"Erigeron decumbens","Erigeron decumbens Nutt.","7845106","EXACT","99","ACCEPTED","SPECIES","Plantae","Tracheophyta","Magnoliopsida","Asterales","Asteraceae","Erigeron","Erigeron decumbens","Erigeron decumbens","Nutt.","7845106",
,"Erigeron decumbens","Erigeron decumbens Nutt.","7845106","EXACT","99","ACCEPTED","SPECIES","Plantae","Tracheophyta","Magnoliopsida","Asterales","Asteraceae","Erigeron","Erigeron decumbens","Erigeron decumbens","Nutt.","7845106",
,"Erigeron decumbens","Erigeron decumbens Nutt.","7845106","EXACT","99","ACCEPTED","SPECIES","Plantae","Tracheophyta","Magnoliopsida","Asterales","Asteraceae","Erigeron","Erigeron decumbens","Erigeron decumbens","Nutt.","7845106",
,"Erigeron decumbens","Erigeron decumbens Nutt.","7845106","EXACT","99","ACCEPTED","SPECIES","Plantae","Tracheophyta","Magnoliopsida","Asterales","Asteraceae","Erigeron","Erigeron decumbens","Erigeron decumbens","Nutt.","7845106",
,"Erigeron decumbens","Erigeron decumbens Nutt.","7845106","EXACT","99","ACCEPTED","SPECIES","Plantae","Tracheophyta","Magnoliopsida","Asterales","Asteraceae","Erigeron","Erigeron decumbens","Erigeron decumbens","Nutt.","7845106",
,"Erigeron decumbens","Erigeron decumbens Nutt.","7845106","EXACT","99","ACCEPTED","SPECIES","Plantae","Tracheophyta","Magnoliopsida","Asterales","Asteraceae","Erigeron","Erigeron decumbens","Erigeron decumbens","Nutt.","7845106",
,"Erigeron decumbens","Erigeron decumbens Nutt.","7845106","EXACT","99","ACCEPTED","SPECIES","Plantae","Tracheophyta","Magnoliopsida","Asterales","Asteraceae","Erigeron","Erigeron decumbens","Erigeron decumbens","Nutt.","7845106",
,"Erigeron decumbens","Erigeron decumbens Nutt.","7845106","EXACT","99","ACCEPTED","SPECIES","Plantae","Tracheophyta","Magnoliopsida","Asterales","Asteraceae","Erigeron","Erigeron decumbens","Erigeron decumbens","Nutt.","7845106",
,"Erigeron decumbens","Erigeron decumbens Nutt.","7845106","EXACT","99","ACCEPTED","SPECIES","Plantae","Tracheophyta","Magnoliopsida","Asterales","Asteraceae","Erigeron","Erigeron decumbens","Erigeron decumbens","Nutt.","7845106",
,"Erigeron decumbens","Erigeron decumbens Nutt.","7845106","EXACT","99","ACCEPTED","SPECIES","Plantae","Tracheophyta","Magnoliopsida","Asterales","Asteraceae","Erigeron","Erigeron decumbens","Erigeron decumbens","Nutt.","7845106",
,"Erigeron decumbens","Erigeron decumbens Nutt.","7845106","EXACT","99","ACCEPTED","SPECIES","Plantae","Tracheophyta","Magnoliopsida","Asterales","Asteraceae","Erigeron","Erigeron decumbens","Erigeron decumbens","Nutt.","7845106",
,"Erigeron decumbens","Erigeron decumbens Nutt.","7845106","EXACT","99","ACCEPTED","SPECIES","Plantae","Tracheophyta","Magnoliopsida","Asterales","Asteraceae","Erigeron","Erigeron decumbens","Erigeron decumbens","Nutt.","7845106",
,"Erigeron decumbens","Erigeron decumbens Nutt.","7845106","EXACT","99","ACCEPTED","SPECIES","Plantae","Tracheophyta","Magnoliopsida","Asterales","Asteraceae","Erigeron","Erigeron decumbens","Erigeron decumbens","Nutt.","7845106",
,"Erigeron decumbens","Erigeron decumbens Nutt.","7845106","EXACT","99","ACCEPTED","SPECIES","Plantae","Tracheophyta","Magnoliopsida","Asterales","Asteraceae","Erigeron","Erigeron decumbens","Erigeron decumbens","Nutt.","7845106",
,"Erigeron decumbens","Erigeron decumbens Nutt.","7845106","EXACT","99","ACCEPTED","SPECIES","Plantae","Tracheophyta","Magnoliopsida","Asterales","Asteraceae","Erigeron","Erigeron decumbens","Erigeron decumbens","Nutt.","7845106",
,"Erigeron decumbens","Erigeron decumbens Nutt.","7845106","EXACT","99","ACCEPTED","SPECIES","Plantae","Tracheophyta","Magnoliopsida","Asterales","Asteraceae","Erigeron","Erigeron decumbens","Erigeron decumbens","Nutt.","7845106",
,"Erigeron decumbens","Erigeron decumbens Nutt.","7845106","EXACT","99","ACCEPTED","SPECIES","Plantae","Tracheophyta","Magnoliopsida","Asterales","Asteraceae","Erigeron","Erigeron decumbens","Erigeron decumbens","Nutt.","7845106",
,"Erigeron decumbens","Erigeron decumbens Nutt.","7845106","EXACT","99","ACCEPTED","SPECIES","Plantae","Tracheophyta","Magnoliopsida","Asterales","Asteraceae","Erigeron","Erigeron decumbens","Erigeron decumbens","Nutt.","7845106",
,"Erigeron decumbens","Erigeron decumbens Nutt.","7845106","EXACT","99","ACCEPTED","SPECIES","Plantae","Tracheophyta","Magnoliopsida","Asterales","Asteraceae","Erigeron","Erigeron decumbens","Erigeron decumbens","Nutt.","7845106",
,"Erigeron decumbens","Erigeron decumbens Nutt.","7845106","EXACT","99","ACCEPTED","SPECIES","Plantae","Tracheophyta","Magnoliopsida","Asterales","Asteraceae","Erigeron","Erigeron decumbens","Erigeron decumbens","Nutt.","7845106",
,"Erigeron decumbens","Erigeron decumbens Nutt.","7845106","EXACT","99","ACCEPTED","SPECIES","Plantae","Tracheophyta","Magnoliopsida","Asterales","Asteraceae","Erigeron","Erigeron decumbens","Erigeron decumbens","Nutt.","7845106",
,"Erigeron decumbens","Erigeron decumbens Nutt.","7845106","EXACT","99","ACCEPTED","SPECIES","Plantae","Tracheophyta","Magnoliopsida","Asterales","Asteraceae","Erigeron","Erigeron decumbens","Erigeron decumbens","Nutt.","7845106",
,"Erigeron decumbens","Erigeron decumbens Nutt.","7845106","EXACT","99","ACCEPTED","SPECIES","Plantae","Tracheophyta","Magnoliopsida","Asterales","Asteraceae","Erigeron","Erigeron decumbens","Erigeron decumbens","Nutt.","7845106",
,"Erigeron decumbens","Erigeron decumbens Nutt.","7845106","EXACT","99","ACCEPTED","SPECIES","Plantae","Tracheophyta","Magnoliopsida","Asterales","Asteraceae","Erigeron","Erigeron decumbens","Erigeron decumbens","Nutt.","7845106",
,"Erigeron decumbens","Erigeron decumbens Nutt.","7845106","EXACT","99","ACCEPTED","SPECIES","Plantae","Tracheophyta","Magnoliopsida","Asterales","Asteraceae","Erigeron","Erigeron decumbens","Erigeron decumbens","Nutt.","7845106",
,"Erigeron decumbens","Erigeron decumbens Nutt.","7845106","EXACT","99","ACCEPTED","SPECIES","Plantae","Tracheophyta","Magnoliopsida","Asterales","Asteraceae","Erigeron","Erigeron decumbens","Erigeron decumbens","Nutt.","7845106",
,"Erigeron decumbens","Erigeron decumbens Nutt.","7845106","EXACT","99","ACCEPTED","SPECIES","Plantae","Tracheophyta","Magnoliopsida","Asterales","Asteraceae","Erigeron","Erigeron decumbens","Erigeron decumbens","Nutt.","7845106",
,"Erigeron decumbens","Erigeron decumbens Nutt.","7845106","EXACT","99","ACCEPTED","SPECIES","Plantae","Tracheophyta","Magnoliopsida","Asterales","Asteraceae","Erigeron","Erigeron decumbens","Erigeron decumbens","Nutt.","7845106",
,"Erigeron decumbens","Erigeron decumbens Nutt.","7845106","EXACT","99","ACCEPTED","SPECIES","Plantae","Tracheophyta","Magnoliopsida","Asterales","Asteraceae","Erigeron","Erigeron decumbens","Erigeron decumbens","Nutt.","7845106",
,"Erigeron decumbens","Erigeron decumbens Nutt.","7845106","EXACT","99","ACCEPTED","SPECIES","Plantae","Tracheophyta","Magnoliopsida","Asterales","Asteraceae","Erigeron","Erigeron decumbens","Erigeron decumbens","Nutt.","7845106",
,"Erigeron decumbens","Erigeron decumbens Nutt.","7845106","EXACT","99","ACCEPTED","SPECIES","Plantae","Tracheophyta","Magnoliopsida","Asterales","Asteraceae","Erigeron","Erigeron decumbens","Erigeron decumbens","Nutt.","7845106",
,"Erigeron decumbens","Erigeron decumbens Nutt.","7845106","EXACT","99","ACCEPTED","SPECIES","Plantae","Tracheophyta","Magnoliopsida","Asterales","Asteraceae","Erigeron","Erigeron decumbens","Erigeron decumbens","Nutt.","7845106",
,"Erigeron decumbens","Erigeron decumbens Nutt.","7845106","EXACT","99","ACCEPTED","SPECIES","Plantae","Tracheophyta","Magnoliopsida","Asterales","Asteraceae","Erigeron","Erigeron decumbens","Erigeron decumbens","Nutt.","7845106",
,"Erigeron decumbens","Erigeron decumbens Nutt.","7845106","EXACT","99","ACCEPTED","SPECIES","Plantae","Tracheophyta","Magnoliopsida","Asterales","Asteraceae","Erigeron","Erigeron decumbens","Erigeron decumbens","Nutt.","7845106",
,"Erigeron decumbens","Erigeron decumbens Nutt.","7845106","EXACT","99","ACCEPTED","SPECIES","Plantae","Tracheophyta","Magnoliopsida","Asterales","Asteraceae","Erigeron","Erigeron decumbens","Erigeron decumbens","Nutt.","7845106",
,"Erigeron decumbens","Erigeron decumbens Nutt.","7845106","EXACT","99","ACCEPTED","SPECIES","Plantae","Tracheophyta","Magnoliopsida","Asterales","Asteraceae","Erigeron","Erigeron decumbens","Erigeron decumbens","Nutt.","7845106",
,"Erigeron decumbens","Erigeron decumbens Nutt.","7845106","EXACT","99","ACCEPTED","SPECIES","Plantae","Tracheophyta","Magnoliopsida","Asterales","Asteraceae","Erigeron","Erigeron decumbens","Erigeron decumbens","Nutt.","7845106",
,"Erigeron decumbens","Erigeron decumbens Nutt.","7845106","EXACT","99","ACCEPTED","SPECIES","Plantae","Tracheophyta","Magnoliopsida","Asterales","Asteraceae","Erigeron","Erigeron decumbens","Erigeron decumbens","Nutt.","7845106",
,"Erigeron decumbens","Erigeron decumbens Nutt.","7845106","EXACT","99","ACCEPTED","SPECIES","Plantae","Tracheophyta","Magnoliopsida","Asterales","Asteraceae","Erigeron","Erigeron decumbens","Erigeron decumbens","Nutt.","7845106",
,"Erigeron decumbens","Erigeron decumbens Nutt.","7845106","EXACT","99","ACCEPTED","SPECIES","Plantae","Tracheophyta","Magnoliopsida","Asterales","Asteraceae","Erigeron","Erigeron decumbens","Erigeron decumbens","Nutt.","7845106",
,"Erigeron decumbens","Erigeron decumbens Nutt.","7845106","EXACT","99","ACCEPTED","SPECIES","Plantae","Tracheophyta","Magnoliopsida","Asterales","Asteraceae","Erigeron","Erigeron decumbens","Erigeron decumbens","Nutt.","7845106",
,"Erigeron decumbens","Erigeron decumbens Nutt.","7845106","EXACT","99","ACCEPTED","SPECIES","Plantae","Tracheophyta","Magnoliopsida","Asterales","Asteraceae","Erigeron","Erigeron decumbens","Erigeron decumbens","Nutt.","7845106",
,"Erigeron decumbens","Erigeron decumbens Nutt.","7845106","EXACT","99","ACCEPTED","SPECIES","Plantae","Tracheophyta","Magnoliopsida","Asterales","Asteraceae","Erigeron","Erigeron decumbens","Erigeron decumbens","Nutt.","7845106",
,"Erigeron decumbens","Erigeron decumbens Nutt.","7845106","EXACT","99","ACCEPTED","SPECIES","Plantae","Tracheophyta","Magnoliopsida","Asterales","Asteraceae","Erigeron","Erigeron decumbens","Erigeron decumbens","Nutt.","7845106",
,"Erigeron decumbens","Erigeron decumbens Nutt.","7845106","EXACT","99","ACCEPTED","SPECIES","Plantae","Tracheophyta","Magnoliopsida","Asterales","Asteraceae","Erigeron","Erigeron decumbens","Erigeron decumbens","Nutt.","7845106",
,"Erigeron decumbens","Erigeron decumbens Nutt.","7845106","EXACT","99","ACCEPTED","SPECIES","Plantae","Tracheophyta","Magnoliopsida","Asterales","Asteraceae","Erigeron","Erigeron decumbens","Erigeron decumbens","Nutt.","7845106",
,"Erigeron decumbens","Erigeron decumbens Nutt.","7845106","EXACT","99","ACCEPTED","SPECIES","Plantae","Tracheophyta","Magnoliopsida","Asterales","Asteraceae","Erigeron","Erigeron decumbens","Erigeron decumbens","Nutt.","7845106",
,"Erigeron decumbens","Erigeron decumbens Nutt.","7845106","EXACT","99","ACCEPTED","SPECIES","Plantae","Tracheophyta","Magnoliopsida","Asterales","Asteraceae","Erigeron","Erigeron decumbens","Erigeron decumbens","Nutt.","7845106",
,"Erigeron decumbens","Erigeron decumbens Nutt.","7845106","EXACT","99","ACCEPTED","SPECIES","Plantae","Tracheophyta","Magnoliopsida","Asterales","Asteraceae","Erigeron","Erigeron decumbens","Erigeron decumbens","Nutt.","7845106",
,"Erigeron decumbens","Erigeron decumbens Nutt.","7845106","EXACT","99","ACCEPTED","SPECIES","Plantae","Tracheophyta","Magnoliopsida","Asterales","Asteraceae","Erigeron","Erigeron decumbens","Erigeron decumbens","Nutt.","7845106",
,"Erigeron decumbens","Erigeron decumbens Nutt.","7845106","EXACT","99","ACCEPTED","SPECIES","Plantae","Tracheophyta","Magnoliopsida","Asterales","Asteraceae","Erigeron","Erigeron decumbens","Erigeron decumbens","Nutt.","7845106",
,"Erigeron decumbens","Erigeron decumbens Nutt.","7845106","EXACT","99","ACCEPTED","SPECIES","Plantae","Tracheophyta","Magnoliopsida","Asterales","Asteraceae","Erigeron","Erigeron decumbens","Erigeron decumbens","Nutt.","7845106",
,"Erigeron decumbens","Erigeron decumbens Nutt.","7845106","EXACT","99","ACCEPTED","SPECIES","Plantae","Tracheophyta","Magnoliopsida","Asterales","Asteraceae","Erigeron","Erigeron decumbens","Erigeron decumbens","Nutt.","7845106",
,"Erigeron decumbens","Erigeron decumbens Nutt.","7845106","EXACT","99","ACCEPTED","SPECIES","Plantae","Tracheophyta","Magnoliopsida","Asterales","Asteraceae","Erigeron","Erigeron decumbens","Erigeron decumbens","Nutt.","7845106",
,"Erigeron decumbens","Erigeron decumbens Nutt.","7845106","EXACT","99","ACCEPTED","SPECIES","Plantae","Tracheophyta","Magnoliopsida","Asterales","Asteraceae","Erigeron","Erigeron decumbens","Erigeron decumbens","Nutt.","7845106",
,"Erigeron decumbens","Erigeron decumbens Nutt.","7845106","EXACT","99","ACCEPTED","SPECIES","Plantae","Tracheophyta","Magnoliopsida","Asterales","Asteraceae","Erigeron","Erigeron decumbens","Erigeron decumbens","Nutt.","7845106",
,"Erigeron decumbens","Erigeron decumbens Nutt.","7845106","EXACT","99","ACCEPTED","SPECIES","Plantae","Tracheophyta","Magnoliopsida","Asterales","Asteraceae","Erigeron","Erigeron decumbens","Erigeron decumbens","Nutt.","7845106",
,"Erigeron decumbens","Erigeron decumbens Nutt.","7845106","EXACT","99","ACCEPTED","SPECIES","Plantae","Tracheophyta","Magnoliopsida","Asterales","Asteraceae","Erigeron","Erigeron decumbens","Erigeron decumbens","Nutt.","7845106",
,"Erigeron decumbens","Erigeron decumbens Nutt.","7845106","EXACT","99","ACCEPTED","SPECIES","Plantae","Tracheophyta","Magnoliopsida","Asterales","Asteraceae","Erigeron","Erigeron decumbens","Erigeron decumbens","Nutt.","7845106",
,"Crepis setosa","Crepis setosa Haller fil.","4245384","EXACT","100","ACCEPTED","SPECIES","Plantae","Tracheophyta","Magnoliopsida","Asterales","Asteraceae","Crepis","Crepis setosa","Crepis setosa","Haller fil.","4245384",
,"Crepis setosa","Crepis setosa Haller fil.","4245384","EXACT","100","ACCEPTED","SPECIES","Plantae","Tracheophyta","Magnoliopsida","Asterales","Asteraceae","Crepis","Crepis setosa","Crepis setosa","Haller fil.","4245384",
,"Potentilla gracilis","Potentilla gracilis Douglas ex Hook.","5365416","EXACT","99","ACCEPTED","SPECIES","Plantae","Tracheophyta","Magnoliopsida","Rosales","Rosaceae","Potentilla","Potentilla gracilis","Potentilla gracilis","Douglas ex Hook.","5365416",
,"Potentilla gracilis","Potentilla gracilis Douglas ex Hook.","5365416","EXACT","99","ACCEPTED","SPECIES","Plantae","Tracheophyta","Magnoliopsida","Rosales","Rosaceae","Potentilla","Potentilla gracilis","Potentilla gracilis","Douglas ex Hook.","5365416",
,"Parentucellia viscosa","Parentucellia viscosa (L.) Caruel","3171818","EXACT","99","SYNONYM","SPECIES","Plantae","Tracheophyta","Magnoliopsida","Lamiales","Orobanchaceae","Bellardia","Bellardia viscosa","Parentucellia viscosa","(L.) Caruel","3171818","7733140"
,"Leucanthemum vulgare","Leucanthemum vulgare Lam.","8848598","EXACT","100","ACCEPTED","SPECIES","Plantae","Tracheophyta","Magnoliopsida","Asterales","Asteraceae","Leucanthemum","Leucanthemum vulgare","Leucanthemum vulgare","Lam.","8848598",
,"Leucanthemum vulgare","Leucanthemum vulgare Lam.","8848598","EXACT","100","ACCEPTED","SPECIES","Plantae","Tracheophyta","Magnoliopsida","Asterales","Asteraceae","Leucanthemum","Leucanthemum vulgare","Leucanthemum vulgare","Lam.","8848598",
,"Erigeron decumbens","Erigeron decumbens Nutt.","7845106","EXACT","99","ACCEPTED","SPECIES","Plantae","Tracheophyta","Magnoliopsida","Asterales","Asteraceae","Erigeron","Erigeron decumbens","Erigeron decumbens","Nutt.","7845106",
,"Erigeron decumbens","Erigeron decumbens Nutt.","7845106","EXACT","99","ACCEPTED","SPECIES","Plantae","Tracheophyta","Magnoliopsida","Asterales","Asteraceae","Erigeron","Erigeron decumbens","Erigeron decumbens","Nutt.","7845106",
,"Erigeron decumbens","Erigeron decumbens Nutt.","7845106","EXACT","99","ACCEPTED","SPECIES","Plantae","Tracheophyta","Magnoliopsida","Asterales","Asteraceae","Erigeron","Erigeron decumbens","Erigeron decumbens","Nutt.","7845106",
,"Erigeron decumbens","Erigeron decumbens Nutt.","7845106","EXACT","99","ACCEPTED","SPECIES","Plantae","Tracheophyta","Magnoliopsida","Asterales","Asteraceae","Erigeron","Erigeron decumbens","Erigeron decumbens","Nutt.","7845106",
,"Erigeron decumbens","Erigeron decumbens Nutt.","7845106","EXACT","99","ACCEPTED","SPECIES","Plantae","Tracheophyta","Magnoliopsida","Asterales","Asteraceae","Erigeron","Erigeron decumbens","Erigeron decumbens","Nutt.","7845106",
,"Erigeron decumbens","Erigeron decumbens Nutt.","7845106","EXACT","99","ACCEPTED","SPECIES","Plantae","Tracheophyta","Magnoliopsida","Asterales","Asteraceae","Erigeron","Erigeron decumbens","Erigeron decumbens","Nutt.","7845106",
,"Erigeron decumbens","Erigeron decumbens Nutt.","7845106","EXACT","99","ACCEPTED","SPECIES","Plantae","Tracheophyta","Magnoliopsida","Asterales","Asteraceae","Erigeron","Erigeron decumbens","Erigeron decumbens","Nutt.","7845106",
,"Erigeron decumbens","Erigeron decumbens Nutt.","7845106","EXACT","99","ACCEPTED","SPECIES","Plantae","Tracheophyta","Magnoliopsida","Asterales","Asteraceae","Erigeron","Erigeron decumbens","Erigeron decumbens","Nutt.","7845106",
,"Erigeron decumbens","Erigeron decumbens Nutt.","7845106","EXACT","99","ACCEPTED","SPECIES","Plantae","Tracheophyta","Magnoliopsida","Asterales","Asteraceae","Erigeron","Erigeron decumbens","Erigeron decumbens","Nutt.","7845106",
,"Erigeron decumbens","Erigeron decumbens Nutt.","7845106","EXACT","99","ACCEPTED","SPECIES","Plantae","Tracheophyta","Magnoliopsida","Asterales","Asteraceae","Erigeron","Erigeron decumbens","Erigeron decumbens","Nutt.","7845106",
,"Erigeron decumbens","Erigeron decumbens Nutt.","7845106","EXACT","99","ACCEPTED","SPECIES","Plantae","Tracheophyta","Magnoliopsida","Asterales","Asteraceae","Erigeron","Erigeron decumbens","Erigeron decumbens","Nutt.","7845106",
,"Hypericum perforatum","Hypericum perforatum L.","3189486","EXACT","100","ACCEPTED","SPECIES","Plantae","Tracheophyta","Magnoliopsida","Malpighiales","Hypericaceae","Hypericum","Hypericum perforatum","Hypericum perforatum","L.","3189486",
,"Potentilla gracilis","Potentilla gracilis Douglas ex Hook.","5365416","EXACT","99","ACCEPTED","SPECIES","Plantae","Tracheophyta","Magnoliopsida","Rosales","Rosaceae","Potentilla","Potentilla gracilis","Potentilla gracilis","Douglas ex Hook.","5365416",
,"Potentilla gracilis","Potentilla gracilis Douglas ex Hook.","5365416","EXACT","99","ACCEPTED","SPECIES","Plantae","Tracheophyta","Magnoliopsida","Rosales","Rosaceae","Potentilla","Potentilla gracilis","Potentilla gracilis","Douglas ex Hook.","5365416",
,"Veronica scutellata","Veronica scutellata L.","3172072","EXACT","100","ACCEPTED","SPECIES","Plantae","Tracheophyta","Magnoliopsida","Lamiales","Plantaginaceae","Veronica","Veronica scutellata","Veronica scutellata","L.","3172072",
,"Veronica scutellata","Veronica scutellata L.","3172072","EXACT","100","ACCEPTED","SPECIES","Plantae","Tracheophyta","Magnoliopsida","Lamiales","Plantaginaceae","Veronica","Veronica scutellata","Veronica scutellata","L.","3172072",
,"Veronica scutellata","Veronica scutellata L.","3172072","EXACT","100","ACCEPTED","SPECIES","Plantae","Tracheophyta","Magnoliopsida","Lamiales","Plantaginaceae","Veronica","Veronica scutellata","Veronica scutellata","L.","3172072",
,"Veronica scutellata","Veronica scutellata L.","3172072","EXACT","100","ACCEPTED","SPECIES","Plantae","Tracheophyta","Magnoliopsida","Lamiales","Plantaginaceae","Veronica","Veronica scutellata","Veronica scutellata","L.","3172072",
,"Veronica scutellata","Veronica scutellata L.","3172072","EXACT","100","ACCEPTED","SPECIES","Plantae","Tracheophyta","Magnoliopsida","Lamiales","Plantaginaceae","Veronica","Veronica scutellata","Veronica scutellata","L.","3172072",
,"Downingia bicornuta","Downingia bicornuta A.Gray","3166317","EXACT","100","ACCEPTED","SPECIES","Plantae","Tracheophyta","Magnoliopsida","Asterales","Campanulaceae","Downingia","Downingia bicornuta","Downingia bicornuta","A.Gray","3166317",
,"Erigeron decumbens","Erigeron decumbens Nutt.","7845106","EXACT","99","ACCEPTED","SPECIES","Plantae","Tracheophyta","Magnoliopsida","Asterales","Asteraceae","Erigeron","Erigeron decumbens","Erigeron decumbens","Nutt.","7845106",
,"Erigeron decumbens","Erigeron decumbens Nutt.","7845106","EXACT","99","ACCEPTED","SPECIES","Plantae","Tracheophyta","Magnoliopsida","Asterales","Asteraceae","Erigeron","Erigeron decumbens","Erigeron decumbens","Nutt.","7845106",
,"Erigeron decumbens","Erigeron decumbens Nutt.","7845106","EXACT","99","ACCEPTED","SPECIES","Plantae","Tracheophyta","Magnoliopsida","Asterales","Asteraceae","Erigeron","Erigeron decumbens","Erigeron decumbens","Nutt.","7845106",
,"Erigeron decumbens","Erigeron decumbens Nutt.","7845106","EXACT","99","ACCEPTED","SPECIES","Plantae","Tracheophyta","Magnoliopsida","Asterales","Asteraceae","Erigeron","Erigeron decumbens","Erigeron decumbens","Nutt.","7845106",
,"Erigeron decumbens","Erigeron decumbens Nutt.","7845106","EXACT","99","ACCEPTED","SPECIES","Plantae","Tracheophyta","Magnoliopsida","Asterales","Asteraceae","Erigeron","Erigeron decumbens","Erigeron decumbens","Nutt.","7845106",
,"Erigeron decumbens","Erigeron decumbens Nutt.","7845106","EXACT","99","ACCEPTED","SPECIES","Plantae","Tracheophyta","Magnoliopsida","Asterales","Asteraceae","Erigeron","Erigeron decumbens","Erigeron decumbens","Nutt.","7845106",
,"Erigeron decumbens","Erigeron decumbens Nutt.","7845106","EXACT","99","ACCEPTED","SPECIES","Plantae","Tracheophyta","Magnoliopsida","Asterales","Asteraceae","Erigeron","Erigeron decumbens","Erigeron decumbens","Nutt.","7845106",
,"Erigeron decumbens","Erigeron decumbens Nutt.","7845106","EXACT","99","ACCEPTED","SPECIES","Plantae","Tracheophyta","Magnoliopsida","Asterales","Asteraceae","Erigeron","Erigeron decumbens","Erigeron decumbens","Nutt.","7845106",
,"Erigeron decumbens","Erigeron decumbens Nutt.","7845106","EXACT","99","ACCEPTED","SPECIES","Plantae","Tracheophyta","Magnoliopsida","Asterales","Asteraceae","Erigeron","Erigeron decumbens","Erigeron decumbens","Nutt.","7845106",
,"Erigeron decumbens","Erigeron decumbens Nutt.","7845106","EXACT","99","ACCEPTED","SPECIES","Plantae","Tracheophyta","Magnoliopsida","Asterales","Asteraceae","Erigeron","Erigeron decumbens","Erigeron decumbens","Nutt.","7845106",
,"Erigeron decumbens","Erigeron decumbens Nutt.","7845106","EXACT","99","ACCEPTED","SPECIES","Plantae","Tracheophyta","Magnoliopsida","Asterales","Asteraceae","Erigeron","Erigeron decumbens","Erigeron decumbens","Nutt.","7845106",
,"Erigeron decumbens","Erigeron decumbens Nutt.","7845106","EXACT","99","ACCEPTED","SPECIES","Plantae","Tracheophyta","Magnoliopsida","Asterales","Asteraceae","Erigeron","Erigeron decumbens","Erigeron decumbens","Nutt.","7845106",
,"Erigeron decumbens","Erigeron decumbens Nutt.","7845106","EXACT","99","ACCEPTED","SPECIES","Plantae","Tracheophyta","Magnoliopsida","Asterales","Asteraceae","Erigeron","Erigeron decumbens","Erigeron decumbens","Nutt.","7845106",
,"Erigeron decumbens","Erigeron decumbens Nutt.","7845106","EXACT","99","ACCEPTED","SPECIES","Plantae","Tracheophyta","Magnoliopsida","Asterales","Asteraceae","Erigeron","Erigeron decumbens","Erigeron decumbens","Nutt.","7845106",
,"Erigeron decumbens","Erigeron decumbens Nutt.","7845106","EXACT","99","ACCEPTED","SPECIES","Plantae","Tracheophyta","Magnoliopsida","Asterales","Asteraceae","Erigeron","Erigeron decumbens","Erigeron decumbens","Nutt.","7845106",
,"Erigeron decumbens","Erigeron decumbens Nutt.","7845106","EXACT","99","ACCEPTED","SPECIES","Plantae","Tracheophyta","Magnoliopsida","Asterales","Asteraceae","Erigeron","Erigeron decumbens","Erigeron decumbens","Nutt.","7845106",
,"Erigeron decumbens","Erigeron decumbens Nutt.","7845106","EXACT","99","ACCEPTED","SPECIES","Plantae","Tracheophyta","Magnoliopsida","Asterales","Asteraceae","Erigeron","Erigeron decumbens","Erigeron decumbens","Nutt.","7845106",
,"Erigeron decumbens","Erigeron decumbens Nutt.","7845106","EXACT","99","ACCEPTED","SPECIES","Plantae","Tracheophyta","Magnoliopsida","Asterales","Asteraceae","Erigeron","Erigeron decumbens","Erigeron decumbens","Nutt.","7845106",
,"Erigeron decumbens","Erigeron decumbens Nutt.","7845106","EXACT","99","ACCEPTED","SPECIES","Plantae","Tracheophyta","Magnoliopsida","Asterales","Asteraceae","Erigeron","Erigeron decumbens","Erigeron decumbens","Nutt.","7845106",
,"Erigeron decumbens","Erigeron decumbens Nutt.","7845106","EXACT","99","ACCEPTED","SPECIES","Plantae","Tracheophyta","Magnoliopsida","Asterales","Asteraceae","Erigeron","Erigeron decumbens","Erigeron decumbens","Nutt.","7845106",
,"Centaurium erythraea","Centaurium erythraea Rafn","5414457","EXACT","99","ACCEPTED","SPECIES","Plantae","Tracheophyta","Magnoliopsida","Gentianales","Gentianaceae","Centaurium","Centaurium erythraea","Centaurium erythraea","Rafn","5414457",
,"Erigeron decumbens","Erigeron decumbens Nutt.","7845106","EXACT","99","ACCEPTED","SPECIES","Plantae","Tracheophyta","Magnoliopsida","Asterales","Asteraceae","Erigeron","Erigeron decumbens","Erigeron decumbens","Nutt.","7845106",
,"Erigeron decumbens","Erigeron decumbens Nutt.","7845106","EXACT","99","ACCEPTED","SPECIES","Plantae","Tracheophyta","Magnoliopsida","Asterales","Asteraceae","Erigeron","Erigeron decumbens","Erigeron decumbens","Nutt.","7845106",
,"Erigeron decumbens","Erigeron decumbens Nutt.","7845106","EXACT","99","ACCEPTED","SPECIES","Plantae","Tracheophyta","Magnoliopsida","Asterales","Asteraceae","Erigeron","Erigeron decumbens","Erigeron decumbens","Nutt.","7845106",
,"Erigeron decumbens","Erigeron decumbens Nutt.","7845106","EXACT","99","ACCEPTED","SPECIES","Plantae","Tracheophyta","Magnoliopsida","Asterales","Asteraceae","Erigeron","Erigeron decumbens","Erigeron decumbens","Nutt.","7845106",
,"Erigeron decumbens","Erigeron decumbens Nutt.","7845106","EXACT","99","ACCEPTED","SPECIES","Plantae","Tracheophyta","Magnoliopsida","Asterales","Asteraceae","Erigeron","Erigeron decumbens","Erigeron decumbens","Nutt.","7845106",
,"Erigeron decumbens","Erigeron decumbens Nutt.","7845106","EXACT","99","ACCEPTED","SPECIES","Plantae","Tracheophyta","Magnoliopsida","Asterales","Asteraceae","Erigeron","Erigeron decumbens","Erigeron decumbens","Nutt.","7845106",
,"Erigeron decumbens","Erigeron decumbens Nutt.","7845106","EXACT","99","ACCEPTED","SPECIES","Plantae","Tracheophyta","Magnoliopsida","Asterales","Asteraceae","Erigeron","Erigeron decumbens","Erigeron decumbens","Nutt.","7845106",
,"Erigeron decumbens","Erigeron decumbens Nutt.","7845106","EXACT","99","ACCEPTED","SPECIES","Plantae","Tracheophyta","Magnoliopsida","Asterales","Asteraceae","Erigeron","Erigeron decumbens","Erigeron decumbens","Nutt.","7845106",
,"Erigeron decumbens","Erigeron decumbens Nutt.","7845106","EXACT","99","ACCEPTED","SPECIES","Plantae","Tracheophyta","Magnoliopsida","Asterales","Asteraceae","Erigeron","Erigeron decumbens","Erigeron decumbens","Nutt.","7845106",
,"Erigeron decumbens","Erigeron decumbens Nutt.","7845106","EXACT","99","ACCEPTED","SPECIES","Plantae","Tracheophyta","Magnoliopsida","Asterales","Asteraceae","Erigeron","Erigeron decumbens","Erigeron decumbens","Nutt.","7845106",
,"Erigeron decumbens","Erigeron decumbens Nutt.","7845106","EXACT","99","ACCEPTED","SPECIES","Plantae","Tracheophyta","Magnoliopsida","Asterales","Asteraceae","Erigeron","Erigeron decumbens","Erigeron decumbens","Nutt.","7845106",
,"Erigeron decumbens","Erigeron decumbens Nutt.","7845106","EXACT","99","ACCEPTED","SPECIES","Plantae","Tracheophyta","Magnoliopsida","Asterales","Asteraceae","Erigeron","Erigeron decumbens","Erigeron decumbens","Nutt.","7845106",
,"Erigeron decumbens","Erigeron decumbens Nutt.","7845106","EXACT","99","ACCEPTED","SPECIES","Plantae","Tracheophyta","Magnoliopsida","Asterales","Asteraceae","Erigeron","Erigeron decumbens","Erigeron decumbens","Nutt.","7845106",
,"Erigeron decumbens","Erigeron decumbens Nutt.","7845106","EXACT","99","ACCEPTED","SPECIES","Plantae","Tracheophyta","Magnoliopsida","Asterales","Asteraceae","Erigeron","Erigeron decumbens","Erigeron decumbens","Nutt.","7845106",
,"Erigeron decumbens","Erigeron decumbens Nutt.","7845106","EXACT","99","ACCEPTED","SPECIES","Plantae","Tracheophyta","Magnoliopsida","Asterales","Asteraceae","Erigeron","Erigeron decumbens","Erigeron decumbens","Nutt.","7845106",
,"Erigeron decumbens","Erigeron decumbens Nutt.","7845106","EXACT","99","ACCEPTED","SPECIES","Plantae","Tracheophyta","Magnoliopsida","Asterales","Asteraceae","Erigeron","Erigeron decumbens","Erigeron decumbens","Nutt.","7845106",
,"Erigeron decumbens","Erigeron decumbens Nutt.","7845106","EXACT","99","ACCEPTED","SPECIES","Plantae","Tracheophyta","Magnoliopsida","Asterales","Asteraceae","Erigeron","Erigeron decumbens","Erigeron decumbens","Nutt.","7845106",
,"Erigeron decumbens","Erigeron decumbens Nutt.","7845106","EXACT","99","ACCEPTED","SPECIES","Plantae","Tracheophyta","Magnoliopsida","Asterales","Asteraceae","Erigeron","Erigeron decumbens","Erigeron decumbens","Nutt.","7845106",
,"Erigeron decumbens","Erigeron decumbens Nutt.","7845106","EXACT","99","ACCEPTED","SPECIES","Plantae","Tracheophyta","Magnoliopsida","Asterales","Asteraceae","Erigeron","Erigeron decumbens","Erigeron decumbens","Nutt.","7845106",
,"Erigeron decumbens","Erigeron decumbens Nutt.","7845106","EXACT","99","ACCEPTED","SPECIES","Plantae","Tracheophyta","Magnoliopsida","Asterales","Asteraceae","Erigeron","Erigeron decumbens","Erigeron decumbens","Nutt.","7845106",
,"Erigeron decumbens","Erigeron decumbens Nutt.","7845106","EXACT","99","ACCEPTED","SPECIES","Plantae","Tracheophyta","Magnoliopsida","Asterales","Asteraceae","Erigeron","Erigeron decumbens","Erigeron decumbens","Nutt.","7845106",
,"Erigeron decumbens","Erigeron decumbens Nutt.","7845106","EXACT","99","ACCEPTED","SPECIES","Plantae","Tracheophyta","Magnoliopsida","Asterales","Asteraceae","Erigeron","Erigeron decumbens","Erigeron decumbens","Nutt.","7845106",
,"Erigeron decumbens","Erigeron decumbens Nutt.","7845106","EXACT","99","ACCEPTED","SPECIES","Plantae","Tracheophyta","Magnoliopsida","Asterales","Asteraceae","Erigeron","Erigeron decumbens","Erigeron decumbens","Nutt.","7845106",
,"Erigeron decumbens","Erigeron decumbens Nutt.","7845106","EXACT","99","ACCEPTED","SPECIES","Plantae","Tracheophyta","Magnoliopsida","Asterales","Asteraceae","Erigeron","Erigeron decumbens","Erigeron decumbens","Nutt.","7845106",
,"Erigeron decumbens","Erigeron decumbens Nutt.","7845106","EXACT","99","ACCEPTED","SPECIES","Plantae","Tracheophyta","Magnoliopsida","Asterales","Asteraceae","Erigeron","Erigeron decumbens","Erigeron decumbens","Nutt.","7845106",
,"Erigeron decumbens","Erigeron decumbens Nutt.","7845106","EXACT","99","ACCEPTED","SPECIES","Plantae","Tracheophyta","Magnoliopsida","Asterales","Asteraceae","Erigeron","Erigeron decumbens","Erigeron decumbens","Nutt.","7845106",
,"Erigeron decumbens","Erigeron decumbens Nutt.","7845106","EXACT","99","ACCEPTED","SPECIES","Plantae","Tracheophyta","Magnoliopsida","Asterales","Asteraceae","Erigeron","Erigeron decumbens","Erigeron decumbens","Nutt.","7845106",
,"Erigeron decumbens","Erigeron decumbens Nutt.","7845106","EXACT","99","ACCEPTED","SPECIES","Plantae","Tracheophyta","Magnoliopsida","Asterales","Asteraceae","Erigeron","Erigeron decumbens","Erigeron decumbens","Nutt.","7845106",
,"Erigeron decumbens","Erigeron decumbens Nutt.","7845106","EXACT","99","ACCEPTED","SPECIES","Plantae","Tracheophyta","Magnoliopsida","Asterales","Asteraceae","Erigeron","Erigeron decumbens","Erigeron decumbens","Nutt.","7845106",
,"Erigeron decumbens","Erigeron decumbens Nutt.","7845106","EXACT","99","ACCEPTED","SPECIES","Plantae","Tracheophyta","Magnoliopsida","Asterales","Asteraceae","Erigeron","Erigeron decumbens","Erigeron decumbens","Nutt.","7845106",
,"Erigeron decumbens","Erigeron decumbens Nutt.","7845106","EXACT","99","ACCEPTED","SPECIES","Plantae","Tracheophyta","Magnoliopsida","Asterales","Asteraceae","Erigeron","Erigeron decumbens","Erigeron decumbens","Nutt.","7845106",
,"Erigeron decumbens","Erigeron decumbens Nutt.","7845106","EXACT","99","ACCEPTED","SPECIES","Plantae","Tracheophyta","Magnoliopsida","Asterales","Asteraceae","Erigeron","Erigeron decumbens","Erigeron decumbens","Nutt.","7845106",
,"Erigeron decumbens","Erigeron decumbens Nutt.","7845106","EXACT","99","ACCEPTED","SPECIES","Plantae","Tracheophyta","Magnoliopsida","Asterales","Asteraceae","Erigeron","Erigeron decumbens","Erigeron decumbens","Nutt.","7845106",
,"Erigeron decumbens","Erigeron decumbens Nutt.","7845106","EXACT","99","ACCEPTED","SPECIES","Plantae","Tracheophyta","Magnoliopsida","Asterales","Asteraceae","Erigeron","Erigeron decumbens","Erigeron decumbens","Nutt.","7845106",
,"Erigeron decumbens","Erigeron decumbens Nutt.","7845106","EXACT","99","ACCEPTED","SPECIES","Plantae","Tracheophyta","Magnoliopsida","Asterales","Asteraceae","Erigeron","Erigeron decumbens","Erigeron decumbens","Nutt.","7845106",
,"Erigeron decumbens","Erigeron decumbens Nutt.","7845106","EXACT","99","ACCEPTED","SPECIES","Plantae","Tracheophyta","Magnoliopsida","Asterales","Asteraceae","Erigeron","Erigeron decumbens","Erigeron decumbens","Nutt.","7845106",
,"Erigeron decumbens","Erigeron decumbens Nutt.","7845106","EXACT","99","ACCEPTED","SPECIES","Plantae","Tracheophyta","Magnoliopsida","Asterales","Asteraceae","Erigeron","Erigeron decumbens","Erigeron decumbens","Nutt.","7845106",
,"Erigeron decumbens","Erigeron decumbens Nutt.","7845106","EXACT","99","ACCEPTED","SPECIES","Plantae","Tracheophyta","Magnoliopsida","Asterales","Asteraceae","Erigeron","Erigeron decumbens","Erigeron decumbens","Nutt.","7845106",
,"Erigeron decumbens","Erigeron decumbens Nutt.","7845106","EXACT","99","ACCEPTED","SPECIES","Plantae","Tracheophyta","Magnoliopsida","Asterales","Asteraceae","Erigeron","Erigeron decumbens","Erigeron decumbens","Nutt.","7845106",
,"Erigeron decumbens","Erigeron decumbens Nutt.","7845106","EXACT","99","ACCEPTED","SPECIES","Plantae","Tracheophyta","Magnoliopsida","Asterales","Asteraceae","Erigeron","Erigeron decumbens","Erigeron decumbens","Nutt.","7845106",
,"Erigeron decumbens","Erigeron decumbens Nutt.","7845106","EXACT","99","ACCEPTED","SPECIES","Plantae","Tracheophyta","Magnoliopsida","Asterales","Asteraceae","Erigeron","Erigeron decumbens","Erigeron decumbens","Nutt.","7845106",
,"Erigeron decumbens","Erigeron decumbens Nutt.","7845106","EXACT","99","ACCEPTED","SPECIES","Plantae","Tracheophyta","Magnoliopsida","Asterales","Asteraceae","Erigeron","Erigeron decumbens","Erigeron decumbens","Nutt.","7845106",
,"Erigeron decumbens","Erigeron decumbens Nutt.","7845106","EXACT","99","ACCEPTED","SPECIES","Plantae","Tracheophyta","Magnoliopsida","Asterales","Asteraceae","Erigeron","Erigeron decumbens","Erigeron decumbens","Nutt.","7845106",
,"Erigeron decumbens","Erigeron decumbens Nutt.","7845106","EXACT","99","ACCEPTED","SPECIES","Plantae","Tracheophyta","Magnoliopsida","Asterales","Asteraceae","Erigeron","Erigeron decumbens","Erigeron decumbens","Nutt.","7845106",
,"Erigeron decumbens","Erigeron decumbens Nutt.","7845106","EXACT","99","ACCEPTED","SPECIES","Plantae","Tracheophyta","Magnoliopsida","Asterales","Asteraceae","Erigeron","Erigeron decumbens","Erigeron decumbens","Nutt.","7845106",
,"Erigeron decumbens","Erigeron decumbens Nutt.","7845106","EXACT","99","ACCEPTED","SPECIES","Plantae","Tracheophyta","Magnoliopsida","Asterales","Asteraceae","Erigeron","Erigeron decumbens","Erigeron decumbens","Nutt.","7845106",
,"Erigeron decumbens","Erigeron decumbens Nutt.","7845106","EXACT","99","ACCEPTED","SPECIES","Plantae","Tracheophyta","Magnoliopsida","Asterales","Asteraceae","Erigeron","Erigeron decumbens","Erigeron decumbens","Nutt.","7845106",
,"Erigeron decumbens","Erigeron decumbens Nutt.","7845106","EXACT","99","ACCEPTED","SPECIES","Plantae","Tracheophyta","Magnoliopsida","Asterales","Asteraceae","Erigeron","Erigeron decumbens","Erigeron decumbens","Nutt.","7845106",
,"Prunella vulgaris","Prunella vulgaris L.","5341297","EXACT","99","ACCEPTED","SPECIES","Plantae","Tracheophyta","Magnoliopsida","Lamiales","Lamiaceae","Prunella","Prunella vulgaris","Prunella vulgaris","L.","5341297",
,"Prunella vulgaris","Prunella vulgaris L.","5341297","EXACT","99","ACCEPTED","SPECIES","Plantae","Tracheophyta","Magnoliopsida","Lamiales","Lamiaceae","Prunella","Prunella vulgaris","Prunella vulgaris","L.","5341297",
,"Prunella vulgaris","Prunella vulgaris L.","5341297","EXACT","99","ACCEPTED","SPECIES","Plantae","Tracheophyta","Magnoliopsida","Lamiales","Lamiaceae","Prunella","Prunella vulgaris","Prunella vulgaris","L.","5341297",
,"Prunella vulgaris","Prunella vulgaris L.","5341297","EXACT","99","ACCEPTED","SPECIES","Plantae","Tracheophyta","Magnoliopsida","Lamiales","Lamiaceae","Prunella","Prunella vulgaris","Prunella vulgaris","L.","5341297",
,"Vicia tetrasperma","Vicia tetrasperma (L.) Schreb.","2975083","EXACT","99","ACCEPTED","SPECIES","Plantae","Tracheophyta","Magnoliopsida","Fabales","Fabaceae","Vicia","Vicia tetrasperma","Vicia tetrasperma","(L.) Schreb.","2975083",
,"Hypochaeris radicata","Hypochaeris radicata L.","3093702","EXACT","100","ACCEPTED","SPECIES","Plantae","Tracheophyta","Magnoliopsida","Asterales","Asteraceae","Hypochaeris","Hypochaeris radicata","Hypochaeris radicata","L.","3093702",
,"Centaurium erythraea","Centaurium erythraea Rafn","5414457","EXACT","99","ACCEPTED","SPECIES","Plantae","Tracheophyta","Magnoliopsida","Gentianales","Gentianaceae","Centaurium","Centaurium erythraea","Centaurium erythraea","Rafn","5414457",
,"Linum bienne","Linum bienne Mill.","2873896","EXACT","100","ACCEPTED","SPECIES","Plantae","Tracheophyta","Magnoliopsida","Malpighiales","Linaceae","Linum","Linum bienne","Linum bienne","Mill.","2873896",
,"Leucanthemum vulgare","Leucanthemum vulgare Lam.","8848598","EXACT","100","ACCEPTED","SPECIES","Plantae","Tracheophyta","Magnoliopsida","Asterales","Asteraceae","Leucanthemum","Leucanthemum vulgare","Leucanthemum vulgare","Lam.","8848598",
,"Leucanthemum vulgare","Leucanthemum vulgare Lam.","8848598","EXACT","100","ACCEPTED","SPECIES","Plantae","Tracheophyta","Magnoliopsida","Asterales","Asteraceae","Leucanthemum","Leucanthemum vulgare","Leucanthemum vulgare","Lam.","8848598",
,"Crepis setosa","Crepis setosa Haller fil.","4245384","EXACT","100","ACCEPTED","SPECIES","Plantae","Tracheophyta","Magnoliopsida","Asterales","Asteraceae","Crepis","Crepis setosa","Crepis setosa","Haller fil.","4245384",
,"Achillea millefolium","Achillea millefolium L.","3120060","EXACT","99","ACCEPTED","SPECIES","Plantae","Tracheophyta","Magnoliopsida","Asterales","Asteraceae","Achillea","Achillea millefolium","Achillea millefolium","L.","3120060",
,"Erigeron decumbens","Erigeron decumbens Nutt.","7845106","EXACT","99","ACCEPTED","SPECIES","Plantae","Tracheophyta","Magnoliopsida","Asterales","Asteraceae","Erigeron","Erigeron decumbens","Erigeron decumbens","Nutt.","7845106",
,"Castilleja tenuis","Castilleja tenuis (A.Heller) T.I.Chuang & Heckard","3170601","EXACT","100","ACCEPTED","SPECIES","Plantae","Tracheophyta","Magnoliopsida","Lamiales","Orobanchaceae","Castilleja","Castilleja tenuis","Castilleja tenuis","(A.Heller) T.I.Chuang & Heckard","3170601",
,"Centaurium erythraea","Centaurium erythraea Rafn","5414457","EXACT","99","ACCEPTED","SPECIES","Plantae","Tracheophyta","Magnoliopsida","Gentianales","Gentianaceae","Centaurium","Centaurium erythraea","Centaurium erythraea","Rafn","5414457",
,"Eriophyllum lanatum","Eriophyllum lanatum (Pursh) Forbes","3130472","EXACT","100","ACCEPTED","SPECIES","Plantae","Tracheophyta","Magnoliopsida","Asterales","Asteraceae","Eriophyllum","Eriophyllum lanatum","Eriophyllum lanatum","(Pursh) Forbes","3130472",
,"Hypericum perforatum","Hypericum perforatum L.","3189486","EXACT","100","ACCEPTED","SPECIES","Plantae","Tracheophyta","Magnoliopsida","Malpighiales","Hypericaceae","Hypericum","Hypericum perforatum","Hypericum perforatum","L.","3189486",
,"Potentilla gracilis","Potentilla gracilis Douglas ex Hook.","5365416","EXACT","99","ACCEPTED","SPECIES","Plantae","Tracheophyta","Magnoliopsida","Rosales","Rosaceae","Potentilla","Potentilla gracilis","Potentilla gracilis","Douglas ex Hook.","5365416",
,"Potentilla gracilis","Potentilla gracilis Douglas ex Hook.","5365416","EXACT","99","ACCEPTED","SPECIES","Plantae","Tracheophyta","Magnoliopsida","Rosales","Rosaceae","Potentilla","Potentilla gracilis","Potentilla gracilis","Douglas ex Hook.","5365416",
,"Potentilla gracilis","Potentilla gracilis Douglas ex Hook.","5365416","EXACT","99","ACCEPTED","SPECIES","Plantae","Tracheophyta","Magnoliopsida","Rosales","Rosaceae","Potentilla","Potentilla gracilis","Potentilla gracilis","Douglas ex Hook.","5365416",
,"Potentilla gracilis","Potentilla gracilis Douglas ex Hook.","5365416","EXACT","99","ACCEPTED","SPECIES","Plantae","Tracheophyta","Magnoliopsida","Rosales","Rosaceae","Potentilla","Potentilla gracilis","Potentilla gracilis","Douglas ex Hook.","5365416",
,"Myosotis laxa","Myosotis laxa (Sam.) Hyl. ex Nordh.","12186874","EXACT","99","ACCEPTED","SPECIES","Plantae","Tracheophyta","Magnoliopsida","Boraginales","Boraginaceae","Myosotis","Myosotis laxa","Myosotis laxa","(Sam.) Hyl. ex Nordh.","12186874",
,"Parentucellia viscosa","Parentucellia viscosa (L.) Caruel","3171818","EXACT","99","SYNONYM","SPECIES","Plantae","Tracheophyta","Magnoliopsida","Lamiales","Orobanchaceae","Bellardia","Bellardia viscosa","Parentucellia viscosa","(L.) Caruel","3171818","7733140"
,"Prunella vulgaris","Prunella vulgaris L.","5341297","EXACT","99","ACCEPTED","SPECIES","Plantae","Tracheophyta","Magnoliopsida","Lamiales","Lamiaceae","Prunella","Prunella vulgaris","Prunella vulgaris","L.","5341297",
,"Potentilla gracilis","Potentilla gracilis Douglas ex Hook.","5365416","EXACT","99","ACCEPTED","SPECIES","Plantae","Tracheophyta","Magnoliopsida","Rosales","Rosaceae","Potentilla","Potentilla gracilis","Potentilla gracilis","Douglas ex Hook.","5365416",
,"Erigeron decumbens","Erigeron decumbens Nutt.","7845106","EXACT","99","ACCEPTED","SPECIES","Plantae","Tracheophyta","Magnoliopsida","Asterales","Asteraceae","Erigeron","Erigeron decumbens","Erigeron decumbens","Nutt.","7845106",
,"Erigeron decumbens","Erigeron decumbens Nutt.","7845106","EXACT","99","ACCEPTED","SPECIES","Plantae","Tracheophyta","Magnoliopsida","Asterales","Asteraceae","Erigeron","Erigeron decumbens","Erigeron decumbens","Nutt.","7845106",
,"Leontodon saxatilis","Asteraceae","3065","HIGHERRANK","99","ACCEPTED","FAMILY","Plantae","Tracheophyta","Magnoliopsida","Asterales","Asteraceae",,,"Asteraceae",,"3065",
,"Leucanthemum vulgare","Leucanthemum vulgare Lam.","8848598","EXACT","100","ACCEPTED","SPECIES","Plantae","Tracheophyta","Magnoliopsida","Asterales","Asteraceae","Leucanthemum","Leucanthemum vulgare","Leucanthemum vulgare","Lam.","8848598",
,"Leucanthemum vulgare","Leucanthemum vulgare Lam.","8848598","EXACT","100","ACCEPTED","SPECIES","Plantae","Tracheophyta","Magnoliopsida","Asterales","Asteraceae","Leucanthemum","Leucanthemum vulgare","Leucanthemum vulgare","Lam.","8848598",
,"Linum bienne","Linum bienne Mill.","2873896","EXACT","100","ACCEPTED","SPECIES","Plantae","Tracheophyta","Magnoliopsida","Malpighiales","Linaceae","Linum","Linum bienne","Linum bienne","Mill.","2873896",
,"Microseris laciniata","Microseris laciniata (Hook.) Sch.Bip.","5399438","EXACT","100","ACCEPTED","SPECIES","Plantae","Tracheophyta","Magnoliopsida","Asterales","Asteraceae","Microseris","Microseris laciniata","Microseris laciniata","(Hook.) Sch.Bip.","5399438",
,"Leontodon saxatilis","Asteraceae","3065","HIGHERRANK","99","ACCEPTED","FAMILY","Plantae","Tracheophyta","Magnoliopsida","Asterales","Asteraceae",,,"Asteraceae",,"3065",
,"Parentucellia viscosa","Parentucellia viscosa (L.) Caruel","3171818","EXACT","99","SYNONYM","SPECIES","Plantae","Tracheophyta","Magnoliopsida","Lamiales","Orobanchaceae","Bellardia","Bellardia viscosa","Parentucellia viscosa","(L.) Caruel","3171818","7733140"
,"Leucanthemum vulgare","Leucanthemum vulgare Lam.","8848598","EXACT","100","ACCEPTED","SPECIES","Plantae","Tracheophyta","Magnoliopsida","Asterales","Asteraceae","Leucanthemum","Leucanthemum vulgare","Leucanthemum vulgare","Lam.","8848598",
,"Hypochaeris radicata","Hypochaeris radicata L.","3093702","EXACT","100","ACCEPTED","SPECIES","Plantae","Tracheophyta","Magnoliopsida","Asterales","Asteraceae","Hypochaeris","Hypochaeris radicata","Hypochaeris radicata","L.","3093702",
,"Hypochaeris radicata","Hypochaeris radicata L.","3093702","EXACT","100","ACCEPTED","SPECIES","Plantae","Tracheophyta","Magnoliopsida","Asterales","Asteraceae","Hypochaeris","Hypochaeris radicata","Hypochaeris radicata","L.","3093702",
,"Erigeron decumbens","Erigeron decumbens Nutt.","7845106","EXACT","99","ACCEPTED","SPECIES","Plantae","Tracheophyta","Magnoliopsida","Asterales","Asteraceae","Erigeron","Erigeron decumbens","Erigeron decumbens","Nutt.","7845106",
,"Erigeron decumbens","Erigeron decumbens Nutt.","7845106","EXACT","99","ACCEPTED","SPECIES","Plantae","Tracheophyta","Magnoliopsida","Asterales","Asteraceae","Erigeron","Erigeron decumbens","Erigeron decumbens","Nutt.","7845106",
,"Erigeron decumbens","Erigeron decumbens Nutt.","7845106","EXACT","99","ACCEPTED","SPECIES","Plantae","Tracheophyta","Magnoliopsida","Asterales","Asteraceae","Erigeron","Erigeron decumbens","Erigeron decumbens","Nutt.","7845106",
,"Erigeron decumbens","Erigeron decumbens Nutt.","7845106","EXACT","99","ACCEPTED","SPECIES","Plantae","Tracheophyta","Magnoliopsida","Asterales","Asteraceae","Erigeron","Erigeron decumbens","Erigeron decumbens","Nutt.","7845106",
,"Erigeron decumbens","Erigeron decumbens Nutt.","7845106","EXACT","99","ACCEPTED","SPECIES","Plantae","Tracheophyta","Magnoliopsida","Asterales","Asteraceae","Erigeron","Erigeron decumbens","Erigeron decumbens","Nutt.","7845106",
,"Erigeron decumbens","Erigeron decumbens Nutt.","7845106","EXACT","99","ACCEPTED","SPECIES","Plantae","Tracheophyta","Magnoliopsida","Asterales","Asteraceae","Erigeron","Erigeron decumbens","Erigeron decumbens","Nutt.","7845106",
,"Erigeron decumbens","Erigeron decumbens Nutt.","7845106","EXACT","99","ACCEPTED","SPECIES","Plantae","Tracheophyta","Magnoliopsida","Asterales","Asteraceae","Erigeron","Erigeron decumbens","Erigeron decumbens","Nutt.","7845106",
,"Erigeron decumbens","Erigeron decumbens Nutt.","7845106","EXACT","99","ACCEPTED","SPECIES","Plantae","Tracheophyta","Magnoliopsida","Asterales","Asteraceae","Erigeron","Erigeron decumbens","Erigeron decumbens","Nutt.","7845106",
,"Erigeron decumbens","Erigeron decumbens Nutt.","7845106","EXACT","99","ACCEPTED","SPECIES","Plantae","Tracheophyta","Magnoliopsida","Asterales","Asteraceae","Erigeron","Erigeron decumbens","Erigeron decumbens","Nutt.","7845106",
,"Erigeron decumbens","Erigeron decumbens Nutt.","7845106","EXACT","99","ACCEPTED","SPECIES","Plantae","Tracheophyta","Magnoliopsida","Asterales","Asteraceae","Erigeron","Erigeron decumbens","Erigeron decumbens","Nutt.","7845106",
,"Erigeron decumbens","Erigeron decumbens Nutt.","7845106","EXACT","99","ACCEPTED","SPECIES","Plantae","Tracheophyta","Magnoliopsida","Asterales","Asteraceae","Erigeron","Erigeron decumbens","Erigeron decumbens","Nutt.","7845106",
,"Erigeron decumbens","Erigeron decumbens Nutt.","7845106","EXACT","99","ACCEPTED","SPECIES","Plantae","Tracheophyta","Magnoliopsida","Asterales","Asteraceae","Erigeron","Erigeron decumbens","Erigeron decumbens","Nutt.","7845106",
,"Erigeron decumbens","Erigeron decumbens Nutt.","7845106","EXACT","99","ACCEPTED","SPECIES","Plantae","Tracheophyta","Magnoliopsida","Asterales","Asteraceae","Erigeron","Erigeron decumbens","Erigeron decumbens","Nutt.","7845106",
,"Erigeron decumbens","Erigeron decumbens Nutt.","7845106","EXACT","99","ACCEPTED","SPECIES","Plantae","Tracheophyta","Magnoliopsida","Asterales","Asteraceae","Erigeron","Erigeron decumbens","Erigeron decumbens","Nutt.","7845106",
,"Erigeron decumbens","Erigeron decumbens Nutt.","7845106","EXACT","99","ACCEPTED","SPECIES","Plantae","Tracheophyta","Magnoliopsida","Asterales","Asteraceae","Erigeron","Erigeron decumbens","Erigeron decumbens","Nutt.","7845106",
,"Erigeron decumbens","Erigeron decumbens Nutt.","7845106","EXACT","99","ACCEPTED","SPECIES","Plantae","Tracheophyta","Magnoliopsida","Asterales","Asteraceae","Erigeron","Erigeron decumbens","Erigeron decumbens","Nutt.","7845106",
,"Erigeron decumbens","Erigeron decumbens Nutt.","7845106","EXACT","99","ACCEPTED","SPECIES","Plantae","Tracheophyta","Magnoliopsida","Asterales","Asteraceae","Erigeron","Erigeron decumbens","Erigeron decumbens","Nutt.","7845106",
,"Erigeron decumbens","Erigeron decumbens Nutt.","7845106","EXACT","99","ACCEPTED","SPECIES","Plantae","Tracheophyta","Magnoliopsida","Asterales","Asteraceae","Erigeron","Erigeron decumbens","Erigeron decumbens","Nutt.","7845106",
,"Erigeron decumbens","Erigeron decumbens Nutt.","7845106","EXACT","99","ACCEPTED","SPECIES","Plantae","Tracheophyta","Magnoliopsida","Asterales","Asteraceae","Erigeron","Erigeron decumbens","Erigeron decumbens","Nutt.","7845106",
,"Erigeron decumbens","Erigeron decumbens Nutt.","7845106","EXACT","99","ACCEPTED","SPECIES","Plantae","Tracheophyta","Magnoliopsida","Asterales","Asteraceae","Erigeron","Erigeron decumbens","Erigeron decumbens","Nutt.","7845106",
,"Erigeron decumbens","Erigeron decumbens Nutt.","7845106","EXACT","99","ACCEPTED","SPECIES","Plantae","Tracheophyta","Magnoliopsida","Asterales","Asteraceae","Erigeron","Erigeron decumbens","Erigeron decumbens","Nutt.","7845106",
,"Erigeron decumbens","Erigeron decumbens Nutt.","7845106","EXACT","99","ACCEPTED","SPECIES","Plantae","Tracheophyta","Magnoliopsida","Asterales","Asteraceae","Erigeron","Erigeron decumbens","Erigeron decumbens","Nutt.","7845106",
,"Erigeron decumbens","Erigeron decumbens Nutt.","7845106","EXACT","99","ACCEPTED","SPECIES","Plantae","Tracheophyta","Magnoliopsida","Asterales","Asteraceae","Erigeron","Erigeron decumbens","Erigeron decumbens","Nutt.","7845106",
,"Erigeron decumbens","Erigeron decumbens Nutt.","7845106","EXACT","99","ACCEPTED","SPECIES","Plantae","Tracheophyta","Magnoliopsida","Asterales","Asteraceae","Erigeron","Erigeron decumbens","Erigeron decumbens","Nutt.","7845106",
,"Erigeron decumbens","Erigeron decumbens Nutt.","7845106","EXACT","99","ACCEPTED","SPECIES","Plantae","Tracheophyta","Magnoliopsida","Asterales","Asteraceae","Erigeron","Erigeron decumbens","Erigeron decumbens","Nutt.","7845106",
,"Erigeron decumbens","Erigeron decumbens Nutt.","7845106","EXACT","99","ACCEPTED","SPECIES","Plantae","Tracheophyta","Magnoliopsida","Asterales","Asteraceae","Erigeron","Erigeron decumbens","Erigeron decumbens","Nutt.","7845106",
,"Erigeron decumbens","Erigeron decumbens Nutt.","7845106","EXACT","99","ACCEPTED","SPECIES","Plantae","Tracheophyta","Magnoliopsida","Asterales","Asteraceae","Erigeron","Erigeron decumbens","Erigeron decumbens","Nutt.","7845106",
,"Erigeron decumbens","Erigeron decumbens Nutt.","7845106","EXACT","99","ACCEPTED","SPECIES","Plantae","Tracheophyta","Magnoliopsida","Asterales","Asteraceae","Erigeron","Erigeron decumbens","Erigeron decumbens","Nutt.","7845106",
,"Erigeron decumbens","Erigeron decumbens Nutt.","7845106","EXACT","99","ACCEPTED","SPECIES","Plantae","Tracheophyta","Magnoliopsida","Asterales","Asteraceae","Erigeron","Erigeron decumbens","Erigeron decumbens","Nutt.","7845106",
,"Erigeron decumbens","Erigeron decumbens Nutt.","7845106","EXACT","99","ACCEPTED","SPECIES","Plantae","Tracheophyta","Magnoliopsida","Asterales","Asteraceae","Erigeron","Erigeron decumbens","Erigeron decumbens","Nutt.","7845106",
,"Erigeron decumbens","Erigeron decumbens Nutt.","7845106","EXACT","99","ACCEPTED","SPECIES","Plantae","Tracheophyta","Magnoliopsida","Asterales","Asteraceae","Erigeron","Erigeron decumbens","Erigeron decumbens","Nutt.","7845106",
,"Erigeron decumbens","Erigeron decumbens Nutt.","7845106","EXACT","99","ACCEPTED","SPECIES","Plantae","Tracheophyta","Magnoliopsida","Asterales","Asteraceae","Erigeron","Erigeron decumbens","Erigeron decumbens","Nutt.","7845106",
,"Erigeron decumbens","Erigeron decumbens Nutt.","7845106","EXACT","99","ACCEPTED","SPECIES","Plantae","Tracheophyta","Magnoliopsida","Asterales","Asteraceae","Erigeron","Erigeron decumbens","Erigeron decumbens","Nutt.","7845106",
,"Erigeron decumbens","Erigeron decumbens Nutt.","7845106","EXACT","99","ACCEPTED","SPECIES","Plantae","Tracheophyta","Magnoliopsida","Asterales","Asteraceae","Erigeron","Erigeron decumbens","Erigeron decumbens","Nutt.","7845106",
,"Erigeron decumbens","Erigeron decumbens Nutt.","7845106","EXACT","99","ACCEPTED","SPECIES","Plantae","Tracheophyta","Magnoliopsida","Asterales","Asteraceae","Erigeron","Erigeron decumbens","Erigeron decumbens","Nutt.","7845106",
,"Erigeron decumbens","Erigeron decumbens Nutt.","7845106","EXACT","99","ACCEPTED","SPECIES","Plantae","Tracheophyta","Magnoliopsida","Asterales","Asteraceae","Erigeron","Erigeron decumbens","Erigeron decumbens","Nutt.","7845106",
,"Erigeron decumbens","Erigeron decumbens Nutt.","7845106","EXACT","99","ACCEPTED","SPECIES","Plantae","Tracheophyta","Magnoliopsida","Asterales","Asteraceae","Erigeron","Erigeron decumbens","Erigeron decumbens","Nutt.","7845106",
,"Erigeron decumbens","Erigeron decumbens Nutt.","7845106","EXACT","99","ACCEPTED","SPECIES","Plantae","Tracheophyta","Magnoliopsida","Asterales","Asteraceae","Erigeron","Erigeron decumbens","Erigeron decumbens","Nutt.","7845106",
,"Erigeron decumbens","Erigeron decumbens Nutt.","7845106","EXACT","99","ACCEPTED","SPECIES","Plantae","Tracheophyta","Magnoliopsida","Asterales","Asteraceae","Erigeron","Erigeron decumbens","Erigeron decumbens","Nutt.","7845106",
,"Erigeron decumbens","Erigeron decumbens Nutt.","7845106","EXACT","99","ACCEPTED","SPECIES","Plantae","Tracheophyta","Magnoliopsida","Asterales","Asteraceae","Erigeron","Erigeron decumbens","Erigeron decumbens","Nutt.","7845106",
,"Erigeron decumbens","Erigeron decumbens Nutt.","7845106","EXACT","99","ACCEPTED","SPECIES","Plantae","Tracheophyta","Magnoliopsida","Asterales","Asteraceae","Erigeron","Erigeron decumbens","Erigeron decumbens","Nutt.","7845106",
,"Erigeron decumbens","Erigeron decumbens Nutt.","7845106","EXACT","99","ACCEPTED","SPECIES","Plantae","Tracheophyta","Magnoliopsida","Asterales","Asteraceae","Erigeron","Erigeron decumbens","Erigeron decumbens","Nutt.","7845106",
,"Erigeron decumbens","Erigeron decumbens Nutt.","7845106","EXACT","99","ACCEPTED","SPECIES","Plantae","Tracheophyta","Magnoliopsida","Asterales","Asteraceae","Erigeron","Erigeron decumbens","Erigeron decumbens","Nutt.","7845106",
,"Erigeron decumbens","Erigeron decumbens Nutt.","7845106","EXACT","99","ACCEPTED","SPECIES","Plantae","Tracheophyta","Magnoliopsida","Asterales","Asteraceae","Erigeron","Erigeron decumbens","Erigeron decumbens","Nutt.","7845106",
,"Erigeron decumbens","Erigeron decumbens Nutt.","7845106","EXACT","99","ACCEPTED","SPECIES","Plantae","Tracheophyta","Magnoliopsida","Asterales","Asteraceae","Erigeron","Erigeron decumbens","Erigeron decumbens","Nutt.","7845106",
,"Erigeron decumbens","Erigeron decumbens Nutt.","7845106","EXACT","99","ACCEPTED","SPECIES","Plantae","Tracheophyta","Magnoliopsida","Asterales","Asteraceae","Erigeron","Erigeron decumbens","Erigeron decumbens","Nutt.","7845106",
,"Erigeron decumbens","Erigeron decumbens Nutt.","7845106","EXACT","99","ACCEPTED","SPECIES","Plantae","Tracheophyta","Magnoliopsida","Asterales","Asteraceae","Erigeron","Erigeron decumbens","Erigeron decumbens","Nutt.","7845106",
,"Erigeron decumbens","Erigeron decumbens Nutt.","7845106","EXACT","99","ACCEPTED","SPECIES","Plantae","Tracheophyta","Magnoliopsida","Asterales","Asteraceae","Erigeron","Erigeron decumbens","Erigeron decumbens","Nutt.","7845106",
,"Erigeron decumbens","Erigeron decumbens Nutt.","7845106","EXACT","99","ACCEPTED","SPECIES","Plantae","Tracheophyta","Magnoliopsida","Asterales","Asteraceae","Erigeron","Erigeron decumbens","Erigeron decumbens","Nutt.","7845106",
,"Erigeron decumbens","Erigeron decumbens Nutt.","7845106","EXACT","99","ACCEPTED","SPECIES","Plantae","Tracheophyta","Magnoliopsida","Asterales","Asteraceae","Erigeron","Erigeron decumbens","Erigeron decumbens","Nutt.","7845106",
,"Erigeron decumbens","Erigeron decumbens Nutt.","7845106","EXACT","99","ACCEPTED","SPECIES","Plantae","Tracheophyta","Magnoliopsida","Asterales","Asteraceae","Erigeron","Erigeron decumbens","Erigeron decumbens","Nutt.","7845106",
,"Erigeron decumbens","Erigeron decumbens Nutt.","7845106","EXACT","99","ACCEPTED","SPECIES","Plantae","Tracheophyta","Magnoliopsida","Asterales","Asteraceae","Erigeron","Erigeron decumbens","Erigeron decumbens","Nutt.","7845106",
,"Erigeron decumbens","Erigeron decumbens Nutt.","7845106","EXACT","99","ACCEPTED","SPECIES","Plantae","Tracheophyta","Magnoliopsida","Asterales","Asteraceae","Erigeron","Erigeron decumbens","Erigeron decumbens","Nutt.","7845106",
,"Erigeron decumbens","Erigeron decumbens Nutt.","7845106","EXACT","99","ACCEPTED","SPECIES","Plantae","Tracheophyta","Magnoliopsida","Asterales","Asteraceae","Erigeron","Erigeron decumbens","Erigeron decumbens","Nutt.","7845106",
,"Erigeron decumbens","Erigeron decumbens Nutt.","7845106","EXACT","99","ACCEPTED","SPECIES","Plantae","Tracheophyta","Magnoliopsida","Asterales","Asteraceae","Erigeron","Erigeron decumbens","Erigeron decumbens","Nutt.","7845106",
,"Erigeron decumbens","Erigeron decumbens Nutt.","7845106","EXACT","99","ACCEPTED","SPECIES","Plantae","Tracheophyta","Magnoliopsida","Asterales","Asteraceae","Erigeron","Erigeron decumbens","Erigeron decumbens","Nutt.","7845106",
,"Erigeron decumbens","Erigeron decumbens Nutt.","7845106","EXACT","99","ACCEPTED","SPECIES","Plantae","Tracheophyta","Magnoliopsida","Asterales","Asteraceae","Erigeron","Erigeron decumbens","Erigeron decumbens","Nutt.","7845106",
,"Erigeron decumbens","Erigeron decumbens Nutt.","7845106","EXACT","99","ACCEPTED","SPECIES","Plantae","Tracheophyta","Magnoliopsida","Asterales","Asteraceae","Erigeron","Erigeron decumbens","Erigeron decumbens","Nutt.","7845106",
,"Erigeron decumbens","Erigeron decumbens Nutt.","7845106","EXACT","99","ACCEPTED","SPECIES","Plantae","Tracheophyta","Magnoliopsida","Asterales","Asteraceae","Erigeron","Erigeron decumbens","Erigeron decumbens","Nutt.","7845106",
,"Erigeron decumbens","Erigeron decumbens Nutt.","7845106","EXACT","99","ACCEPTED","SPECIES","Plantae","Tracheophyta","Magnoliopsida","Asterales","Asteraceae","Erigeron","Erigeron decumbens","Erigeron decumbens","Nutt.","7845106",
,"Erigeron decumbens","Erigeron decumbens Nutt.","7845106","EXACT","99","ACCEPTED","SPECIES","Plantae","Tracheophyta","Magnoliopsida","Asterales","Asteraceae","Erigeron","Erigeron decumbens","Erigeron decumbens","Nutt.","7845106",
,"Erigeron decumbens","Erigeron decumbens Nutt.","7845106","EXACT","99","ACCEPTED","SPECIES","Plantae","Tracheophyta","Magnoliopsida","Asterales","Asteraceae","Erigeron","Erigeron decumbens","Erigeron decumbens","Nutt.","7845106",
,"Erigeron decumbens","Erigeron decumbens Nutt.","7845106","EXACT","99","ACCEPTED","SPECIES","Plantae","Tracheophyta","Magnoliopsida","Asterales","Asteraceae","Erigeron","Erigeron decumbens","Erigeron decumbens","Nutt.","7845106",
,"Erigeron decumbens","Erigeron decumbens Nutt.","7845106","EXACT","99","ACCEPTED","SPECIES","Plantae","Tracheophyta","Magnoliopsida","Asterales","Asteraceae","Erigeron","Erigeron decumbens","Erigeron decumbens","Nutt.","7845106",
,"Erigeron decumbens","Erigeron decumbens Nutt.","7845106","EXACT","99","ACCEPTED","SPECIES","Plantae","Tracheophyta","Magnoliopsida","Asterales","Asteraceae","Erigeron","Erigeron decumbens","Erigeron decumbens","Nutt.","7845106",
,"Erigeron decumbens","Erigeron decumbens Nutt.","7845106","EXACT","99","ACCEPTED","SPECIES","Plantae","Tracheophyta","Magnoliopsida","Asterales","Asteraceae","Erigeron","Erigeron decumbens","Erigeron decumbens","Nutt.","7845106",
,"Erigeron decumbens","Erigeron decumbens Nutt.","7845106","EXACT","99","ACCEPTED","SPECIES","Plantae","Tracheophyta","Magnoliopsida","Asterales","Asteraceae","Erigeron","Erigeron decumbens","Erigeron decumbens","Nutt.","7845106",
,"Erigeron decumbens","Erigeron decumbens Nutt.","7845106","EXACT","99","ACCEPTED","SPECIES","Plantae","Tracheophyta","Magnoliopsida","Asterales","Asteraceae","Erigeron","Erigeron decumbens","Erigeron decumbens","Nutt.","7845106",
,"Erigeron decumbens","Erigeron decumbens Nutt.","7845106","EXACT","99","ACCEPTED","SPECIES","Plantae","Tracheophyta","Magnoliopsida","Asterales","Asteraceae","Erigeron","Erigeron decumbens","Erigeron decumbens","Nutt.","7845106",
,"Erigeron decumbens","Erigeron decumbens Nutt.","7845106","EXACT","99","ACCEPTED","SPECIES","Plantae","Tracheophyta","Magnoliopsida","Asterales","Asteraceae","Erigeron","Erigeron decumbens","Erigeron decumbens","Nutt.","7845106",
,"Erigeron decumbens","Erigeron decumbens Nutt.","7845106","EXACT","99","ACCEPTED","SPECIES","Plantae","Tracheophyta","Magnoliopsida","Asterales","Asteraceae","Erigeron","Erigeron decumbens","Erigeron decumbens","Nutt.","7845106",
,"Erigeron decumbens","Erigeron decumbens Nutt.","7845106","EXACT","99","ACCEPTED","SPECIES","Plantae","Tracheophyta","Magnoliopsida","Asterales","Asteraceae","Erigeron","Erigeron decumbens","Erigeron decumbens","Nutt.","7845106",
,"Erigeron decumbens","Erigeron decumbens Nutt.","7845106","EXACT","99","ACCEPTED","SPECIES","Plantae","Tracheophyta","Magnoliopsida","Asterales","Asteraceae","Erigeron","Erigeron decumbens","Erigeron decumbens","Nutt.","7845106",
,"Erigeron decumbens","Erigeron decumbens Nutt.","7845106","EXACT","99","ACCEPTED","SPECIES","Plantae","Tracheophyta","Magnoliopsida","Asterales","Asteraceae","Erigeron","Erigeron decumbens","Erigeron decumbens","Nutt.","7845106",
,"Erigeron decumbens","Erigeron decumbens Nutt.","7845106","EXACT","99","ACCEPTED","SPECIES","Plantae","Tracheophyta","Magnoliopsida","Asterales","Asteraceae","Erigeron","Erigeron decumbens","Erigeron decumbens","Nutt.","7845106",
,"Erigeron decumbens","Erigeron decumbens Nutt.","7845106","EXACT","99","ACCEPTED","SPECIES","Plantae","Tracheophyta","Magnoliopsida","Asterales","Asteraceae","Erigeron","Erigeron decumbens","Erigeron decumbens","Nutt.","7845106",
,"Erigeron decumbens","Erigeron decumbens Nutt.","7845106","EXACT","99","ACCEPTED","SPECIES","Plantae","Tracheophyta","Magnoliopsida","Asterales","Asteraceae","Erigeron","Erigeron decumbens","Erigeron decumbens","Nutt.","7845106",
,"Erigeron decumbens","Erigeron decumbens Nutt.","7845106","EXACT","99","ACCEPTED","SPECIES","Plantae","Tracheophyta","Magnoliopsida","Asterales","Asteraceae","Erigeron","Erigeron decumbens","Erigeron decumbens","Nutt.","7845106",
,"Erigeron decumbens","Erigeron decumbens Nutt.","7845106","EXACT","99","ACCEPTED","SPECIES","Plantae","Tracheophyta","Magnoliopsida","Asterales","Asteraceae","Erigeron","Erigeron decumbens","Erigeron decumbens","Nutt.","7845106",
,"Erigeron decumbens","Erigeron decumbens Nutt.","7845106","EXACT","99","ACCEPTED","SPECIES","Plantae","Tracheophyta","Magnoliopsida","Asterales","Asteraceae","Erigeron","Erigeron decumbens","Erigeron decumbens","Nutt.","7845106",
,"Erigeron decumbens","Erigeron decumbens Nutt.","7845106","EXACT","99","ACCEPTED","SPECIES","Plantae","Tracheophyta","Magnoliopsida","Asterales","Asteraceae","Erigeron","Erigeron decumbens","Erigeron decumbens","Nutt.","7845106",
,"Erigeron decumbens","Erigeron decumbens Nutt.","7845106","EXACT","99","ACCEPTED","SPECIES","Plantae","Tracheophyta","Magnoliopsida","Asterales","Asteraceae","Erigeron","Erigeron decumbens","Erigeron decumbens","Nutt.","7845106",
,"Erigeron decumbens","Erigeron decumbens Nutt.","7845106","EXACT","99","ACCEPTED","SPECIES","Plantae","Tracheophyta","Magnoliopsida","Asterales","Asteraceae","Erigeron","Erigeron decumbens","Erigeron decumbens","Nutt.","7845106",
,"Erigeron decumbens","Erigeron decumbens Nutt.","7845106","EXACT","99","ACCEPTED","SPECIES","Plantae","Tracheophyta","Magnoliopsida","Asterales","Asteraceae","Erigeron","Erigeron decumbens","Erigeron decumbens","Nutt.","7845106",
,"Erigeron decumbens","Erigeron decumbens Nutt.","7845106","EXACT","99","ACCEPTED","SPECIES","Plantae","Tracheophyta","Magnoliopsida","Asterales","Asteraceae","Erigeron","Erigeron decumbens","Erigeron decumbens","Nutt.","7845106",
,"Erigeron decumbens","Erigeron decumbens Nutt.","7845106","EXACT","99","ACCEPTED","SPECIES","Plantae","Tracheophyta","Magnoliopsida","Asterales","Asteraceae","Erigeron","Erigeron decumbens","Erigeron decumbens","Nutt.","7845106",
,"Erigeron decumbens","Erigeron decumbens Nutt.","7845106","EXACT","99","ACCEPTED","SPECIES","Plantae","Tracheophyta","Magnoliopsida","Asterales","Asteraceae","Erigeron","Erigeron decumbens","Erigeron decumbens","Nutt.","7845106",
,"Erigeron decumbens","Erigeron decumbens Nutt.","7845106","EXACT","99","ACCEPTED","SPECIES","Plantae","Tracheophyta","Magnoliopsida","Asterales","Asteraceae","Erigeron","Erigeron decumbens","Erigeron decumbens","Nutt.","7845106",
,"Erigeron decumbens","Erigeron decumbens Nutt.","7845106","EXACT","99","ACCEPTED","SPECIES","Plantae","Tracheophyta","Magnoliopsida","Asterales","Asteraceae","Erigeron","Erigeron decumbens","Erigeron decumbens","Nutt.","7845106",
,"Erigeron decumbens","Erigeron decumbens Nutt.","7845106","EXACT","99","ACCEPTED","SPECIES","Plantae","Tracheophyta","Magnoliopsida","Asterales","Asteraceae","Erigeron","Erigeron decumbens","Erigeron decumbens","Nutt.","7845106",
,"Erigeron decumbens","Erigeron decumbens Nutt.","7845106","EXACT","99","ACCEPTED","SPECIES","Plantae","Tracheophyta","Magnoliopsida","Asterales","Asteraceae","Erigeron","Erigeron decumbens","Erigeron decumbens","Nutt.","7845106",
,"Erigeron decumbens","Erigeron decumbens Nutt.","7845106","EXACT","99","ACCEPTED","SPECIES","Plantae","Tracheophyta","Magnoliopsida","Asterales","Asteraceae","Erigeron","Erigeron decumbens","Erigeron decumbens","Nutt.","7845106",
,"Leucanthemum vulgare","Leucanthemum vulgare Lam.","8848598","EXACT","100","ACCEPTED","SPECIES","Plantae","Tracheophyta","Magnoliopsida","Asterales","Asteraceae","Leucanthemum","Leucanthemum vulgare","Leucanthemum vulgare","Lam.","8848598",
,"Leucanthemum vulgare","Leucanthemum vulgare Lam.","8848598","EXACT","100","ACCEPTED","SPECIES","Plantae","Tracheophyta","Magnoliopsida","Asterales","Asteraceae","Leucanthemum","Leucanthemum vulgare","Leucanthemum vulgare","Lam.","8848598",
,"Erigeron decumbens","Erigeron decumbens Nutt.","7845106","EXACT","99","ACCEPTED","SPECIES","Plantae","Tracheophyta","Magnoliopsida","Asterales","Asteraceae","Erigeron","Erigeron decumbens","Erigeron decumbens","Nutt.","7845106",
,"Erigeron decumbens","Erigeron decumbens Nutt.","7845106","EXACT","99","ACCEPTED","SPECIES","Plantae","Tracheophyta","Magnoliopsida","Asterales","Asteraceae","Erigeron","Erigeron decumbens","Erigeron decumbens","Nutt.","7845106",
,"Erigeron decumbens","Erigeron decumbens Nutt.","7845106","EXACT","99","ACCEPTED","SPECIES","Plantae","Tracheophyta","Magnoliopsida","Asterales","Asteraceae","Erigeron","Erigeron decumbens","Erigeron decumbens","Nutt.","7845106",
,"Erigeron decumbens","Erigeron decumbens Nutt.","7845106","EXACT","99","ACCEPTED","SPECIES","Plantae","Tracheophyta","Magnoliopsida","Asterales","Asteraceae","Erigeron","Erigeron decumbens","Erigeron decumbens","Nutt.","7845106",
,"Erigeron decumbens","Erigeron decumbens Nutt.","7845106","EXACT","99","ACCEPTED","SPECIES","Plantae","Tracheophyta","Magnoliopsida","Asterales","Asteraceae","Erigeron","Erigeron decumbens","Erigeron decumbens","Nutt.","7845106",
,"Erigeron decumbens","Erigeron decumbens Nutt.","7845106","EXACT","99","ACCEPTED","SPECIES","Plantae","Tracheophyta","Magnoliopsida","Asterales","Asteraceae","Erigeron","Erigeron decumbens","Erigeron decumbens","Nutt.","7845106",
,"Erigeron decumbens","Erigeron decumbens Nutt.","7845106","EXACT","99","ACCEPTED","SPECIES","Plantae","Tracheophyta","Magnoliopsida","Asterales","Asteraceae","Erigeron","Erigeron decumbens","Erigeron decumbens","Nutt.","7845106",
,"Erigeron decumbens","Erigeron decumbens Nutt.","7845106","EXACT","99","ACCEPTED","SPECIES","Plantae","Tracheophyta","Magnoliopsida","Asterales","Asteraceae","Erigeron","Erigeron decumbens","Erigeron decumbens","Nutt.","7845106",
,"Erigeron decumbens","Erigeron decumbens Nutt.","7845106","EXACT","99","ACCEPTED","SPECIES","Plantae","Tracheophyta","Magnoliopsida","Asterales","Asteraceae","Erigeron","Erigeron decumbens","Erigeron decumbens","Nutt.","7845106",
,"Erigeron decumbens","Erigeron decumbens Nutt.","7845106","EXACT","99","ACCEPTED","SPECIES","Plantae","Tracheophyta","Magnoliopsida","Asterales","Asteraceae","Erigeron","Erigeron decumbens","Erigeron decumbens","Nutt.","7845106",
,"Erigeron decumbens","Erigeron decumbens Nutt.","7845106","EXACT","99","ACCEPTED","SPECIES","Plantae","Tracheophyta","Magnoliopsida","Asterales","Asteraceae","Erigeron","Erigeron decumbens","Erigeron decumbens","Nutt.","7845106",
,"Erigeron decumbens","Erigeron decumbens Nutt.","7845106","EXACT","99","ACCEPTED","SPECIES","Plantae","Tracheophyta","Magnoliopsida","Asterales","Asteraceae","Erigeron","Erigeron decumbens","Erigeron decumbens","Nutt.","7845106",
,"Erigeron decumbens","Erigeron decumbens Nutt.","7845106","EXACT","99","ACCEPTED","SPECIES","Plantae","Tracheophyta","Magnoliopsida","Asterales","Asteraceae","Erigeron","Erigeron decumbens","Erigeron decumbens","Nutt.","7845106",
,"Erigeron decumbens","Erigeron decumbens Nutt.","7845106","EXACT","99","ACCEPTED","SPECIES","Plantae","Tracheophyta","Magnoliopsida","Asterales","Asteraceae","Erigeron","Erigeron decumbens","Erigeron decumbens","Nutt.","7845106",
,"Erigeron decumbens","Erigeron decumbens Nutt.","7845106","EXACT","99","ACCEPTED","SPECIES","Plantae","Tracheophyta","Magnoliopsida","Asterales","Asteraceae","Erigeron","Erigeron decumbens","Erigeron decumbens","Nutt.","7845106",
,"Erigeron decumbens","Erigeron decumbens Nutt.","7845106","EXACT","99","ACCEPTED","SPECIES","Plantae","Tracheophyta","Magnoliopsida","Asterales","Asteraceae","Erigeron","Erigeron decumbens","Erigeron decumbens","Nutt.","7845106",
,"Erigeron decumbens","Erigeron decumbens Nutt.","7845106","EXACT","99","ACCEPTED","SPECIES","Plantae","Tracheophyta","Magnoliopsida","Asterales","Asteraceae","Erigeron","Erigeron decumbens","Erigeron decumbens","Nutt.","7845106",
,"Hypochaeris radicata","Hypochaeris radicata L.","3093702","EXACT","100","ACCEPTED","SPECIES","Plantae","Tracheophyta","Magnoliopsida","Asterales","Asteraceae","Hypochaeris","Hypochaeris radicata","Hypochaeris radicata","L.","3093702",
,"Linum bienne","Linum bienne Mill.","2873896","EXACT","100","ACCEPTED","SPECIES","Plantae","Tracheophyta","Magnoliopsida","Malpighiales","Linaceae","Linum","Linum bienne","Linum bienne","Mill.","2873896",
,"Leucanthemum vulgare","Leucanthemum vulgare Lam.","8848598","EXACT","100","ACCEPTED","SPECIES","Plantae","Tracheophyta","Magnoliopsida","Asterales","Asteraceae","Leucanthemum","Leucanthemum vulgare","Leucanthemum vulgare","Lam.","8848598",
,"Leucanthemum vulgare","Leucanthemum vulgare Lam.","8848598","EXACT","100","ACCEPTED","SPECIES","Plantae","Tracheophyta","Magnoliopsida","Asterales","Asteraceae","Leucanthemum","Leucanthemum vulgare","Leucanthemum vulgare","Lam.","8848598",
,"Leucanthemum vulgare","Leucanthemum vulgare Lam.","8848598","EXACT","100","ACCEPTED","SPECIES","Plantae","Tracheophyta","Magnoliopsida","Asterales","Asteraceae","Leucanthemum","Leucanthemum vulgare","Leucanthemum vulgare","Lam.","8848598",
,"Leucanthemum vulgare","Leucanthemum vulgare Lam.","8848598","EXACT","100","ACCEPTED","SPECIES","Plantae","Tracheophyta","Magnoliopsida","Asterales","Asteraceae","Leucanthemum","Leucanthemum vulgare","Leucanthemum vulgare","Lam.","8848598",
,"Leucanthemum vulgare","Leucanthemum vulgare Lam.","8848598","EXACT","100","ACCEPTED","SPECIES","Plantae","Tracheophyta","Magnoliopsida","Asterales","Asteraceae","Leucanthemum","Leucanthemum vulgare","Leucanthemum vulgare","Lam.","8848598",
,"Leucanthemum vulgare","Leucanthemum vulgare Lam.","8848598","EXACT","100","ACCEPTED","SPECIES","Plantae","Tracheophyta","Magnoliopsida","Asterales","Asteraceae","Leucanthemum","Leucanthemum vulgare","Leucanthemum vulgare","Lam.","8848598",
,"Parentucellia viscosa","Parentucellia viscosa (L.) Caruel","3171818","EXACT","99","SYNONYM","SPECIES","Plantae","Tracheophyta","Magnoliopsida","Lamiales","Orobanchaceae","Bellardia","Bellardia viscosa","Parentucellia viscosa","(L.) Caruel","3171818","7733140"
,"Achillea millefolium","Achillea millefolium L.","3120060","EXACT","99","ACCEPTED","SPECIES","Plantae","Tracheophyta","Magnoliopsida","Asterales","Asteraceae","Achillea","Achillea millefolium","Achillea millefolium","L.","3120060",
,"Achillea millefolium","Achillea millefolium L.","3120060","EXACT","99","ACCEPTED","SPECIES","Plantae","Tracheophyta","Magnoliopsida","Asterales","Asteraceae","Achillea","Achillea millefolium","Achillea millefolium","L.","3120060",
,"Achillea millefolium","Achillea millefolium L.","3120060","EXACT","99","ACCEPTED","SPECIES","Plantae","Tracheophyta","Magnoliopsida","Asterales","Asteraceae","Achillea","Achillea millefolium","Achillea millefolium","L.","3120060",
,"Vicia villosa","Vicia villosa Roth","9182154","EXACT","99","ACCEPTED","SPECIES","Plantae","Tracheophyta","Magnoliopsida","Fabales","Fabaceae","Vicia","Vicia villosa","Vicia villosa","Roth","9182154",
,"Erigeron decumbens","Erigeron decumbens Nutt.","7845106","EXACT","99","ACCEPTED","SPECIES","Plantae","Tracheophyta","Magnoliopsida","Asterales","Asteraceae","Erigeron","Erigeron decumbens","Erigeron decumbens","Nutt.","7845106",
,"Achillea millefolium","Achillea millefolium L.","3120060","EXACT","99","ACCEPTED","SPECIES","Plantae","Tracheophyta","Magnoliopsida","Asterales","Asteraceae","Achillea","Achillea millefolium","Achillea millefolium","L.","3120060",
,"Achillea millefolium","Achillea millefolium L.","3120060","EXACT","99","ACCEPTED","SPECIES","Plantae","Tracheophyta","Magnoliopsida","Asterales","Asteraceae","Achillea","Achillea millefolium","Achillea millefolium","L.","3120060",
,"Achillea millefolium","Achillea millefolium L.","3120060","EXACT","99","ACCEPTED","SPECIES","Plantae","Tracheophyta","Magnoliopsida","Asterales","Asteraceae","Achillea","Achillea millefolium","Achillea millefolium","L.","3120060",
,"Erigeron decumbens","Erigeron decumbens Nutt.","7845106","EXACT","99","ACCEPTED","SPECIES","Plantae","Tracheophyta","Magnoliopsida","Asterales","Asteraceae","Erigeron","Erigeron decumbens","Erigeron decumbens","Nutt.","7845106",
,"Torilis arvensis","Torilis arvensis (Huds.) Link","3034823","EXACT","100","ACCEPTED","SPECIES","Plantae","Tracheophyta","Magnoliopsida","Apiales","Apiaceae","Torilis","Torilis arvensis","Torilis arvensis","(Huds.) Link","3034823",
,"Lupinus oreganus","Lupinus oreganus A.Heller","2963785","EXACT","100","ACCEPTED","SPECIES","Plantae","Tracheophyta","Magnoliopsida","Fabales","Fabaceae","Lupinus","Lupinus oreganus","Lupinus oreganus","A.Heller","2963785",
,"Leucanthemum vulgare","Leucanthemum vulgare Lam.","8848598","EXACT","100","ACCEPTED","SPECIES","Plantae","Tracheophyta","Magnoliopsida","Asterales","Asteraceae","Leucanthemum","Leucanthemum vulgare","Leucanthemum vulgare","Lam.","8848598",
,"Erigeron decumbens","Erigeron decumbens Nutt.","7845106","EXACT","99","ACCEPTED","SPECIES","Plantae","Tracheophyta","Magnoliopsida","Asterales","Asteraceae","Erigeron","Erigeron decumbens","Erigeron decumbens","Nutt.","7845106",
,"Erigeron decumbens","Erigeron decumbens Nutt.","7845106","EXACT","99","ACCEPTED","SPECIES","Plantae","Tracheophyta","Magnoliopsida","Asterales","Asteraceae","Erigeron","Erigeron decumbens","Erigeron decumbens","Nutt.","7845106",
,"Erigeron decumbens","Erigeron decumbens Nutt.","7845106","EXACT","99","ACCEPTED","SPECIES","Plantae","Tracheophyta","Magnoliopsida","Asterales","Asteraceae","Erigeron","Erigeron decumbens","Erigeron decumbens","Nutt.","7845106",
,"Erigeron decumbens","Erigeron decumbens Nutt.","7845106","EXACT","99","ACCEPTED","SPECIES","Plantae","Tracheophyta","Magnoliopsida","Asterales","Asteraceae","Erigeron","Erigeron decumbens","Erigeron decumbens","Nutt.","7845106",
,"Erigeron decumbens","Erigeron decumbens Nutt.","7845106","EXACT","99","ACCEPTED","SPECIES","Plantae","Tracheophyta","Magnoliopsida","Asterales","Asteraceae","Erigeron","Erigeron decumbens","Erigeron decumbens","Nutt.","7845106",
,"Erigeron decumbens","Erigeron decumbens Nutt.","7845106","EXACT","99","ACCEPTED","SPECIES","Plantae","Tracheophyta","Magnoliopsida","Asterales","Asteraceae","Erigeron","Erigeron decumbens","Erigeron decumbens","Nutt.","7845106",
,"Leucanthemum vulgare","Leucanthemum vulgare Lam.","8848598","EXACT","100","ACCEPTED","SPECIES","Plantae","Tracheophyta","Magnoliopsida","Asterales","Asteraceae","Leucanthemum","Leucanthemum vulgare","Leucanthemum vulgare","Lam.","8848598",
,"Leucanthemum vulgare","Leucanthemum vulgare Lam.","8848598","EXACT","100","ACCEPTED","SPECIES","Plantae","Tracheophyta","Magnoliopsida","Asterales","Asteraceae","Leucanthemum","Leucanthemum vulgare","Leucanthemum vulgare","Lam.","8848598",
,"Leucanthemum vulgare","Leucanthemum vulgare Lam.","8848598","EXACT","100","ACCEPTED","SPECIES","Plantae","Tracheophyta","Magnoliopsida","Asterales","Asteraceae","Leucanthemum","Leucanthemum vulgare","Leucanthemum vulgare","Lam.","8848598",
,"Leucanthemum vulgare","Leucanthemum vulgare Lam.","8848598","EXACT","100","ACCEPTED","SPECIES","Plantae","Tracheophyta","Magnoliopsida","Asterales","Asteraceae","Leucanthemum","Leucanthemum vulgare","Leucanthemum vulgare","Lam.","8848598",
,"Allium amplectens","Allium amplectens Torr.","2857894","EXACT","100","ACCEPTED","SPECIES","Plantae","Tracheophyta","Liliopsida","Asparagales","Amaryllidaceae","Allium","Allium amplectens","Allium amplectens","Torr.","2857894",
,"Plagiobothrys figuratus","Plagiobothrys figuratus (Piper) I.M.Johnst.","8164333","EXACT","99","ACCEPTED","SPECIES","Plantae","Tracheophyta","Magnoliopsida","Boraginales","Boraginaceae","Plagiobothrys","Plagiobothrys figuratus","Plagiobothrys figuratus","(Piper) I.M.Johnst.","8164333",
,"Orthocarpus Nutt. bracteosus Benth.","Orthocarpus Nutt.","3171622","HIGHERRANK","100","ACCEPTED","GENUS","Plantae","Tracheophyta","Magnoliopsida","Lamiales","Orobanchaceae","Orthocarpus",,"Orthocarpus","Nutt.","3171622",
,"Hypochaeris radicata","Hypochaeris radicata L.","3093702","EXACT","100","ACCEPTED","SPECIES","Plantae","Tracheophyta","Magnoliopsida","Asterales","Asteraceae","Hypochaeris","Hypochaeris radicata","Hypochaeris radicata","L.","3093702",
,"Microseris laciniata","Microseris laciniata (Hook.) Sch.Bip.","5399438","EXACT","100","ACCEPTED","SPECIES","Plantae","Tracheophyta","Magnoliopsida","Asterales","Asteraceae","Microseris","Microseris laciniata","Microseris laciniata","(Hook.) Sch.Bip.","5399438",
,"Microseris laciniata","Microseris laciniata (Hook.) Sch.Bip.","5399438","EXACT","100","ACCEPTED","SPECIES","Plantae","Tracheophyta","Magnoliopsida","Asterales","Asteraceae","Microseris","Microseris laciniata","Microseris laciniata","(Hook.) Sch.Bip.","5399438",
,"Parentucellia viscosa","Parentucellia viscosa (L.) Caruel","3171818","EXACT","99","SYNONYM","SPECIES","Plantae","Tracheophyta","Magnoliopsida","Lamiales","Orobanchaceae","Bellardia","Bellardia viscosa","Parentucellia viscosa","(L.) Caruel","3171818","7733140"
,"Leucanthemum vulgare","Leucanthemum vulgare Lam.","8848598","EXACT","100","ACCEPTED","SPECIES","Plantae","Tracheophyta","Magnoliopsida","Asterales","Asteraceae","Leucanthemum","Leucanthemum vulgare","Leucanthemum vulgare","Lam.","8848598",
,"Prunella vulgaris","Prunella vulgaris L.","5341297","EXACT","99","ACCEPTED","SPECIES","Plantae","Tracheophyta","Magnoliopsida","Lamiales","Lamiaceae","Prunella","Prunella vulgaris","Prunella vulgaris","L.","5341297",
,"Erigeron decumbens","Erigeron decumbens Nutt.","7845106","EXACT","99","ACCEPTED","SPECIES","Plantae","Tracheophyta","Magnoliopsida","Asterales","Asteraceae","Erigeron","Erigeron decumbens","Erigeron decumbens","Nutt.","7845106",
,"Erigeron decumbens","Erigeron decumbens Nutt.","7845106","EXACT","99","ACCEPTED","SPECIES","Plantae","Tracheophyta","Magnoliopsida","Asterales","Asteraceae","Erigeron","Erigeron decumbens","Erigeron decumbens","Nutt.","7845106",
,"Orthocarpus Nutt. bracteosus Benth.","Orthocarpus Nutt.","3171622","HIGHERRANK","100","ACCEPTED","GENUS","Plantae","Tracheophyta","Magnoliopsida","Lamiales","Orobanchaceae","Orthocarpus",,"Orthocarpus","Nutt.","3171622",
,"Erigeron decumbens","Erigeron decumbens Nutt.","7845106","EXACT","99","ACCEPTED","SPECIES","Plantae","Tracheophyta","Magnoliopsida","Asterales","Asteraceae","Erigeron","Erigeron decumbens","Erigeron decumbens","Nutt.","7845106",
,"Erigeron decumbens","Erigeron decumbens Nutt.","7845106","EXACT","99","ACCEPTED","SPECIES","Plantae","Tracheophyta","Magnoliopsida","Asterales","Asteraceae","Erigeron","Erigeron decumbens","Erigeron decumbens","Nutt.","7845106",
,"Erigeron decumbens","Erigeron decumbens Nutt.","7845106","EXACT","99","ACCEPTED","SPECIES","Plantae","Tracheophyta","Magnoliopsida","Asterales","Asteraceae","Erigeron","Erigeron decumbens","Erigeron decumbens","Nutt.","7845106",
,"Erigeron decumbens","Erigeron decumbens Nutt.","7845106","EXACT","99","ACCEPTED","SPECIES","Plantae","Tracheophyta","Magnoliopsida","Asterales","Asteraceae","Erigeron","Erigeron decumbens","Erigeron decumbens","Nutt.","7845106",
,"Erigeron decumbens","Erigeron decumbens Nutt.","7845106","EXACT","99","ACCEPTED","SPECIES","Plantae","Tracheophyta","Magnoliopsida","Asterales","Asteraceae","Erigeron","Erigeron decumbens","Erigeron decumbens","Nutt.","7845106",
,"Erigeron decumbens","Erigeron decumbens Nutt.","7845106","EXACT","99","ACCEPTED","SPECIES","Plantae","Tracheophyta","Magnoliopsida","Asterales","Asteraceae","Erigeron","Erigeron decumbens","Erigeron decumbens","Nutt.","7845106",
,"Erigeron decumbens","Erigeron decumbens Nutt.","7845106","EXACT","99","ACCEPTED","SPECIES","Plantae","Tracheophyta","Magnoliopsida","Asterales","Asteraceae","Erigeron","Erigeron decumbens","Erigeron decumbens","Nutt.","7845106",
,"Erigeron decumbens","Erigeron decumbens Nutt.","7845106","EXACT","99","ACCEPTED","SPECIES","Plantae","Tracheophyta","Magnoliopsida","Asterales","Asteraceae","Erigeron","Erigeron decumbens","Erigeron decumbens","Nutt.","7845106",
,"Erigeron decumbens","Erigeron decumbens Nutt.","7845106","EXACT","99","ACCEPTED","SPECIES","Plantae","Tracheophyta","Magnoliopsida","Asterales","Asteraceae","Erigeron","Erigeron decumbens","Erigeron decumbens","Nutt.","7845106",
,"Erigeron decumbens","Erigeron decumbens Nutt.","7845106","EXACT","99","ACCEPTED","SPECIES","Plantae","Tracheophyta","Magnoliopsida","Asterales","Asteraceae","Erigeron","Erigeron decumbens","Erigeron decumbens","Nutt.","7845106",
,"Erigeron decumbens","Erigeron decumbens Nutt.","7845106","EXACT","99","ACCEPTED","SPECIES","Plantae","Tracheophyta","Magnoliopsida","Asterales","Asteraceae","Erigeron","Erigeron decumbens","Erigeron decumbens","Nutt.","7845106",
,"Erigeron decumbens","Erigeron decumbens Nutt.","7845106","EXACT","99","ACCEPTED","SPECIES","Plantae","Tracheophyta","Magnoliopsida","Asterales","Asteraceae","Erigeron","Erigeron decumbens","Erigeron decumbens","Nutt.","7845106",
,"Erigeron decumbens","Erigeron decumbens Nutt.","7845106","EXACT","99","ACCEPTED","SPECIES","Plantae","Tracheophyta","Magnoliopsida","Asterales","Asteraceae","Erigeron","Erigeron decumbens","Erigeron decumbens","Nutt.","7845106",
,"Erigeron decumbens","Erigeron decumbens Nutt.","7845106","EXACT","99","ACCEPTED","SPECIES","Plantae","Tracheophyta","Magnoliopsida","Asterales","Asteraceae","Erigeron","Erigeron decumbens","Erigeron decumbens","Nutt.","7845106",
,"Erigeron decumbens","Erigeron decumbens Nutt.","7845106","EXACT","99","ACCEPTED","SPECIES","Plantae","Tracheophyta","Magnoliopsida","Asterales","Asteraceae","Erigeron","Erigeron decumbens","Erigeron decumbens","Nutt.","7845106",
,"Erigeron decumbens","Erigeron decumbens Nutt.","7845106","EXACT","99","ACCEPTED","SPECIES","Plantae","Tracheophyta","Magnoliopsida","Asterales","Asteraceae","Erigeron","Erigeron decumbens","Erigeron decumbens","Nutt.","7845106",
,"Erigeron decumbens","Erigeron decumbens Nutt.","7845106","EXACT","99","ACCEPTED","SPECIES","Plantae","Tracheophyta","Magnoliopsida","Asterales","Asteraceae","Erigeron","Erigeron decumbens","Erigeron decumbens","Nutt.","7845106",
,"Erigeron decumbens","Erigeron decumbens Nutt.","7845106","EXACT","99","ACCEPTED","SPECIES","Plantae","Tracheophyta","Magnoliopsida","Asterales","Asteraceae","Erigeron","Erigeron decumbens","Erigeron decumbens","Nutt.","7845106",
,"Erigeron decumbens","Erigeron decumbens Nutt.","7845106","EXACT","99","ACCEPTED","SPECIES","Plantae","Tracheophyta","Magnoliopsida","Asterales","Asteraceae","Erigeron","Erigeron decumbens","Erigeron decumbens","Nutt.","7845106",
,"Erigeron decumbens","Erigeron decumbens Nutt.","7845106","EXACT","99","ACCEPTED","SPECIES","Plantae","Tracheophyta","Magnoliopsida","Asterales","Asteraceae","Erigeron","Erigeron decumbens","Erigeron decumbens","Nutt.","7845106",
,"Erigeron decumbens","Erigeron decumbens Nutt.","7845106","EXACT","99","ACCEPTED","SPECIES","Plantae","Tracheophyta","Magnoliopsida","Asterales","Asteraceae","Erigeron","Erigeron decumbens","Erigeron decumbens","Nutt.","7845106",
,"Erigeron decumbens","Erigeron decumbens Nutt.","7845106","EXACT","99","ACCEPTED","SPECIES","Plantae","Tracheophyta","Magnoliopsida","Asterales","Asteraceae","Erigeron","Erigeron decumbens","Erigeron decumbens","Nutt.","7845106",
,"Erigeron decumbens","Erigeron decumbens Nutt.","7845106","EXACT","99","ACCEPTED","SPECIES","Plantae","Tracheophyta","Magnoliopsida","Asterales","Asteraceae","Erigeron","Erigeron decumbens","Erigeron decumbens","Nutt.","7845106",
,"Erigeron decumbens","Erigeron decumbens Nutt.","7845106","EXACT","99","ACCEPTED","SPECIES","Plantae","Tracheophyta","Magnoliopsida","Asterales","Asteraceae","Erigeron","Erigeron decumbens","Erigeron decumbens","Nutt.","7845106",
,"Erigeron decumbens","Erigeron decumbens Nutt.","7845106","EXACT","99","ACCEPTED","SPECIES","Plantae","Tracheophyta","Magnoliopsida","Asterales","Asteraceae","Erigeron","Erigeron decumbens","Erigeron decumbens","Nutt.","7845106",
,"Erigeron decumbens","Erigeron decumbens Nutt.","7845106","EXACT","99","ACCEPTED","SPECIES","Plantae","Tracheophyta","Magnoliopsida","Asterales","Asteraceae","Erigeron","Erigeron decumbens","Erigeron decumbens","Nutt.","7845106",
,"Erigeron decumbens","Erigeron decumbens Nutt.","7845106","EXACT","99","ACCEPTED","SPECIES","Plantae","Tracheophyta","Magnoliopsida","Asterales","Asteraceae","Erigeron","Erigeron decumbens","Erigeron decumbens","Nutt.","7845106",
,"Erigeron decumbens","Erigeron decumbens Nutt.","7845106","EXACT","99","ACCEPTED","SPECIES","Plantae","Tracheophyta","Magnoliopsida","Asterales","Asteraceae","Erigeron","Erigeron decumbens","Erigeron decumbens","Nutt.","7845106",
,"Erigeron decumbens","Erigeron decumbens Nutt.","7845106","EXACT","99","ACCEPTED","SPECIES","Plantae","Tracheophyta","Magnoliopsida","Asterales","Asteraceae","Erigeron","Erigeron decumbens","Erigeron decumbens","Nutt.","7845106",
,"Erigeron decumbens","Erigeron decumbens Nutt.","7845106","EXACT","99","ACCEPTED","SPECIES","Plantae","Tracheophyta","Magnoliopsida","Asterales","Asteraceae","Erigeron","Erigeron decumbens","Erigeron decumbens","Nutt.","7845106",
,"Erigeron decumbens","Erigeron decumbens Nutt.","7845106","EXACT","99","ACCEPTED","SPECIES","Plantae","Tracheophyta","Magnoliopsida","Asterales","Asteraceae","Erigeron","Erigeron decumbens","Erigeron decumbens","Nutt.","7845106",
,"Erigeron decumbens","Erigeron decumbens Nutt.","7845106","EXACT","99","ACCEPTED","SPECIES","Plantae","Tracheophyta","Magnoliopsida","Asterales","Asteraceae","Erigeron","Erigeron decumbens","Erigeron decumbens","Nutt.","7845106",
,"Erigeron decumbens","Erigeron decumbens Nutt.","7845106","EXACT","99","ACCEPTED","SPECIES","Plantae","Tracheophyta","Magnoliopsida","Asterales","Asteraceae","Erigeron","Erigeron decumbens","Erigeron decumbens","Nutt.","7845106",
,"Erigeron decumbens","Erigeron decumbens Nutt.","7845106","EXACT","99","ACCEPTED","SPECIES","Plantae","Tracheophyta","Magnoliopsida","Asterales","Asteraceae","Erigeron","Erigeron decumbens","Erigeron decumbens","Nutt.","7845106",
,"Erigeron decumbens","Erigeron decumbens Nutt.","7845106","EXACT","99","ACCEPTED","SPECIES","Plantae","Tracheophyta","Magnoliopsida","Asterales","Asteraceae","Erigeron","Erigeron decumbens","Erigeron decumbens","Nutt.","7845106",
,"Erigeron decumbens","Erigeron decumbens Nutt.","7845106","EXACT","99","ACCEPTED","SPECIES","Plantae","Tracheophyta","Magnoliopsida","Asterales","Asteraceae","Erigeron","Erigeron decumbens","Erigeron decumbens","Nutt.","7845106",
,"Erigeron decumbens","Erigeron decumbens Nutt.","7845106","EXACT","99","ACCEPTED","SPECIES","Plantae","Tracheophyta","Magnoliopsida","Asterales","Asteraceae","Erigeron","Erigeron decumbens","Erigeron decumbens","Nutt.","7845106",
,"Erigeron decumbens","Erigeron decumbens Nutt.","7845106","EXACT","99","ACCEPTED","SPECIES","Plantae","Tracheophyta","Magnoliopsida","Asterales","Asteraceae","Erigeron","Erigeron decumbens","Erigeron decumbens","Nutt.","7845106",
,"Erigeron decumbens","Erigeron decumbens Nutt.","7845106","EXACT","99","ACCEPTED","SPECIES","Plantae","Tracheophyta","Magnoliopsida","Asterales","Asteraceae","Erigeron","Erigeron decumbens","Erigeron decumbens","Nutt.","7845106",
,"Erigeron decumbens","Erigeron decumbens Nutt.","7845106","EXACT","99","ACCEPTED","SPECIES","Plantae","Tracheophyta","Magnoliopsida","Asterales","Asteraceae","Erigeron","Erigeron decumbens","Erigeron decumbens","Nutt.","7845106",
,"Erigeron decumbens","Erigeron decumbens Nutt.","7845106","EXACT","99","ACCEPTED","SPECIES","Plantae","Tracheophyta","Magnoliopsida","Asterales","Asteraceae","Erigeron","Erigeron decumbens","Erigeron decumbens","Nutt.","7845106",
,"Erigeron decumbens","Erigeron decumbens Nutt.","7845106","EXACT","99","ACCEPTED","SPECIES","Plantae","Tracheophyta","Magnoliopsida","Asterales","Asteraceae","Erigeron","Erigeron decumbens","Erigeron decumbens","Nutt.","7845106",
,"Erigeron decumbens","Erigeron decumbens Nutt.","7845106","EXACT","99","ACCEPTED","SPECIES","Plantae","Tracheophyta","Magnoliopsida","Asterales","Asteraceae","Erigeron","Erigeron decumbens","Erigeron decumbens","Nutt.","7845106",
,"Erigeron decumbens","Erigeron decumbens Nutt.","7845106","EXACT","99","ACCEPTED","SPECIES","Plantae","Tracheophyta","Magnoliopsida","Asterales","Asteraceae","Erigeron","Erigeron decumbens","Erigeron decumbens","Nutt.","7845106",
,"Erigeron decumbens","Erigeron decumbens Nutt.","7845106","EXACT","99","ACCEPTED","SPECIES","Plantae","Tracheophyta","Magnoliopsida","Asterales","Asteraceae","Erigeron","Erigeron decumbens","Erigeron decumbens","Nutt.","7845106",
,"Erigeron decumbens","Erigeron decumbens Nutt.","7845106","EXACT","99","ACCEPTED","SPECIES","Plantae","Tracheophyta","Magnoliopsida","Asterales","Asteraceae","Erigeron","Erigeron decumbens","Erigeron decumbens","Nutt.","7845106",
,"Erigeron decumbens","Erigeron decumbens Nutt.","7845106","EXACT","99","ACCEPTED","SPECIES","Plantae","Tracheophyta","Magnoliopsida","Asterales","Asteraceae","Erigeron","Erigeron decumbens","Erigeron decumbens","Nutt.","7845106",
,"Erigeron decumbens","Erigeron decumbens Nutt.","7845106","EXACT","99","ACCEPTED","SPECIES","Plantae","Tracheophyta","Magnoliopsida","Asterales","Asteraceae","Erigeron","Erigeron decumbens","Erigeron decumbens","Nutt.","7845106",
,"Erigeron decumbens","Erigeron decumbens Nutt.","7845106","EXACT","99","ACCEPTED","SPECIES","Plantae","Tracheophyta","Magnoliopsida","Asterales","Asteraceae","Erigeron","Erigeron decumbens","Erigeron decumbens","Nutt.","7845106",
,"Erigeron decumbens","Erigeron decumbens Nutt.","7845106","EXACT","99","ACCEPTED","SPECIES","Plantae","Tracheophyta","Magnoliopsida","Asterales","Asteraceae","Erigeron","Erigeron decumbens","Erigeron decumbens","Nutt.","7845106",
,"Erigeron decumbens","Erigeron decumbens Nutt.","7845106","EXACT","99","ACCEPTED","SPECIES","Plantae","Tracheophyta","Magnoliopsida","Asterales","Asteraceae","Erigeron","Erigeron decumbens","Erigeron decumbens","Nutt.","7845106",
,"Erigeron decumbens","Erigeron decumbens Nutt.","7845106","EXACT","99","ACCEPTED","SPECIES","Plantae","Tracheophyta","Magnoliopsida","Asterales","Asteraceae","Erigeron","Erigeron decumbens","Erigeron decumbens","Nutt.","7845106",
,"Erigeron decumbens","Erigeron decumbens Nutt.","7845106","EXACT","99","ACCEPTED","SPECIES","Plantae","Tracheophyta","Magnoliopsida","Asterales","Asteraceae","Erigeron","Erigeron decumbens","Erigeron decumbens","Nutt.","7845106",
,"Erigeron decumbens","Erigeron decumbens Nutt.","7845106","EXACT","99","ACCEPTED","SPECIES","Plantae","Tracheophyta","Magnoliopsida","Asterales","Asteraceae","Erigeron","Erigeron decumbens","Erigeron decumbens","Nutt.","7845106",
,"Erigeron decumbens","Erigeron decumbens Nutt.","7845106","EXACT","99","ACCEPTED","SPECIES","Plantae","Tracheophyta","Magnoliopsida","Asterales","Asteraceae","Erigeron","Erigeron decumbens","Erigeron decumbens","Nutt.","7845106",
,"Erigeron decumbens","Erigeron decumbens Nutt.","7845106","EXACT","99","ACCEPTED","SPECIES","Plantae","Tracheophyta","Magnoliopsida","Asterales","Asteraceae","Erigeron","Erigeron decumbens","Erigeron decumbens","Nutt.","7845106",
,"Erigeron decumbens","Erigeron decumbens Nutt.","7845106","EXACT","99","ACCEPTED","SPECIES","Plantae","Tracheophyta","Magnoliopsida","Asterales","Asteraceae","Erigeron","Erigeron decumbens","Erigeron decumbens","Nutt.","7845106",
,"Erigeron decumbens","Erigeron decumbens Nutt.","7845106","EXACT","99","ACCEPTED","SPECIES","Plantae","Tracheophyta","Magnoliopsida","Asterales","Asteraceae","Erigeron","Erigeron decumbens","Erigeron decumbens","Nutt.","7845106",
,"Erigeron decumbens","Erigeron decumbens Nutt.","7845106","EXACT","99","ACCEPTED","SPECIES","Plantae","Tracheophyta","Magnoliopsida","Asterales","Asteraceae","Erigeron","Erigeron decumbens","Erigeron decumbens","Nutt.","7845106",
,"Erigeron decumbens","Erigeron decumbens Nutt.","7845106","EXACT","99","ACCEPTED","SPECIES","Plantae","Tracheophyta","Magnoliopsida","Asterales","Asteraceae","Erigeron","Erigeron decumbens","Erigeron decumbens","Nutt.","7845106",
,"Erigeron decumbens","Erigeron decumbens Nutt.","7845106","EXACT","99","ACCEPTED","SPECIES","Plantae","Tracheophyta","Magnoliopsida","Asterales","Asteraceae","Erigeron","Erigeron decumbens","Erigeron decumbens","Nutt.","7845106",
,"Erigeron decumbens","Erigeron decumbens Nutt.","7845106","EXACT","99","ACCEPTED","SPECIES","Plantae","Tracheophyta","Magnoliopsida","Asterales","Asteraceae","Erigeron","Erigeron decumbens","Erigeron decumbens","Nutt.","7845106",
,"Erigeron decumbens","Erigeron decumbens Nutt.","7845106","EXACT","99","ACCEPTED","SPECIES","Plantae","Tracheophyta","Magnoliopsida","Asterales","Asteraceae","Erigeron","Erigeron decumbens","Erigeron decumbens","Nutt.","7845106",
,"Erigeron decumbens","Erigeron decumbens Nutt.","7845106","EXACT","99","ACCEPTED","SPECIES","Plantae","Tracheophyta","Magnoliopsida","Asterales","Asteraceae","Erigeron","Erigeron decumbens","Erigeron decumbens","Nutt.","7845106",
,"Erigeron decumbens","Erigeron decumbens Nutt.","7845106","EXACT","99","ACCEPTED","SPECIES","Plantae","Tracheophyta","Magnoliopsida","Asterales","Asteraceae","Erigeron","Erigeron decumbens","Erigeron decumbens","Nutt.","7845106",
,"Erigeron decumbens","Erigeron decumbens Nutt.","7845106","EXACT","99","ACCEPTED","SPECIES","Plantae","Tracheophyta","Magnoliopsida","Asterales","Asteraceae","Erigeron","Erigeron decumbens","Erigeron decumbens","Nutt.","7845106",
,"Erigeron decumbens","Erigeron decumbens Nutt.","7845106","EXACT","99","ACCEPTED","SPECIES","Plantae","Tracheophyta","Magnoliopsida","Asterales","Asteraceae","Erigeron","Erigeron decumbens","Erigeron decumbens","Nutt.","7845106",
,"Erigeron decumbens","Erigeron decumbens Nutt.","7845106","EXACT","99","ACCEPTED","SPECIES","Plantae","Tracheophyta","Magnoliopsida","Asterales","Asteraceae","Erigeron","Erigeron decumbens","Erigeron decumbens","Nutt.","7845106",
,"Erigeron decumbens","Erigeron decumbens Nutt.","7845106","EXACT","99","ACCEPTED","SPECIES","Plantae","Tracheophyta","Magnoliopsida","Asterales","Asteraceae","Erigeron","Erigeron decumbens","Erigeron decumbens","Nutt.","7845106",
,"Erigeron decumbens","Erigeron decumbens Nutt.","7845106","EXACT","99","ACCEPTED","SPECIES","Plantae","Tracheophyta","Magnoliopsida","Asterales","Asteraceae","Erigeron","Erigeron decumbens","Erigeron decumbens","Nutt.","7845106",
,"Erigeron decumbens","Erigeron decumbens Nutt.","7845106","EXACT","99","ACCEPTED","SPECIES","Plantae","Tracheophyta","Magnoliopsida","Asterales","Asteraceae","Erigeron","Erigeron decumbens","Erigeron decumbens","Nutt.","7845106",
,"Potentilla gracilis","Potentilla gracilis Douglas ex Hook.","5365416","EXACT","99","ACCEPTED","SPECIES","Plantae","Tracheophyta","Magnoliopsida","Rosales","Rosaceae","Potentilla","Potentilla gracilis","Potentilla gracilis","Douglas ex Hook.","5365416",
,"Potentilla gracilis","Potentilla gracilis Douglas ex Hook.","5365416","EXACT","99","ACCEPTED","SPECIES","Plantae","Tracheophyta","Magnoliopsida","Rosales","Rosaceae","Potentilla","Potentilla gracilis","Potentilla gracilis","Douglas ex Hook.","5365416",
,"Potentilla gracilis","Potentilla gracilis Douglas ex Hook.","5365416","EXACT","99","ACCEPTED","SPECIES","Plantae","Tracheophyta","Magnoliopsida","Rosales","Rosaceae","Potentilla","Potentilla gracilis","Potentilla gracilis","Douglas ex Hook.","5365416",
,"Eriophyllum lanatum","Eriophyllum lanatum (Pursh) Forbes","3130472","EXACT","100","ACCEPTED","SPECIES","Plantae","Tracheophyta","Magnoliopsida","Asterales","Asteraceae","Eriophyllum","Eriophyllum lanatum","Eriophyllum lanatum","(Pursh) Forbes","3130472",
,"Eriophyllum lanatum","Eriophyllum lanatum (Pursh) Forbes","3130472","EXACT","100","ACCEPTED","SPECIES","Plantae","Tracheophyta","Magnoliopsida","Asterales","Asteraceae","Eriophyllum","Eriophyllum lanatum","Eriophyllum lanatum","(Pursh) Forbes","3130472",
,"Eriophyllum lanatum","Eriophyllum lanatum (Pursh) Forbes","3130472","EXACT","100","ACCEPTED","SPECIES","Plantae","Tracheophyta","Magnoliopsida","Asterales","Asteraceae","Eriophyllum","Eriophyllum lanatum","Eriophyllum lanatum","(Pursh) Forbes","3130472",
,"Crepis setosa","Crepis setosa Haller fil.","4245384","EXACT","100","ACCEPTED","SPECIES","Plantae","Tracheophyta","Magnoliopsida","Asterales","Asteraceae","Crepis","Crepis setosa","Crepis setosa","Haller fil.","4245384",
,"Crepis setosa","Crepis setosa Haller fil.","4245384","EXACT","100","ACCEPTED","SPECIES","Plantae","Tracheophyta","Magnoliopsida","Asterales","Asteraceae","Crepis","Crepis setosa","Crepis setosa","Haller fil.","4245384",
,"Crepis setosa","Crepis setosa Haller fil.","4245384","EXACT","100","ACCEPTED","SPECIES","Plantae","Tracheophyta","Magnoliopsida","Asterales","Asteraceae","Crepis","Crepis setosa","Crepis setosa","Haller fil.","4245384",
,"Crepis setosa","Crepis setosa Haller fil.","4245384","EXACT","100","ACCEPTED","SPECIES","Plantae","Tracheophyta","Magnoliopsida","Asterales","Asteraceae","Crepis","Crepis setosa","Crepis setosa","Haller fil.","4245384",
,"Crepis setosa","Crepis setosa Haller fil.","4245384","EXACT","100","ACCEPTED","SPECIES","Plantae","Tracheophyta","Magnoliopsida","Asterales","Asteraceae","Crepis","Crepis setosa","Crepis setosa","Haller fil.","4245384",
,"Prunella vulgaris","Prunella vulgaris L.","5341297","EXACT","99","ACCEPTED","SPECIES","Plantae","Tracheophyta","Magnoliopsida","Lamiales","Lamiaceae","Prunella","Prunella vulgaris","Prunella vulgaris","L.","5341297",
,"Vicia tetrasperma","Vicia tetrasperma (L.) Schreb.","2975083","EXACT","99","ACCEPTED","SPECIES","Plantae","Tracheophyta","Magnoliopsida","Fabales","Fabaceae","Vicia","Vicia tetrasperma","Vicia tetrasperma","(L.) Schreb.","2975083",
,"Centaurium erythraea","Centaurium erythraea Rafn","5414457","EXACT","99","ACCEPTED","SPECIES","Plantae","Tracheophyta","Magnoliopsida","Gentianales","Gentianaceae","Centaurium","Centaurium erythraea","Centaurium erythraea","Rafn","5414457",
,"Erigeron decumbens","Erigeron decumbens Nutt.","7845106","EXACT","99","ACCEPTED","SPECIES","Plantae","Tracheophyta","Magnoliopsida","Asterales","Asteraceae","Erigeron","Erigeron decumbens","Erigeron decumbens","Nutt.","7845106",
,"Erigeron decumbens","Erigeron decumbens Nutt.","7845106","EXACT","99","ACCEPTED","SPECIES","Plantae","Tracheophyta","Magnoliopsida","Asterales","Asteraceae","Erigeron","Erigeron decumbens","Erigeron decumbens","Nutt.","7845106",
,"Erigeron decumbens","Erigeron decumbens Nutt.","7845106","EXACT","99","ACCEPTED","SPECIES","Plantae","Tracheophyta","Magnoliopsida","Asterales","Asteraceae","Erigeron","Erigeron decumbens","Erigeron decumbens","Nutt.","7845106",
,"Erigeron decumbens","Erigeron decumbens Nutt.","7845106","EXACT","99","ACCEPTED","SPECIES","Plantae","Tracheophyta","Magnoliopsida","Asterales","Asteraceae","Erigeron","Erigeron decumbens","Erigeron decumbens","Nutt.","7845106",
,"Erigeron decumbens","Erigeron decumbens Nutt.","7845106","EXACT","99","ACCEPTED","SPECIES","Plantae","Tracheophyta","Magnoliopsida","Asterales","Asteraceae","Erigeron","Erigeron decumbens","Erigeron decumbens","Nutt.","7845106",
,"Parentucellia viscosa","Parentucellia viscosa (L.) Caruel","3171818","EXACT","99","SYNONYM","SPECIES","Plantae","Tracheophyta","Magnoliopsida","Lamiales","Orobanchaceae","Bellardia","Bellardia viscosa","Parentucellia viscosa","(L.) Caruel","3171818","7733140"
,"Achillea millefolium","Achillea millefolium L.","3120060","EXACT","99","ACCEPTED","SPECIES","Plantae","Tracheophyta","Magnoliopsida","Asterales","Asteraceae","Achillea","Achillea millefolium","Achillea millefolium","L.","3120060",
,"Achillea millefolium","Achillea millefolium L.","3120060","EXACT","99","ACCEPTED","SPECIES","Plantae","Tracheophyta","Magnoliopsida","Asterales","Asteraceae","Achillea","Achillea millefolium","Achillea millefolium","L.","3120060",
,"Achillea millefolium","Achillea millefolium L.","3120060","EXACT","99","ACCEPTED","SPECIES","Plantae","Tracheophyta","Magnoliopsida","Asterales","Asteraceae","Achillea","Achillea millefolium","Achillea millefolium","L.","3120060",
,"Vicia villosa","Vicia villosa Roth","9182154","EXACT","99","ACCEPTED","SPECIES","Plantae","Tracheophyta","Magnoliopsida","Fabales","Fabaceae","Vicia","Vicia villosa","Vicia villosa","Roth","9182154",
,"Potentilla gracilis","Potentilla gracilis Douglas ex Hook.","5365416","EXACT","99","ACCEPTED","SPECIES","Plantae","Tracheophyta","Magnoliopsida","Rosales","Rosaceae","Potentilla","Potentilla gracilis","Potentilla gracilis","Douglas ex Hook.","5365416",
,"Potentilla gracilis","Potentilla gracilis Douglas ex Hook.","5365416","EXACT","99","ACCEPTED","SPECIES","Plantae","Tracheophyta","Magnoliopsida","Rosales","Rosaceae","Potentilla","Potentilla gracilis","Potentilla gracilis","Douglas ex Hook.","5365416",
,"Potentilla gracilis","Potentilla gracilis Douglas ex Hook.","5365416","EXACT","99","ACCEPTED","SPECIES","Plantae","Tracheophyta","Magnoliopsida","Rosales","Rosaceae","Potentilla","Potentilla gracilis","Potentilla gracilis","Douglas ex Hook.","5365416",
,"Potentilla gracilis","Potentilla gracilis Douglas ex Hook.","5365416","EXACT","99","ACCEPTED","SPECIES","Plantae","Tracheophyta","Magnoliopsida","Rosales","Rosaceae","Potentilla","Potentilla gracilis","Potentilla gracilis","Douglas ex Hook.","5365416",
,"Eriophyllum lanatum","Eriophyllum lanatum (Pursh) Forbes","3130472","EXACT","100","ACCEPTED","SPECIES","Plantae","Tracheophyta","Magnoliopsida","Asterales","Asteraceae","Eriophyllum","Eriophyllum lanatum","Eriophyllum lanatum","(Pursh) Forbes","3130472",
,"Eriophyllum lanatum","Eriophyllum lanatum (Pursh) Forbes","3130472","EXACT","100","ACCEPTED","SPECIES","Plantae","Tracheophyta","Magnoliopsida","Asterales","Asteraceae","Eriophyllum","Eriophyllum lanatum","Eriophyllum lanatum","(Pursh) Forbes","3130472",
,"Eriophyllum lanatum","Eriophyllum lanatum (Pursh) Forbes","3130472","EXACT","100","ACCEPTED","SPECIES","Plantae","Tracheophyta","Magnoliopsida","Asterales","Asteraceae","Eriophyllum","Eriophyllum lanatum","Eriophyllum lanatum","(Pursh) Forbes","3130472",
,"Eriophyllum lanatum","Eriophyllum lanatum (Pursh) Forbes","3130472","EXACT","100","ACCEPTED","SPECIES","Plantae","Tracheophyta","Magnoliopsida","Asterales","Asteraceae","Eriophyllum","Eriophyllum lanatum","Eriophyllum lanatum","(Pursh) Forbes","3130472",
,"Eriophyllum lanatum","Eriophyllum lanatum (Pursh) Forbes","3130472","EXACT","100","ACCEPTED","SPECIES","Plantae","Tracheophyta","Magnoliopsida","Asterales","Asteraceae","Eriophyllum","Eriophyllum lanatum","Eriophyllum lanatum","(Pursh) Forbes","3130472",
,"Eriophyllum lanatum","Eriophyllum lanatum (Pursh) Forbes","3130472","EXACT","100","ACCEPTED","SPECIES","Plantae","Tracheophyta","Magnoliopsida","Asterales","Asteraceae","Eriophyllum","Eriophyllum lanatum","Eriophyllum lanatum","(Pursh) Forbes","3130472",
,"Eriophyllum lanatum","Eriophyllum lanatum (Pursh) Forbes","3130472","EXACT","100","ACCEPTED","SPECIES","Plantae","Tracheophyta","Magnoliopsida","Asterales","Asteraceae","Eriophyllum","Eriophyllum lanatum","Eriophyllum lanatum","(Pursh) Forbes","3130472",
,"Eriophyllum lanatum","Eriophyllum lanatum (Pursh) Forbes","3130472","EXACT","100","ACCEPTED","SPECIES","Plantae","Tracheophyta","Magnoliopsida","Asterales","Asteraceae","Eriophyllum","Eriophyllum lanatum","Eriophyllum lanatum","(Pursh) Forbes","3130472",
,"Crepis setosa","Crepis setosa Haller fil.","4245384","EXACT","100","ACCEPTED","SPECIES","Plantae","Tracheophyta","Magnoliopsida","Asterales","Asteraceae","Crepis","Crepis setosa","Crepis setosa","Haller fil.","4245384",
,"Leucanthemum vulgare","Leucanthemum vulgare Lam.","8848598","EXACT","100","ACCEPTED","SPECIES","Plantae","Tracheophyta","Magnoliopsida","Asterales","Asteraceae","Leucanthemum","Leucanthemum vulgare","Leucanthemum vulgare","Lam.","8848598",
,"Leucanthemum vulgare","Leucanthemum vulgare Lam.","8848598","EXACT","100","ACCEPTED","SPECIES","Plantae","Tracheophyta","Magnoliopsida","Asterales","Asteraceae","Leucanthemum","Leucanthemum vulgare","Leucanthemum vulgare","Lam.","8848598",
,"Eriophyllum lanatum","Eriophyllum lanatum (Pursh) Forbes","3130472","EXACT","100","ACCEPTED","SPECIES","Plantae","Tracheophyta","Magnoliopsida","Asterales","Asteraceae","Eriophyllum","Eriophyllum lanatum","Eriophyllum lanatum","(Pursh) Forbes","3130472",
,"Crepis setosa","Crepis setosa Haller fil.","4245384","EXACT","100","ACCEPTED","SPECIES","Plantae","Tracheophyta","Magnoliopsida","Asterales","Asteraceae","Crepis","Crepis setosa","Crepis setosa","Haller fil.","4245384",
,"Crepis setosa","Crepis setosa Haller fil.","4245384","EXACT","100","ACCEPTED","SPECIES","Plantae","Tracheophyta","Magnoliopsida","Asterales","Asteraceae","Crepis","Crepis setosa","Crepis setosa","Haller fil.","4245384",
,"Eriophyllum lanatum","Eriophyllum lanatum (Pursh) Forbes","3130472","EXACT","100","ACCEPTED","SPECIES","Plantae","Tracheophyta","Magnoliopsida","Asterales","Asteraceae","Eriophyllum","Eriophyllum lanatum","Eriophyllum lanatum","(Pursh) Forbes","3130472",
,"Torilis arvensis","Torilis arvensis (Huds.) Link","3034823","EXACT","100","ACCEPTED","SPECIES","Plantae","Tracheophyta","Magnoliopsida","Apiales","Apiaceae","Torilis","Torilis arvensis","Torilis arvensis","(Huds.) Link","3034823",
,"Lupinus oreganus","Lupinus oreganus A.Heller","2963785","EXACT","100","ACCEPTED","SPECIES","Plantae","Tracheophyta","Magnoliopsida","Fabales","Fabaceae","Lupinus","Lupinus oreganus","Lupinus oreganus","A.Heller","2963785",
,"Leucanthemum vulgare","Leucanthemum vulgare Lam.","8848598","EXACT","100","ACCEPTED","SPECIES","Plantae","Tracheophyta","Magnoliopsida","Asterales","Asteraceae","Leucanthemum","Leucanthemum vulgare","Leucanthemum vulgare","Lam.","8848598",
,"Erigeron decumbens","Erigeron decumbens Nutt.","7845106","EXACT","99","ACCEPTED","SPECIES","Plantae","Tracheophyta","Magnoliopsida","Asterales","Asteraceae","Erigeron","Erigeron decumbens","Erigeron decumbens","Nutt.","7845106",
,"Erigeron decumbens","Erigeron decumbens Nutt.","7845106","EXACT","99","ACCEPTED","SPECIES","Plantae","Tracheophyta","Magnoliopsida","Asterales","Asteraceae","Erigeron","Erigeron decumbens","Erigeron decumbens","Nutt.","7845106",
,"Erigeron decumbens","Erigeron decumbens Nutt.","7845106","EXACT","99","ACCEPTED","SPECIES","Plantae","Tracheophyta","Magnoliopsida","Asterales","Asteraceae","Erigeron","Erigeron decumbens","Erigeron decumbens","Nutt.","7845106",
,"Erigeron decumbens","Erigeron decumbens Nutt.","7845106","EXACT","99","ACCEPTED","SPECIES","Plantae","Tracheophyta","Magnoliopsida","Asterales","Asteraceae","Erigeron","Erigeron decumbens","Erigeron decumbens","Nutt.","7845106",
,"Erigeron decumbens","Erigeron decumbens Nutt.","7845106","EXACT","99","ACCEPTED","SPECIES","Plantae","Tracheophyta","Magnoliopsida","Asterales","Asteraceae","Erigeron","Erigeron decumbens","Erigeron decumbens","Nutt.","7845106",
,"Erigeron decumbens","Erigeron decumbens Nutt.","7845106","EXACT","99","ACCEPTED","SPECIES","Plantae","Tracheophyta","Magnoliopsida","Asterales","Asteraceae","Erigeron","Erigeron decumbens","Erigeron decumbens","Nutt.","7845106",
,"Erigeron decumbens","Erigeron decumbens Nutt.","7845106","EXACT","99","ACCEPTED","SPECIES","Plantae","Tracheophyta","Magnoliopsida","Asterales","Asteraceae","Erigeron","Erigeron decumbens","Erigeron decumbens","Nutt.","7845106",
,"Erigeron decumbens","Erigeron decumbens Nutt.","7845106","EXACT","99","ACCEPTED","SPECIES","Plantae","Tracheophyta","Magnoliopsida","Asterales","Asteraceae","Erigeron","Erigeron decumbens","Erigeron decumbens","Nutt.","7845106",
,"Erigeron decumbens","Erigeron decumbens Nutt.","7845106","EXACT","99","ACCEPTED","SPECIES","Plantae","Tracheophyta","Magnoliopsida","Asterales","Asteraceae","Erigeron","Erigeron decumbens","Erigeron decumbens","Nutt.","7845106",
,"Erigeron decumbens","Erigeron decumbens Nutt.","7845106","EXACT","99","ACCEPTED","SPECIES","Plantae","Tracheophyta","Magnoliopsida","Asterales","Asteraceae","Erigeron","Erigeron decumbens","Erigeron decumbens","Nutt.","7845106",
,"Erigeron decumbens","Erigeron decumbens Nutt.","7845106","EXACT","99","ACCEPTED","SPECIES","Plantae","Tracheophyta","Magnoliopsida","Asterales","Asteraceae","Erigeron","Erigeron decumbens","Erigeron decumbens","Nutt.","7845106",
,"Erigeron decumbens","Erigeron decumbens Nutt.","7845106","EXACT","99","ACCEPTED","SPECIES","Plantae","Tracheophyta","Magnoliopsida","Asterales","Asteraceae","Erigeron","Erigeron decumbens","Erigeron decumbens","Nutt.","7845106",
,"Erigeron decumbens","Erigeron decumbens Nutt.","7845106","EXACT","99","ACCEPTED","SPECIES","Plantae","Tracheophyta","Magnoliopsida","Asterales","Asteraceae","Erigeron","Erigeron decumbens","Erigeron decumbens","Nutt.","7845106",
,"Erigeron decumbens","Erigeron decumbens Nutt.","7845106","EXACT","99","ACCEPTED","SPECIES","Plantae","Tracheophyta","Magnoliopsida","Asterales","Asteraceae","Erigeron","Erigeron decumbens","Erigeron decumbens","Nutt.","7845106",
,"Erigeron decumbens","Erigeron decumbens Nutt.","7845106","EXACT","99","ACCEPTED","SPECIES","Plantae","Tracheophyta","Magnoliopsida","Asterales","Asteraceae","Erigeron","Erigeron decumbens","Erigeron decumbens","Nutt.","7845106",
,"Erigeron decumbens","Erigeron decumbens Nutt.","7845106","EXACT","99","ACCEPTED","SPECIES","Plantae","Tracheophyta","Magnoliopsida","Asterales","Asteraceae","Erigeron","Erigeron decumbens","Erigeron decumbens","Nutt.","7845106",
,"Erigeron decumbens","Erigeron decumbens Nutt.","7845106","EXACT","99","ACCEPTED","SPECIES","Plantae","Tracheophyta","Magnoliopsida","Asterales","Asteraceae","Erigeron","Erigeron decumbens","Erigeron decumbens","Nutt.","7845106",
,"Erigeron decumbens","Erigeron decumbens Nutt.","7845106","EXACT","99","ACCEPTED","SPECIES","Plantae","Tracheophyta","Magnoliopsida","Asterales","Asteraceae","Erigeron","Erigeron decumbens","Erigeron decumbens","Nutt.","7845106",
,"Erigeron decumbens","Erigeron decumbens Nutt.","7845106","EXACT","99","ACCEPTED","SPECIES","Plantae","Tracheophyta","Magnoliopsida","Asterales","Asteraceae","Erigeron","Erigeron decumbens","Erigeron decumbens","Nutt.","7845106",
,"Erigeron decumbens","Erigeron decumbens Nutt.","7845106","EXACT","99","ACCEPTED","SPECIES","Plantae","Tracheophyta","Magnoliopsida","Asterales","Asteraceae","Erigeron","Erigeron decumbens","Erigeron decumbens","Nutt.","7845106",
,"Erigeron decumbens","Erigeron decumbens Nutt.","7845106","EXACT","99","ACCEPTED","SPECIES","Plantae","Tracheophyta","Magnoliopsida","Asterales","Asteraceae","Erigeron","Erigeron decumbens","Erigeron decumbens","Nutt.","7845106",
,"Erigeron decumbens","Erigeron decumbens Nutt.","7845106","EXACT","99","ACCEPTED","SPECIES","Plantae","Tracheophyta","Magnoliopsida","Asterales","Asteraceae","Erigeron","Erigeron decumbens","Erigeron decumbens","Nutt.","7845106",
,"Erigeron decumbens","Erigeron decumbens Nutt.","7845106","EXACT","99","ACCEPTED","SPECIES","Plantae","Tracheophyta","Magnoliopsida","Asterales","Asteraceae","Erigeron","Erigeron decumbens","Erigeron decumbens","Nutt.","7845106",
,"Erigeron decumbens","Erigeron decumbens Nutt.","7845106","EXACT","99","ACCEPTED","SPECIES","Plantae","Tracheophyta","Magnoliopsida","Asterales","Asteraceae","Erigeron","Erigeron decumbens","Erigeron decumbens","Nutt.","7845106",
,"Erigeron decumbens","Erigeron decumbens Nutt.","7845106","EXACT","99","ACCEPTED","SPECIES","Plantae","Tracheophyta","Magnoliopsida","Asterales","Asteraceae","Erigeron","Erigeron decumbens","Erigeron decumbens","Nutt.","7845106",
,"Erigeron decumbens","Erigeron decumbens Nutt.","7845106","EXACT","99","ACCEPTED","SPECIES","Plantae","Tracheophyta","Magnoliopsida","Asterales","Asteraceae","Erigeron","Erigeron decumbens","Erigeron decumbens","Nutt.","7845106",
,"Erigeron decumbens","Erigeron decumbens Nutt.","7845106","EXACT","99","ACCEPTED","SPECIES","Plantae","Tracheophyta","Magnoliopsida","Asterales","Asteraceae","Erigeron","Erigeron decumbens","Erigeron decumbens","Nutt.","7845106",
,"Erigeron decumbens","Erigeron decumbens Nutt.","7845106","EXACT","99","ACCEPTED","SPECIES","Plantae","Tracheophyta","Magnoliopsida","Asterales","Asteraceae","Erigeron","Erigeron decumbens","Erigeron decumbens","Nutt.","7845106",
,"Erigeron decumbens","Erigeron decumbens Nutt.","7845106","EXACT","99","ACCEPTED","SPECIES","Plantae","Tracheophyta","Magnoliopsida","Asterales","Asteraceae","Erigeron","Erigeron decumbens","Erigeron decumbens","Nutt.","7845106",
,"Erigeron decumbens","Erigeron decumbens Nutt.","7845106","EXACT","99","ACCEPTED","SPECIES","Plantae","Tracheophyta","Magnoliopsida","Asterales","Asteraceae","Erigeron","Erigeron decumbens","Erigeron decumbens","Nutt.","7845106",
,"Erigeron decumbens","Erigeron decumbens Nutt.","7845106","EXACT","99","ACCEPTED","SPECIES","Plantae","Tracheophyta","Magnoliopsida","Asterales","Asteraceae","Erigeron","Erigeron decumbens","Erigeron decumbens","Nutt.","7845106",
,"Erigeron decumbens","Erigeron decumbens Nutt.","7845106","EXACT","99","ACCEPTED","SPECIES","Plantae","Tracheophyta","Magnoliopsida","Asterales","Asteraceae","Erigeron","Erigeron decumbens","Erigeron decumbens","Nutt.","7845106",
,"Erigeron decumbens","Erigeron decumbens Nutt.","7845106","EXACT","99","ACCEPTED","SPECIES","Plantae","Tracheophyta","Magnoliopsida","Asterales","Asteraceae","Erigeron","Erigeron decumbens","Erigeron decumbens","Nutt.","7845106",
,"Erigeron decumbens","Erigeron decumbens Nutt.","7845106","EXACT","99","ACCEPTED","SPECIES","Plantae","Tracheophyta","Magnoliopsida","Asterales","Asteraceae","Erigeron","Erigeron decumbens","Erigeron decumbens","Nutt.","7845106",
,"Erigeron decumbens","Erigeron decumbens Nutt.","7845106","EXACT","99","ACCEPTED","SPECIES","Plantae","Tracheophyta","Magnoliopsida","Asterales","Asteraceae","Erigeron","Erigeron decumbens","Erigeron decumbens","Nutt.","7845106",
,"Erigeron decumbens","Erigeron decumbens Nutt.","7845106","EXACT","99","ACCEPTED","SPECIES","Plantae","Tracheophyta","Magnoliopsida","Asterales","Asteraceae","Erigeron","Erigeron decumbens","Erigeron decumbens","Nutt.","7845106",
,"Erigeron decumbens","Erigeron decumbens Nutt.","7845106","EXACT","99","ACCEPTED","SPECIES","Plantae","Tracheophyta","Magnoliopsida","Asterales","Asteraceae","Erigeron","Erigeron decumbens","Erigeron decumbens","Nutt.","7845106",
,"Erigeron decumbens","Erigeron decumbens Nutt.","7845106","EXACT","99","ACCEPTED","SPECIES","Plantae","Tracheophyta","Magnoliopsida","Asterales","Asteraceae","Erigeron","Erigeron decumbens","Erigeron decumbens","Nutt.","7845106",
,"Erigeron decumbens","Erigeron decumbens Nutt.","7845106","EXACT","99","ACCEPTED","SPECIES","Plantae","Tracheophyta","Magnoliopsida","Asterales","Asteraceae","Erigeron","Erigeron decumbens","Erigeron decumbens","Nutt.","7845106",
,"Erigeron decumbens","Erigeron decumbens Nutt.","7845106","EXACT","99","ACCEPTED","SPECIES","Plantae","Tracheophyta","Magnoliopsida","Asterales","Asteraceae","Erigeron","Erigeron decumbens","Erigeron decumbens","Nutt.","7845106",
,"Erigeron decumbens","Erigeron decumbens Nutt.","7845106","EXACT","99","ACCEPTED","SPECIES","Plantae","Tracheophyta","Magnoliopsida","Asterales","Asteraceae","Erigeron","Erigeron decumbens","Erigeron decumbens","Nutt.","7845106",
,"Erigeron decumbens","Erigeron decumbens Nutt.","7845106","EXACT","99","ACCEPTED","SPECIES","Plantae","Tracheophyta","Magnoliopsida","Asterales","Asteraceae","Erigeron","Erigeron decumbens","Erigeron decumbens","Nutt.","7845106",
,"Erigeron decumbens","Erigeron decumbens Nutt.","7845106","EXACT","99","ACCEPTED","SPECIES","Plantae","Tracheophyta","Magnoliopsida","Asterales","Asteraceae","Erigeron","Erigeron decumbens","Erigeron decumbens","Nutt.","7845106",
,"Erigeron decumbens","Erigeron decumbens Nutt.","7845106","EXACT","99","ACCEPTED","SPECIES","Plantae","Tracheophyta","Magnoliopsida","Asterales","Asteraceae","Erigeron","Erigeron decumbens","Erigeron decumbens","Nutt.","7845106",
,"Erigeron decumbens","Erigeron decumbens Nutt.","7845106","EXACT","99","ACCEPTED","SPECIES","Plantae","Tracheophyta","Magnoliopsida","Asterales","Asteraceae","Erigeron","Erigeron decumbens","Erigeron decumbens","Nutt.","7845106",
,"Erigeron decumbens","Erigeron decumbens Nutt.","7845106","EXACT","99","ACCEPTED","SPECIES","Plantae","Tracheophyta","Magnoliopsida","Asterales","Asteraceae","Erigeron","Erigeron decumbens","Erigeron decumbens","Nutt.","7845106",
,"Erigeron decumbens","Erigeron decumbens Nutt.","7845106","EXACT","99","ACCEPTED","SPECIES","Plantae","Tracheophyta","Magnoliopsida","Asterales","Asteraceae","Erigeron","Erigeron decumbens","Erigeron decumbens","Nutt.","7845106",
,"Erigeron decumbens","Erigeron decumbens Nutt.","7845106","EXACT","99","ACCEPTED","SPECIES","Plantae","Tracheophyta","Magnoliopsida","Asterales","Asteraceae","Erigeron","Erigeron decumbens","Erigeron decumbens","Nutt.","7845106",
,"Erigeron decumbens","Erigeron decumbens Nutt.","7845106","EXACT","99","ACCEPTED","SPECIES","Plantae","Tracheophyta","Magnoliopsida","Asterales","Asteraceae","Erigeron","Erigeron decumbens","Erigeron decumbens","Nutt.","7845106",
,"Erigeron decumbens","Erigeron decumbens Nutt.","7845106","EXACT","99","ACCEPTED","SPECIES","Plantae","Tracheophyta","Magnoliopsida","Asterales","Asteraceae","Erigeron","Erigeron decumbens","Erigeron decumbens","Nutt.","7845106",
,"Erigeron decumbens","Erigeron decumbens Nutt.","7845106","EXACT","99","ACCEPTED","SPECIES","Plantae","Tracheophyta","Magnoliopsida","Asterales","Asteraceae","Erigeron","Erigeron decumbens","Erigeron decumbens","Nutt.","7845106",
,"Erigeron decumbens","Erigeron decumbens Nutt.","7845106","EXACT","99","ACCEPTED","SPECIES","Plantae","Tracheophyta","Magnoliopsida","Asterales","Asteraceae","Erigeron","Erigeron decumbens","Erigeron decumbens","Nutt.","7845106",
,"Erigeron decumbens","Erigeron decumbens Nutt.","7845106","EXACT","99","ACCEPTED","SPECIES","Plantae","Tracheophyta","Magnoliopsida","Asterales","Asteraceae","Erigeron","Erigeron decumbens","Erigeron decumbens","Nutt.","7845106",
,"Erigeron decumbens","Erigeron decumbens Nutt.","7845106","EXACT","99","ACCEPTED","SPECIES","Plantae","Tracheophyta","Magnoliopsida","Asterales","Asteraceae","Erigeron","Erigeron decumbens","Erigeron decumbens","Nutt.","7845106",
,"Erigeron decumbens","Erigeron decumbens Nutt.","7845106","EXACT","99","ACCEPTED","SPECIES","Plantae","Tracheophyta","Magnoliopsida","Asterales","Asteraceae","Erigeron","Erigeron decumbens","Erigeron decumbens","Nutt.","7845106",
,"Erigeron decumbens","Erigeron decumbens Nutt.","7845106","EXACT","99","ACCEPTED","SPECIES","Plantae","Tracheophyta","Magnoliopsida","Asterales","Asteraceae","Erigeron","Erigeron decumbens","Erigeron decumbens","Nutt.","7845106",
,"Erigeron decumbens","Erigeron decumbens Nutt.","7845106","EXACT","99","ACCEPTED","SPECIES","Plantae","Tracheophyta","Magnoliopsida","Asterales","Asteraceae","Erigeron","Erigeron decumbens","Erigeron decumbens","Nutt.","7845106",
,"Erigeron decumbens","Erigeron decumbens Nutt.","7845106","EXACT","99","ACCEPTED","SPECIES","Plantae","Tracheophyta","Magnoliopsida","Asterales","Asteraceae","Erigeron","Erigeron decumbens","Erigeron decumbens","Nutt.","7845106",
,"Erigeron decumbens","Erigeron decumbens Nutt.","7845106","EXACT","99","ACCEPTED","SPECIES","Plantae","Tracheophyta","Magnoliopsida","Asterales","Asteraceae","Erigeron","Erigeron decumbens","Erigeron decumbens","Nutt.","7845106",
,"Erigeron decumbens","Erigeron decumbens Nutt.","7845106","EXACT","99","ACCEPTED","SPECIES","Plantae","Tracheophyta","Magnoliopsida","Asterales","Asteraceae","Erigeron","Erigeron decumbens","Erigeron decumbens","Nutt.","7845106",
,"Erigeron decumbens","Erigeron decumbens Nutt.","7845106","EXACT","99","ACCEPTED","SPECIES","Plantae","Tracheophyta","Magnoliopsida","Asterales","Asteraceae","Erigeron","Erigeron decumbens","Erigeron decumbens","Nutt.","7845106",
,"Erigeron decumbens","Erigeron decumbens Nutt.","7845106","EXACT","99","ACCEPTED","SPECIES","Plantae","Tracheophyta","Magnoliopsida","Asterales","Asteraceae","Erigeron","Erigeron decumbens","Erigeron decumbens","Nutt.","7845106",
,"Erigeron decumbens","Erigeron decumbens Nutt.","7845106","EXACT","99","ACCEPTED","SPECIES","Plantae","Tracheophyta","Magnoliopsida","Asterales","Asteraceae","Erigeron","Erigeron decumbens","Erigeron decumbens","Nutt.","7845106",
,"Erigeron decumbens","Erigeron decumbens Nutt.","7845106","EXACT","99","ACCEPTED","SPECIES","Plantae","Tracheophyta","Magnoliopsida","Asterales","Asteraceae","Erigeron","Erigeron decumbens","Erigeron decumbens","Nutt.","7845106",
,"Erigeron decumbens","Erigeron decumbens Nutt.","7845106","EXACT","99","ACCEPTED","SPECIES","Plantae","Tracheophyta","Magnoliopsida","Asterales","Asteraceae","Erigeron","Erigeron decumbens","Erigeron decumbens","Nutt.","7845106",
,"Erigeron decumbens","Erigeron decumbens Nutt.","7845106","EXACT","99","ACCEPTED","SPECIES","Plantae","Tracheophyta","Magnoliopsida","Asterales","Asteraceae","Erigeron","Erigeron decumbens","Erigeron decumbens","Nutt.","7845106",
,"Erigeron decumbens","Erigeron decumbens Nutt.","7845106","EXACT","99","ACCEPTED","SPECIES","Plantae","Tracheophyta","Magnoliopsida","Asterales","Asteraceae","Erigeron","Erigeron decumbens","Erigeron decumbens","Nutt.","7845106",
,"Erigeron decumbens","Erigeron decumbens Nutt.","7845106","EXACT","99","ACCEPTED","SPECIES","Plantae","Tracheophyta","Magnoliopsida","Asterales","Asteraceae","Erigeron","Erigeron decumbens","Erigeron decumbens","Nutt.","7845106",
,"Erigeron decumbens","Erigeron decumbens Nutt.","7845106","EXACT","99","ACCEPTED","SPECIES","Plantae","Tracheophyta","Magnoliopsida","Asterales","Asteraceae","Erigeron","Erigeron decumbens","Erigeron decumbens","Nutt.","7845106",
,"Erigeron decumbens","Erigeron decumbens Nutt.","7845106","EXACT","99","ACCEPTED","SPECIES","Plantae","Tracheophyta","Magnoliopsida","Asterales","Asteraceae","Erigeron","Erigeron decumbens","Erigeron decumbens","Nutt.","7845106",
,"Erigeron decumbens","Erigeron decumbens Nutt.","7845106","EXACT","99","ACCEPTED","SPECIES","Plantae","Tracheophyta","Magnoliopsida","Asterales","Asteraceae","Erigeron","Erigeron decumbens","Erigeron decumbens","Nutt.","7845106",
,"Erigeron decumbens","Erigeron decumbens Nutt.","7845106","EXACT","99","ACCEPTED","SPECIES","Plantae","Tracheophyta","Magnoliopsida","Asterales","Asteraceae","Erigeron","Erigeron decumbens","Erigeron decumbens","Nutt.","7845106",
,"Erigeron decumbens","Erigeron decumbens Nutt.","7845106","EXACT","99","ACCEPTED","SPECIES","Plantae","Tracheophyta","Magnoliopsida","Asterales","Asteraceae","Erigeron","Erigeron decumbens","Erigeron decumbens","Nutt.","7845106",
,"Linum bienne","Linum bienne Mill.","2873896","EXACT","100","ACCEPTED","SPECIES","Plantae","Tracheophyta","Magnoliopsida","Malpighiales","Linaceae","Linum","Linum bienne","Linum bienne","Mill.","2873896",
,"Veronica scutellata","Veronica scutellata L.","3172072","EXACT","100","ACCEPTED","SPECIES","Plantae","Tracheophyta","Magnoliopsida","Lamiales","Plantaginaceae","Veronica","Veronica scutellata","Veronica scutellata","L.","3172072",
,"Veronica scutellata","Veronica scutellata L.","3172072","EXACT","100","ACCEPTED","SPECIES","Plantae","Tracheophyta","Magnoliopsida","Lamiales","Plantaginaceae","Veronica","Veronica scutellata","Veronica scutellata","L.","3172072",
,"Downingia bicornuta","Downingia bicornuta A.Gray","3166317","EXACT","100","ACCEPTED","SPECIES","Plantae","Tracheophyta","Magnoliopsida","Asterales","Campanulaceae","Downingia","Downingia bicornuta","Downingia bicornuta","A.Gray","3166317",
,"Downingia bicornuta","Downingia bicornuta A.Gray","3166317","EXACT","100","ACCEPTED","SPECIES","Plantae","Tracheophyta","Magnoliopsida","Asterales","Campanulaceae","Downingia","Downingia bicornuta","Downingia bicornuta","A.Gray","3166317",
,"Downingia bicornuta","Downingia bicornuta A.Gray","3166317","EXACT","100","ACCEPTED","SPECIES","Plantae","Tracheophyta","Magnoliopsida","Asterales","Campanulaceae","Downingia","Downingia bicornuta","Downingia bicornuta","A.Gray","3166317",
,"Downingia bicornuta","Downingia bicornuta A.Gray","3166317","EXACT","100","ACCEPTED","SPECIES","Plantae","Tracheophyta","Magnoliopsida","Asterales","Campanulaceae","Downingia","Downingia bicornuta","Downingia bicornuta","A.Gray","3166317",
,"Downingia bicornuta","Downingia bicornuta A.Gray","3166317","EXACT","100","ACCEPTED","SPECIES","Plantae","Tracheophyta","Magnoliopsida","Asterales","Campanulaceae","Downingia","Downingia bicornuta","Downingia bicornuta","A.Gray","3166317",
,"Downingia bicornuta","Downingia bicornuta A.Gray","3166317","EXACT","100","ACCEPTED","SPECIES","Plantae","Tracheophyta","Magnoliopsida","Asterales","Campanulaceae","Downingia","Downingia bicornuta","Downingia bicornuta","A.Gray","3166317",
,"Prunella vulgaris","Prunella vulgaris L.","5341297","EXACT","99","ACCEPTED","SPECIES","Plantae","Tracheophyta","Magnoliopsida","Lamiales","Lamiaceae","Prunella","Prunella vulgaris","Prunella vulgaris","L.","5341297",
,"Prunella vulgaris","Prunella vulgaris L.","5341297","EXACT","99","ACCEPTED","SPECIES","Plantae","Tracheophyta","Magnoliopsida","Lamiales","Lamiaceae","Prunella","Prunella vulgaris","Prunella vulgaris","L.","5341297",
,"Prunella vulgaris","Prunella vulgaris L.","5341297","EXACT","99","ACCEPTED","SPECIES","Plantae","Tracheophyta","Magnoliopsida","Lamiales","Lamiaceae","Prunella","Prunella vulgaris","Prunella vulgaris","L.","5341297",
,"Prunella vulgaris","Prunella vulgaris L.","5341297","EXACT","99","ACCEPTED","SPECIES","Plantae","Tracheophyta","Magnoliopsida","Lamiales","Lamiaceae","Prunella","Prunella vulgaris","Prunella vulgaris","L.","5341297",
,"Leontodon saxatilis","Asteraceae","3065","HIGHERRANK","99","ACCEPTED","FAMILY","Plantae","Tracheophyta","Magnoliopsida","Asterales","Asteraceae",,,"Asteraceae",,"3065",
,"Erigeron decumbens","Erigeron decumbens Nutt.","7845106","EXACT","99","ACCEPTED","SPECIES","Plantae","Tracheophyta","Magnoliopsida","Asterales","Asteraceae","Erigeron","Erigeron decumbens","Erigeron decumbens","Nutt.","7845106",
,"Erigeron decumbens","Erigeron decumbens Nutt.","7845106","EXACT","99","ACCEPTED","SPECIES","Plantae","Tracheophyta","Magnoliopsida","Asterales","Asteraceae","Erigeron","Erigeron decumbens","Erigeron decumbens","Nutt.","7845106",
,"Erigeron decumbens","Erigeron decumbens Nutt.","7845106","EXACT","99","ACCEPTED","SPECIES","Plantae","Tracheophyta","Magnoliopsida","Asterales","Asteraceae","Erigeron","Erigeron decumbens","Erigeron decumbens","Nutt.","7845106",
,"Erigeron decumbens","Erigeron decumbens Nutt.","7845106","EXACT","99","ACCEPTED","SPECIES","Plantae","Tracheophyta","Magnoliopsida","Asterales","Asteraceae","Erigeron","Erigeron decumbens","Erigeron decumbens","Nutt.","7845106",
,"Erigeron decumbens","Erigeron decumbens Nutt.","7845106","EXACT","99","ACCEPTED","SPECIES","Plantae","Tracheophyta","Magnoliopsida","Asterales","Asteraceae","Erigeron","Erigeron decumbens","Erigeron decumbens","Nutt.","7845106",
,"Erigeron decumbens","Erigeron decumbens Nutt.","7845106","EXACT","99","ACCEPTED","SPECIES","Plantae","Tracheophyta","Magnoliopsida","Asterales","Asteraceae","Erigeron","Erigeron decumbens","Erigeron decumbens","Nutt.","7845106",
,"Erigeron decumbens","Erigeron decumbens Nutt.","7845106","EXACT","99","ACCEPTED","SPECIES","Plantae","Tracheophyta","Magnoliopsida","Asterales","Asteraceae","Erigeron","Erigeron decumbens","Erigeron decumbens","Nutt.","7845106",
,"Erigeron decumbens","Erigeron decumbens Nutt.","7845106","EXACT","99","ACCEPTED","SPECIES","Plantae","Tracheophyta","Magnoliopsida","Asterales","Asteraceae","Erigeron","Erigeron decumbens","Erigeron decumbens","Nutt.","7845106",
,"Erigeron decumbens","Erigeron decumbens Nutt.","7845106","EXACT","99","ACCEPTED","SPECIES","Plantae","Tracheophyta","Magnoliopsida","Asterales","Asteraceae","Erigeron","Erigeron decumbens","Erigeron decumbens","Nutt.","7845106",
,"Erigeron decumbens","Erigeron decumbens Nutt.","7845106","EXACT","99","ACCEPTED","SPECIES","Plantae","Tracheophyta","Magnoliopsida","Asterales","Asteraceae","Erigeron","Erigeron decumbens","Erigeron decumbens","Nutt.","7845106",
,"Erigeron decumbens","Erigeron decumbens Nutt.","7845106","EXACT","99","ACCEPTED","SPECIES","Plantae","Tracheophyta","Magnoliopsida","Asterales","Asteraceae","Erigeron","Erigeron decumbens","Erigeron decumbens","Nutt.","7845106",
,"Erigeron decumbens","Erigeron decumbens Nutt.","7845106","EXACT","99","ACCEPTED","SPECIES","Plantae","Tracheophyta","Magnoliopsida","Asterales","Asteraceae","Erigeron","Erigeron decumbens","Erigeron decumbens","Nutt.","7845106",
,"Allium amplectens","Allium amplectens Torr.","2857894","EXACT","100","ACCEPTED","SPECIES","Plantae","Tracheophyta","Liliopsida","Asparagales","Amaryllidaceae","Allium","Allium amplectens","Allium amplectens","Torr.","2857894",
,"Plagiobothrys figuratus","Plagiobothrys figuratus (Piper) I.M.Johnst.","8164333","EXACT","99","ACCEPTED","SPECIES","Plantae","Tracheophyta","Magnoliopsida","Boraginales","Boraginaceae","Plagiobothrys","Plagiobothrys figuratus","Plagiobothrys figuratus","(Piper) I.M.Johnst.","8164333",
,"Plagiobothrys figuratus","Plagiobothrys figuratus (Piper) I.M.Johnst.","8164333","EXACT","99","ACCEPTED","SPECIES","Plantae","Tracheophyta","Magnoliopsida","Boraginales","Boraginaceae","Plagiobothrys","Plagiobothrys figuratus","Plagiobothrys figuratus","(Piper) I.M.Johnst.","8164333",
,"Orthocarpus Nutt. bracteosus Benth.","Orthocarpus Nutt.","3171622","HIGHERRANK","100","ACCEPTED","GENUS","Plantae","Tracheophyta","Magnoliopsida","Lamiales","Orobanchaceae","Orthocarpus",,"Orthocarpus","Nutt.","3171622",
,"Parentucellia viscosa","Parentucellia viscosa (L.) Caruel","3171818","EXACT","99","SYNONYM","SPECIES","Plantae","Tracheophyta","Magnoliopsida","Lamiales","Orobanchaceae","Bellardia","Bellardia viscosa","Parentucellia viscosa","(L.) Caruel","3171818","7733140"
,"Prunella vulgaris","Prunella vulgaris L.","5341297","EXACT","99","ACCEPTED","SPECIES","Plantae","Tracheophyta","Magnoliopsida","Lamiales","Lamiaceae","Prunella","Prunella vulgaris","Prunella vulgaris","L.","5341297",
,"Potentilla gracilis","Potentilla gracilis Douglas ex Hook.","5365416","EXACT","99","ACCEPTED","SPECIES","Plantae","Tracheophyta","Magnoliopsida","Rosales","Rosaceae","Potentilla","Potentilla gracilis","Potentilla gracilis","Douglas ex Hook.","5365416",
,"Potentilla gracilis","Potentilla gracilis Douglas ex Hook.","5365416","EXACT","99","ACCEPTED","SPECIES","Plantae","Tracheophyta","Magnoliopsida","Rosales","Rosaceae","Potentilla","Potentilla gracilis","Potentilla gracilis","Douglas ex Hook.","5365416",
,"Potentilla gracilis","Potentilla gracilis Douglas ex Hook.","5365416","EXACT","99","ACCEPTED","SPECIES","Plantae","Tracheophyta","Magnoliopsida","Rosales","Rosaceae","Potentilla","Potentilla gracilis","Potentilla gracilis","Douglas ex Hook.","5365416",
,"Potentilla gracilis","Potentilla gracilis Douglas ex Hook.","5365416","EXACT","99","ACCEPTED","SPECIES","Plantae","Tracheophyta","Magnoliopsida","Rosales","Rosaceae","Potentilla","Potentilla gracilis","Potentilla gracilis","Douglas ex Hook.","5365416",
,"Potentilla gracilis","Potentilla gracilis Douglas ex Hook.","5365416","EXACT","99","ACCEPTED","SPECIES","Plantae","Tracheophyta","Magnoliopsida","Rosales","Rosaceae","Potentilla","Potentilla gracilis","Potentilla gracilis","Douglas ex Hook.","5365416",
,"Potentilla gracilis","Potentilla gracilis Douglas ex Hook.","5365416","EXACT","99","ACCEPTED","SPECIES","Plantae","Tracheophyta","Magnoliopsida","Rosales","Rosaceae","Potentilla","Potentilla gracilis","Potentilla gracilis","Douglas ex Hook.","5365416",
,"Potentilla gracilis","Potentilla gracilis Douglas ex Hook.","5365416","EXACT","99","ACCEPTED","SPECIES","Plantae","Tracheophyta","Magnoliopsida","Rosales","Rosaceae","Potentilla","Potentilla gracilis","Potentilla gracilis","Douglas ex Hook.","5365416",
,"Erigeron decumbens","Erigeron decumbens Nutt.","7845106","EXACT","99","ACCEPTED","SPECIES","Plantae","Tracheophyta","Magnoliopsida","Asterales","Asteraceae","Erigeron","Erigeron decumbens","Erigeron decumbens","Nutt.","7845106",
,"Erigeron decumbens","Erigeron decumbens Nutt.","7845106","EXACT","99","ACCEPTED","SPECIES","Plantae","Tracheophyta","Magnoliopsida","Asterales","Asteraceae","Erigeron","Erigeron decumbens","Erigeron decumbens","Nutt.","7845106",
,"Erigeron decumbens","Erigeron decumbens Nutt.","7845106","EXACT","99","ACCEPTED","SPECIES","Plantae","Tracheophyta","Magnoliopsida","Asterales","Asteraceae","Erigeron","Erigeron decumbens","Erigeron decumbens","Nutt.","7845106",
,"Erigeron decumbens","Erigeron decumbens Nutt.","7845106","EXACT","99","ACCEPTED","SPECIES","Plantae","Tracheophyta","Magnoliopsida","Asterales","Asteraceae","Erigeron","Erigeron decumbens","Erigeron decumbens","Nutt.","7845106",
,"Erigeron decumbens","Erigeron decumbens Nutt.","7845106","EXACT","99","ACCEPTED","SPECIES","Plantae","Tracheophyta","Magnoliopsida","Asterales","Asteraceae","Erigeron","Erigeron decumbens","Erigeron decumbens","Nutt.","7845106",
,"Erigeron decumbens","Erigeron decumbens Nutt.","7845106","EXACT","99","ACCEPTED","SPECIES","Plantae","Tracheophyta","Magnoliopsida","Asterales","Asteraceae","Erigeron","Erigeron decumbens","Erigeron decumbens","Nutt.","7845106",
,"Erigeron decumbens","Erigeron decumbens Nutt.","7845106","EXACT","99","ACCEPTED","SPECIES","Plantae","Tracheophyta","Magnoliopsida","Asterales","Asteraceae","Erigeron","Erigeron decumbens","Erigeron decumbens","Nutt.","7845106",
,"Erigeron decumbens","Erigeron decumbens Nutt.","7845106","EXACT","99","ACCEPTED","SPECIES","Plantae","Tracheophyta","Magnoliopsida","Asterales","Asteraceae","Erigeron","Erigeron decumbens","Erigeron decumbens","Nutt.","7845106",
,"Erigeron decumbens","Erigeron decumbens Nutt.","7845106","EXACT","99","ACCEPTED","SPECIES","Plantae","Tracheophyta","Magnoliopsida","Asterales","Asteraceae","Erigeron","Erigeron decumbens","Erigeron decumbens","Nutt.","7845106",
,"Linum bienne","Linum bienne Mill.","2873896","EXACT","100","ACCEPTED","SPECIES","Plantae","Tracheophyta","Magnoliopsida","Malpighiales","Linaceae","Linum","Linum bienne","Linum bienne","Mill.","2873896",
,"Hypochaeris radicata","Hypochaeris radicata L.","3093702","EXACT","100","ACCEPTED","SPECIES","Plantae","Tracheophyta","Magnoliopsida","Asterales","Asteraceae","Hypochaeris","Hypochaeris radicata","Hypochaeris radicata","L.","3093702",
,"Leontodon saxatilis","Asteraceae","3065","HIGHERRANK","99","ACCEPTED","FAMILY","Plantae","Tracheophyta","Magnoliopsida","Asterales","Asteraceae",,,"Asteraceae",,"3065",
,"Prunella vulgaris","Prunella vulgaris L.","5341297","EXACT","99","ACCEPTED","SPECIES","Plantae","Tracheophyta","Magnoliopsida","Lamiales","Lamiaceae","Prunella","Prunella vulgaris","Prunella vulgaris","L.","5341297",
,"Orthocarpus Nutt. bracteosus Benth.","Orthocarpus Nutt.","3171622","HIGHERRANK","100","ACCEPTED","GENUS","Plantae","Tracheophyta","Magnoliopsida","Lamiales","Orobanchaceae","Orthocarpus",,"Orthocarpus","Nutt.","3171622",
,"Erigeron decumbens","Erigeron decumbens Nutt.","7845106","EXACT","99","ACCEPTED","SPECIES","Plantae","Tracheophyta","Magnoliopsida","Asterales","Asteraceae","Erigeron","Erigeron decumbens","Erigeron decumbens","Nutt.","7845106",
,"Erigeron decumbens","Erigeron decumbens Nutt.","7845106","EXACT","99","ACCEPTED","SPECIES","Plantae","Tracheophyta","Magnoliopsida","Asterales","Asteraceae","Erigeron","Erigeron decumbens","Erigeron decumbens","Nutt.","7845106",
,"Erigeron decumbens","Erigeron decumbens Nutt.","7845106","EXACT","99","ACCEPTED","SPECIES","Plantae","Tracheophyta","Magnoliopsida","Asterales","Asteraceae","Erigeron","Erigeron decumbens","Erigeron decumbens","Nutt.","7845106",
,"Erigeron decumbens","Erigeron decumbens Nutt.","7845106","EXACT","99","ACCEPTED","SPECIES","Plantae","Tracheophyta","Magnoliopsida","Asterales","Asteraceae","Erigeron","Erigeron decumbens","Erigeron decumbens","Nutt.","7845106",
,"Erigeron decumbens","Erigeron decumbens Nutt.","7845106","EXACT","99","ACCEPTED","SPECIES","Plantae","Tracheophyta","Magnoliopsida","Asterales","Asteraceae","Erigeron","Erigeron decumbens","Erigeron decumbens","Nutt.","7845106",
,"Crepis setosa","Crepis setosa Haller fil.","4245384","EXACT","100","ACCEPTED","SPECIES","Plantae","Tracheophyta","Magnoliopsida","Asterales","Asteraceae","Crepis","Crepis setosa","Crepis setosa","Haller fil.","4245384",
,"Linum bienne","Linum bienne Mill.","2873896","EXACT","100","ACCEPTED","SPECIES","Plantae","Tracheophyta","Magnoliopsida","Malpighiales","Linaceae","Linum","Linum bienne","Linum bienne","Mill.","2873896",
,"jacobaea vulgaris","Jacobaea vulgaris Gaertn.","5388602","EXACT","99","ACCEPTED","SPECIES","Plantae","Tracheophyta","Magnoliopsida","Asterales","Asteraceae","Jacobaea","Jacobaea vulgaris","Jacobaea vulgaris","Gaertn.","5388602",
,"jacobaea vulgaris","Jacobaea vulgaris Gaertn.","5388602","EXACT","99","ACCEPTED","SPECIES","Plantae","Tracheophyta","Magnoliopsida","Asterales","Asteraceae","Jacobaea","Jacobaea vulgaris","Jacobaea vulgaris","Gaertn.","5388602",
,"Leucanthemum vulgare","Leucanthemum vulgare Lam.","8848598","EXACT","100","ACCEPTED","SPECIES","Plantae","Tracheophyta","Magnoliopsida","Asterales","Asteraceae","Leucanthemum","Leucanthemum vulgare","Leucanthemum vulgare","Lam.","8848598",
,"Eriophyllum lanatum","Eriophyllum lanatum (Pursh) Forbes","3130472","EXACT","100","ACCEPTED","SPECIES","Plantae","Tracheophyta","Magnoliopsida","Asterales","Asteraceae","Eriophyllum","Eriophyllum lanatum","Eriophyllum lanatum","(Pursh) Forbes","3130472",
,"Achillea millefolium","Achillea millefolium L.","3120060","EXACT","99","ACCEPTED","SPECIES","Plantae","Tracheophyta","Magnoliopsida","Asterales","Asteraceae","Achillea","Achillea millefolium","Achillea millefolium","L.","3120060",
,"Centaurium erythraea","Centaurium erythraea Rafn","5414457","EXACT","99","ACCEPTED","SPECIES","Plantae","Tracheophyta","Magnoliopsida","Gentianales","Gentianaceae","Centaurium","Centaurium erythraea","Centaurium erythraea","Rafn","5414457",
,"Clarkia sp.","Clarkia Pursh","3189179","HIGHERRANK","96","ACCEPTED","GENUS","Plantae","Tracheophyta","Magnoliopsida","Myrtales","Onagraceae","Clarkia",,"Clarkia","Pursh","3189179",
,"Plantago lanceolata","Plantago lanceolata L.","8208358","EXACT","99","ACCEPTED","SPECIES","Plantae","Tracheophyta","Magnoliopsida","Lamiales","Plantaginaceae","Plantago","Plantago lanceolata","Plantago lanceolata","L.","8208358",
,"Crepis setosa","Crepis setosa Haller fil.","4245384","EXACT","100","ACCEPTED","SPECIES","Plantae","Tracheophyta","Magnoliopsida","Asterales","Asteraceae","Crepis","Crepis setosa","Crepis setosa","Haller fil.","4245384",
,"Linum bienne","Linum bienne Mill.","2873896","EXACT","100","ACCEPTED","SPECIES","Plantae","Tracheophyta","Magnoliopsida","Malpighiales","Linaceae","Linum","Linum bienne","Linum bienne","Mill.","2873896",
,"jacobaea vulgaris","Jacobaea vulgaris Gaertn.","5388602","EXACT","99","ACCEPTED","SPECIES","Plantae","Tracheophyta","Magnoliopsida","Asterales","Asteraceae","Jacobaea","Jacobaea vulgaris","Jacobaea vulgaris","Gaertn.","5388602",
,"Eriophyllum lanatum","Eriophyllum lanatum (Pursh) Forbes","3130472","EXACT","100","ACCEPTED","SPECIES","Plantae","Tracheophyta","Magnoliopsida","Asterales","Asteraceae","Eriophyllum","Eriophyllum lanatum","Eriophyllum lanatum","(Pursh) Forbes","3130472",
,"Centaurium erythraea","Centaurium erythraea Rafn","5414457","EXACT","99","ACCEPTED","SPECIES","Plantae","Tracheophyta","Magnoliopsida","Gentianales","Gentianaceae","Centaurium","Centaurium erythraea","Centaurium erythraea","Rafn","5414457",
,"Clarkia sp.","Clarkia Pursh","3189179","HIGHERRANK","96","ACCEPTED","GENUS","Plantae","Tracheophyta","Magnoliopsida","Myrtales","Onagraceae","Clarkia",,"Clarkia","Pursh","3189179",
,"Plantago lanceolata","Plantago lanceolata L.","8208358","EXACT","99","ACCEPTED","SPECIES","Plantae","Tracheophyta","Magnoliopsida","Lamiales","Plantaginaceae","Plantago","Plantago lanceolata","Plantago lanceolata","L.","8208358",
,"Leucanthemum vulgare","Leucanthemum vulgare Lam.","8848598","EXACT","100","ACCEPTED","SPECIES","Plantae","Tracheophyta","Magnoliopsida","Asterales","Asteraceae","Leucanthemum","Leucanthemum vulgare","Leucanthemum vulgare","Lam.","8848598",
,"Achillea millefolium","Achillea millefolium L.","3120060","EXACT","99","ACCEPTED","SPECIES","Plantae","Tracheophyta","Magnoliopsida","Asterales","Asteraceae","Achillea","Achillea millefolium","Achillea millefolium","L.","3120060",
,"Acmispon americanus","Acmispon americanus (Nutt.) Rydb.","2975816","EXACT","100","ACCEPTED","SPECIES","Plantae","Tracheophyta","Magnoliopsida","Fabales","Fabaceae","Acmispon","Acmispon americanus","Acmispon americanus","(Nutt.) Rydb.","2975816",
,"Centaurium erythraea","Centaurium erythraea Rafn","5414457","EXACT","99","ACCEPTED","SPECIES","Plantae","Tracheophyta","Magnoliopsida","Gentianales","Gentianaceae","Centaurium","Centaurium erythraea","Centaurium erythraea","Rafn","5414457",
,"Achillea millefolium","Achillea millefolium L.","3120060","EXACT","99","ACCEPTED","SPECIES","Plantae","Tracheophyta","Magnoliopsida","Asterales","Asteraceae","Achillea","Achillea millefolium","Achillea millefolium","L.","3120060",
,"Mentha pulegium","Mentha pulegium L.","2927189","EXACT","99","ACCEPTED","SPECIES","Plantae","Tracheophyta","Magnoliopsida","Lamiales","Lamiaceae","Mentha","Mentha pulegium","Mentha pulegium","L.","2927189",
,"Hypericum perforatum","Hypericum perforatum L.","3189486","EXACT","100","ACCEPTED","SPECIES","Plantae","Tracheophyta","Magnoliopsida","Malpighiales","Hypericaceae","Hypericum","Hypericum perforatum","Hypericum perforatum","L.","3189486",
,"Eriophyllum lanatum","Eriophyllum lanatum (Pursh) Forbes","3130472","EXACT","100","ACCEPTED","SPECIES","Plantae","Tracheophyta","Magnoliopsida","Asterales","Asteraceae","Eriophyllum","Eriophyllum lanatum","Eriophyllum lanatum","(Pursh) Forbes","3130472",
,"Eriophyllum lanatum","Eriophyllum lanatum (Pursh) Forbes","3130472","EXACT","100","ACCEPTED","SPECIES","Plantae","Tracheophyta","Magnoliopsida","Asterales","Asteraceae","Eriophyllum","Eriophyllum lanatum","Eriophyllum lanatum","(Pursh) Forbes","3130472",
,"Parentucellia viscosa","Parentucellia viscosa (L.) Caruel","3171818","EXACT","99","SYNONYM","SPECIES","Plantae","Tracheophyta","Magnoliopsida","Lamiales","Orobanchaceae","Bellardia","Bellardia viscosa","Parentucellia viscosa","(L.) Caruel","3171818","7733140"
,"jacobaea vulgaris","Jacobaea vulgaris Gaertn.","5388602","EXACT","99","ACCEPTED","SPECIES","Plantae","Tracheophyta","Magnoliopsida","Asterales","Asteraceae","Jacobaea","Jacobaea vulgaris","Jacobaea vulgaris","Gaertn.","5388602",
,"jacobaea vulgaris","Jacobaea vulgaris Gaertn.","5388602","EXACT","99","ACCEPTED","SPECIES","Plantae","Tracheophyta","Magnoliopsida","Asterales","Asteraceae","Jacobaea","Jacobaea vulgaris","Jacobaea vulgaris","Gaertn.","5388602",
,"Acmispon americanus","Acmispon americanus (Nutt.) Rydb.","2975816","EXACT","100","ACCEPTED","SPECIES","Plantae","Tracheophyta","Magnoliopsida","Fabales","Fabaceae","Acmispon","Acmispon americanus","Acmispon americanus","(Nutt.) Rydb.","2975816",
,"Centaurium erythraea","Centaurium erythraea Rafn","5414457","EXACT","99","ACCEPTED","SPECIES","Plantae","Tracheophyta","Magnoliopsida","Gentianales","Gentianaceae","Centaurium","Centaurium erythraea","Centaurium erythraea","Rafn","5414457",
,"Achillea millefolium","Achillea millefolium L.","3120060","EXACT","99","ACCEPTED","SPECIES","Plantae","Tracheophyta","Magnoliopsida","Asterales","Asteraceae","Achillea","Achillea millefolium","Achillea millefolium","L.","3120060",
,"Hypericum perforatum","Hypericum perforatum L.","3189486","EXACT","100","ACCEPTED","SPECIES","Plantae","Tracheophyta","Magnoliopsida","Malpighiales","Hypericaceae","Hypericum","Hypericum perforatum","Hypericum perforatum","L.","3189486",
,"Eriophyllum lanatum","Eriophyllum lanatum (Pursh) Forbes","3130472","EXACT","100","ACCEPTED","SPECIES","Plantae","Tracheophyta","Magnoliopsida","Asterales","Asteraceae","Eriophyllum","Eriophyllum lanatum","Eriophyllum lanatum","(Pursh) Forbes","3130472",
,"Parentucellia viscosa","Parentucellia viscosa (L.) Caruel","3171818","EXACT","99","SYNONYM","SPECIES","Plantae","Tracheophyta","Magnoliopsida","Lamiales","Orobanchaceae","Bellardia","Bellardia viscosa","Parentucellia viscosa","(L.) Caruel","3171818","7733140"
,"Prunella vulgaris","Prunella vulgaris L.","5341297","EXACT","99","ACCEPTED","SPECIES","Plantae","Tracheophyta","Magnoliopsida","Lamiales","Lamiaceae","Prunella","Prunella vulgaris","Prunella vulgaris","L.","5341297",
,"jacobaea vulgaris","Jacobaea vulgaris Gaertn.","5388602","EXACT","99","ACCEPTED","SPECIES","Plantae","Tracheophyta","Magnoliopsida","Asterales","Asteraceae","Jacobaea","Jacobaea vulgaris","Jacobaea vulgaris","Gaertn.","5388602",
,"Mentha pulegium","Mentha pulegium L.","2927189","EXACT","99","ACCEPTED","SPECIES","Plantae","Tracheophyta","Magnoliopsida","Lamiales","Lamiaceae","Mentha","Mentha pulegium","Mentha pulegium","L.","2927189",
,"Mentha pulegium","Mentha pulegium L.","2927189","EXACT","99","ACCEPTED","SPECIES","Plantae","Tracheophyta","Magnoliopsida","Lamiales","Lamiaceae","Mentha","Mentha pulegium","Mentha pulegium","L.","2927189",
,"Prunella vulgaris","Prunella vulgaris L.","5341297","EXACT","99","ACCEPTED","SPECIES","Plantae","Tracheophyta","Magnoliopsida","Lamiales","Lamiaceae","Prunella","Prunella vulgaris","Prunella vulgaris","L.","5341297",
,"jacobaea vulgaris","Jacobaea vulgaris Gaertn.","5388602","EXACT","99","ACCEPTED","SPECIES","Plantae","Tracheophyta","Magnoliopsida","Asterales","Asteraceae","Jacobaea","Jacobaea vulgaris","Jacobaea vulgaris","Gaertn.","5388602",
,"Mentha pulegium","Mentha pulegium L.","2927189","EXACT","99","ACCEPTED","SPECIES","Plantae","Tracheophyta","Magnoliopsida","Lamiales","Lamiaceae","Mentha","Mentha pulegium","Mentha pulegium","L.","2927189",
,"Mentha pulegium","Mentha pulegium L.","2927189","EXACT","99","ACCEPTED","SPECIES","Plantae","Tracheophyta","Magnoliopsida","Lamiales","Lamiaceae","Mentha","Mentha pulegium","Mentha pulegium","L.","2927189",
,"Mentha pulegium","Mentha pulegium L.","2927189","EXACT","99","ACCEPTED","SPECIES","Plantae","Tracheophyta","Magnoliopsida","Lamiales","Lamiaceae","Mentha","Mentha pulegium","Mentha pulegium","L.","2927189",
,"Erigeron decumbens","Erigeron decumbens Nutt.","7845106","EXACT","99","ACCEPTED","SPECIES","Plantae","Tracheophyta","Magnoliopsida","Asterales","Asteraceae","Erigeron","Erigeron decumbens","Erigeron decumbens","Nutt.","7845106",
,"Erigeron decumbens","Erigeron decumbens Nutt.","7845106","EXACT","99","ACCEPTED","SPECIES","Plantae","Tracheophyta","Magnoliopsida","Asterales","Asteraceae","Erigeron","Erigeron decumbens","Erigeron decumbens","Nutt.","7845106",
,"Erigeron decumbens","Erigeron decumbens Nutt.","7845106","EXACT","99","ACCEPTED","SPECIES","Plantae","Tracheophyta","Magnoliopsida","Asterales","Asteraceae","Erigeron","Erigeron decumbens","Erigeron decumbens","Nutt.","7845106",
,"Erigeron decumbens","Erigeron decumbens Nutt.","7845106","EXACT","99","ACCEPTED","SPECIES","Plantae","Tracheophyta","Magnoliopsida","Asterales","Asteraceae","Erigeron","Erigeron decumbens","Erigeron decumbens","Nutt.","7845106",
,"Erigeron decumbens","Erigeron decumbens Nutt.","7845106","EXACT","99","ACCEPTED","SPECIES","Plantae","Tracheophyta","Magnoliopsida","Asterales","Asteraceae","Erigeron","Erigeron decumbens","Erigeron decumbens","Nutt.","7845106",
,"Erigeron decumbens","Erigeron decumbens Nutt.","7845106","EXACT","99","ACCEPTED","SPECIES","Plantae","Tracheophyta","Magnoliopsida","Asterales","Asteraceae","Erigeron","Erigeron decumbens","Erigeron decumbens","Nutt.","7845106",
,"Erigeron decumbens","Erigeron decumbens Nutt.","7845106","EXACT","99","ACCEPTED","SPECIES","Plantae","Tracheophyta","Magnoliopsida","Asterales","Asteraceae","Erigeron","Erigeron decumbens","Erigeron decumbens","Nutt.","7845106",
,"Erigeron decumbens","Erigeron decumbens Nutt.","7845106","EXACT","99","ACCEPTED","SPECIES","Plantae","Tracheophyta","Magnoliopsida","Asterales","Asteraceae","Erigeron","Erigeron decumbens","Erigeron decumbens","Nutt.","7845106",
,"Erigeron decumbens","Erigeron decumbens Nutt.","7845106","EXACT","99","ACCEPTED","SPECIES","Plantae","Tracheophyta","Magnoliopsida","Asterales","Asteraceae","Erigeron","Erigeron decumbens","Erigeron decumbens","Nutt.","7845106",
,"Erigeron decumbens","Erigeron decumbens Nutt.","7845106","EXACT","99","ACCEPTED","SPECIES","Plantae","Tracheophyta","Magnoliopsida","Asterales","Asteraceae","Erigeron","Erigeron decumbens","Erigeron decumbens","Nutt.","7845106",
,"Erigeron decumbens","Erigeron decumbens Nutt.","7845106","EXACT","99","ACCEPTED","SPECIES","Plantae","Tracheophyta","Magnoliopsida","Asterales","Asteraceae","Erigeron","Erigeron decumbens","Erigeron decumbens","Nutt.","7845106",
,"Erigeron decumbens","Erigeron decumbens Nutt.","7845106","EXACT","99","ACCEPTED","SPECIES","Plantae","Tracheophyta","Magnoliopsida","Asterales","Asteraceae","Erigeron","Erigeron decumbens","Erigeron decumbens","Nutt.","7845106",
,"Erigeron decumbens","Erigeron decumbens Nutt.","7845106","EXACT","99","ACCEPTED","SPECIES","Plantae","Tracheophyta","Magnoliopsida","Asterales","Asteraceae","Erigeron","Erigeron decumbens","Erigeron decumbens","Nutt.","7845106",
,"Erigeron decumbens","Erigeron decumbens Nutt.","7845106","EXACT","99","ACCEPTED","SPECIES","Plantae","Tracheophyta","Magnoliopsida","Asterales","Asteraceae","Erigeron","Erigeron decumbens","Erigeron decumbens","Nutt.","7845106",
,"Erigeron decumbens","Erigeron decumbens Nutt.","7845106","EXACT","99","ACCEPTED","SPECIES","Plantae","Tracheophyta","Magnoliopsida","Asterales","Asteraceae","Erigeron","Erigeron decumbens","Erigeron decumbens","Nutt.","7845106",
,"Erigeron decumbens","Erigeron decumbens Nutt.","7845106","EXACT","99","ACCEPTED","SPECIES","Plantae","Tracheophyta","Magnoliopsida","Asterales","Asteraceae","Erigeron","Erigeron decumbens","Erigeron decumbens","Nutt.","7845106",
,"Erigeron decumbens","Erigeron decumbens Nutt.","7845106","EXACT","99","ACCEPTED","SPECIES","Plantae","Tracheophyta","Magnoliopsida","Asterales","Asteraceae","Erigeron","Erigeron decumbens","Erigeron decumbens","Nutt.","7845106",
,"Erigeron decumbens","Erigeron decumbens Nutt.","7845106","EXACT","99","ACCEPTED","SPECIES","Plantae","Tracheophyta","Magnoliopsida","Asterales","Asteraceae","Erigeron","Erigeron decumbens","Erigeron decumbens","Nutt.","7845106",
,"Erigeron decumbens","Erigeron decumbens Nutt.","7845106","EXACT","99","ACCEPTED","SPECIES","Plantae","Tracheophyta","Magnoliopsida","Asterales","Asteraceae","Erigeron","Erigeron decumbens","Erigeron decumbens","Nutt.","7845106",
,"Erigeron decumbens","Erigeron decumbens Nutt.","7845106","EXACT","99","ACCEPTED","SPECIES","Plantae","Tracheophyta","Magnoliopsida","Asterales","Asteraceae","Erigeron","Erigeron decumbens","Erigeron decumbens","Nutt.","7845106",
,"Erigeron decumbens","Erigeron decumbens Nutt.","7845106","EXACT","99","ACCEPTED","SPECIES","Plantae","Tracheophyta","Magnoliopsida","Asterales","Asteraceae","Erigeron","Erigeron decumbens","Erigeron decumbens","Nutt.","7845106",
,"Erigeron decumbens","Erigeron decumbens Nutt.","7845106","EXACT","99","ACCEPTED","SPECIES","Plantae","Tracheophyta","Magnoliopsida","Asterales","Asteraceae","Erigeron","Erigeron decumbens","Erigeron decumbens","Nutt.","7845106",
,"Erigeron decumbens","Erigeron decumbens Nutt.","7845106","EXACT","99","ACCEPTED","SPECIES","Plantae","Tracheophyta","Magnoliopsida","Asterales","Asteraceae","Erigeron","Erigeron decumbens","Erigeron decumbens","Nutt.","7845106",
,"Erigeron decumbens","Erigeron decumbens Nutt.","7845106","EXACT","99","ACCEPTED","SPECIES","Plantae","Tracheophyta","Magnoliopsida","Asterales","Asteraceae","Erigeron","Erigeron decumbens","Erigeron decumbens","Nutt.","7845106",
,"Erigeron decumbens","Erigeron decumbens Nutt.","7845106","EXACT","99","ACCEPTED","SPECIES","Plantae","Tracheophyta","Magnoliopsida","Asterales","Asteraceae","Erigeron","Erigeron decumbens","Erigeron decumbens","Nutt.","7845106",
,"Erigeron decumbens","Erigeron decumbens Nutt.","7845106","EXACT","99","ACCEPTED","SPECIES","Plantae","Tracheophyta","Magnoliopsida","Asterales","Asteraceae","Erigeron","Erigeron decumbens","Erigeron decumbens","Nutt.","7845106",
,"Erigeron decumbens","Erigeron decumbens Nutt.","7845106","EXACT","99","ACCEPTED","SPECIES","Plantae","Tracheophyta","Magnoliopsida","Asterales","Asteraceae","Erigeron","Erigeron decumbens","Erigeron decumbens","Nutt.","7845106",
,"Erigeron decumbens","Erigeron decumbens Nutt.","7845106","EXACT","99","ACCEPTED","SPECIES","Plantae","Tracheophyta","Magnoliopsida","Asterales","Asteraceae","Erigeron","Erigeron decumbens","Erigeron decumbens","Nutt.","7845106",
,"Erigeron decumbens","Erigeron decumbens Nutt.","7845106","EXACT","99","ACCEPTED","SPECIES","Plantae","Tracheophyta","Magnoliopsida","Asterales","Asteraceae","Erigeron","Erigeron decumbens","Erigeron decumbens","Nutt.","7845106",
,"Erigeron decumbens","Erigeron decumbens Nutt.","7845106","EXACT","99","ACCEPTED","SPECIES","Plantae","Tracheophyta","Magnoliopsida","Asterales","Asteraceae","Erigeron","Erigeron decumbens","Erigeron decumbens","Nutt.","7845106",
,"Erigeron decumbens","Erigeron decumbens Nutt.","7845106","EXACT","99","ACCEPTED","SPECIES","Plantae","Tracheophyta","Magnoliopsida","Asterales","Asteraceae","Erigeron","Erigeron decumbens","Erigeron decumbens","Nutt.","7845106",
,"Erigeron decumbens","Erigeron decumbens Nutt.","7845106","EXACT","99","ACCEPTED","SPECIES","Plantae","Tracheophyta","Magnoliopsida","Asterales","Asteraceae","Erigeron","Erigeron decumbens","Erigeron decumbens","Nutt.","7845106",
,"Erigeron decumbens","Erigeron decumbens Nutt.","7845106","EXACT","99","ACCEPTED","SPECIES","Plantae","Tracheophyta","Magnoliopsida","Asterales","Asteraceae","Erigeron","Erigeron decumbens","Erigeron decumbens","Nutt.","7845106",
,"Erigeron decumbens","Erigeron decumbens Nutt.","7845106","EXACT","99","ACCEPTED","SPECIES","Plantae","Tracheophyta","Magnoliopsida","Asterales","Asteraceae","Erigeron","Erigeron decumbens","Erigeron decumbens","Nutt.","7845106",
,"Erigeron decumbens","Erigeron decumbens Nutt.","7845106","EXACT","99","ACCEPTED","SPECIES","Plantae","Tracheophyta","Magnoliopsida","Asterales","Asteraceae","Erigeron","Erigeron decumbens","Erigeron decumbens","Nutt.","7845106",
,"Erigeron decumbens","Erigeron decumbens Nutt.","7845106","EXACT","99","ACCEPTED","SPECIES","Plantae","Tracheophyta","Magnoliopsida","Asterales","Asteraceae","Erigeron","Erigeron decumbens","Erigeron decumbens","Nutt.","7845106",
,"Erigeron decumbens","Erigeron decumbens Nutt.","7845106","EXACT","99","ACCEPTED","SPECIES","Plantae","Tracheophyta","Magnoliopsida","Asterales","Asteraceae","Erigeron","Erigeron decumbens","Erigeron decumbens","Nutt.","7845106",
,"Erigeron decumbens","Erigeron decumbens Nutt.","7845106","EXACT","99","ACCEPTED","SPECIES","Plantae","Tracheophyta","Magnoliopsida","Asterales","Asteraceae","Erigeron","Erigeron decumbens","Erigeron decumbens","Nutt.","7845106",
,"Erigeron decumbens","Erigeron decumbens Nutt.","7845106","EXACT","99","ACCEPTED","SPECIES","Plantae","Tracheophyta","Magnoliopsida","Asterales","Asteraceae","Erigeron","Erigeron decumbens","Erigeron decumbens","Nutt.","7845106",
,"Erigeron decumbens","Erigeron decumbens Nutt.","7845106","EXACT","99","ACCEPTED","SPECIES","Plantae","Tracheophyta","Magnoliopsida","Asterales","Asteraceae","Erigeron","Erigeron decumbens","Erigeron decumbens","Nutt.","7845106",
,"Erigeron decumbens","Erigeron decumbens Nutt.","7845106","EXACT","99","ACCEPTED","SPECIES","Plantae","Tracheophyta","Magnoliopsida","Asterales","Asteraceae","Erigeron","Erigeron decumbens","Erigeron decumbens","Nutt.","7845106",
,"Erigeron decumbens","Erigeron decumbens Nutt.","7845106","EXACT","99","ACCEPTED","SPECIES","Plantae","Tracheophyta","Magnoliopsida","Asterales","Asteraceae","Erigeron","Erigeron decumbens","Erigeron decumbens","Nutt.","7845106",
,"Erigeron decumbens","Erigeron decumbens Nutt.","7845106","EXACT","99","ACCEPTED","SPECIES","Plantae","Tracheophyta","Magnoliopsida","Asterales","Asteraceae","Erigeron","Erigeron decumbens","Erigeron decumbens","Nutt.","7845106",
,"Erigeron decumbens","Erigeron decumbens Nutt.","7845106","EXACT","99","ACCEPTED","SPECIES","Plantae","Tracheophyta","Magnoliopsida","Asterales","Asteraceae","Erigeron","Erigeron decumbens","Erigeron decumbens","Nutt.","7845106",
,"Erigeron decumbens","Erigeron decumbens Nutt.","7845106","EXACT","99","ACCEPTED","SPECIES","Plantae","Tracheophyta","Magnoliopsida","Asterales","Asteraceae","Erigeron","Erigeron decumbens","Erigeron decumbens","Nutt.","7845106",
,"Erigeron decumbens","Erigeron decumbens Nutt.","7845106","EXACT","99","ACCEPTED","SPECIES","Plantae","Tracheophyta","Magnoliopsida","Asterales","Asteraceae","Erigeron","Erigeron decumbens","Erigeron decumbens","Nutt.","7845106",
,"Erigeron decumbens","Erigeron decumbens Nutt.","7845106","EXACT","99","ACCEPTED","SPECIES","Plantae","Tracheophyta","Magnoliopsida","Asterales","Asteraceae","Erigeron","Erigeron decumbens","Erigeron decumbens","Nutt.","7845106",
,"Erigeron decumbens","Erigeron decumbens Nutt.","7845106","EXACT","99","ACCEPTED","SPECIES","Plantae","Tracheophyta","Magnoliopsida","Asterales","Asteraceae","Erigeron","Erigeron decumbens","Erigeron decumbens","Nutt.","7845106",
,"Erigeron decumbens","Erigeron decumbens Nutt.","7845106","EXACT","99","ACCEPTED","SPECIES","Plantae","Tracheophyta","Magnoliopsida","Asterales","Asteraceae","Erigeron","Erigeron decumbens","Erigeron decumbens","Nutt.","7845106",
,"Erigeron decumbens","Erigeron decumbens Nutt.","7845106","EXACT","99","ACCEPTED","SPECIES","Plantae","Tracheophyta","Magnoliopsida","Asterales","Asteraceae","Erigeron","Erigeron decumbens","Erigeron decumbens","Nutt.","7845106",
,"Erigeron decumbens","Erigeron decumbens Nutt.","7845106","EXACT","99","ACCEPTED","SPECIES","Plantae","Tracheophyta","Magnoliopsida","Asterales","Asteraceae","Erigeron","Erigeron decumbens","Erigeron decumbens","Nutt.","7845106",
,"Erigeron decumbens","Erigeron decumbens Nutt.","7845106","EXACT","99","ACCEPTED","SPECIES","Plantae","Tracheophyta","Magnoliopsida","Asterales","Asteraceae","Erigeron","Erigeron decumbens","Erigeron decumbens","Nutt.","7845106",
,"Erigeron decumbens","Erigeron decumbens Nutt.","7845106","EXACT","99","ACCEPTED","SPECIES","Plantae","Tracheophyta","Magnoliopsida","Asterales","Asteraceae","Erigeron","Erigeron decumbens","Erigeron decumbens","Nutt.","7845106",
,"Erigeron decumbens","Erigeron decumbens Nutt.","7845106","EXACT","99","ACCEPTED","SPECIES","Plantae","Tracheophyta","Magnoliopsida","Asterales","Asteraceae","Erigeron","Erigeron decumbens","Erigeron decumbens","Nutt.","7845106",
,"Erigeron decumbens","Erigeron decumbens Nutt.","7845106","EXACT","99","ACCEPTED","SPECIES","Plantae","Tracheophyta","Magnoliopsida","Asterales","Asteraceae","Erigeron","Erigeron decumbens","Erigeron decumbens","Nutt.","7845106",
,"Erigeron decumbens","Erigeron decumbens Nutt.","7845106","EXACT","99","ACCEPTED","SPECIES","Plantae","Tracheophyta","Magnoliopsida","Asterales","Asteraceae","Erigeron","Erigeron decumbens","Erigeron decumbens","Nutt.","7845106",
,"Erigeron decumbens","Erigeron decumbens Nutt.","7845106","EXACT","99","ACCEPTED","SPECIES","Plantae","Tracheophyta","Magnoliopsida","Asterales","Asteraceae","Erigeron","Erigeron decumbens","Erigeron decumbens","Nutt.","7845106",
,"Erigeron decumbens","Erigeron decumbens Nutt.","7845106","EXACT","99","ACCEPTED","SPECIES","Plantae","Tracheophyta","Magnoliopsida","Asterales","Asteraceae","Erigeron","Erigeron decumbens","Erigeron decumbens","Nutt.","7845106",
,"Erigeron decumbens","Erigeron decumbens Nutt.","7845106","EXACT","99","ACCEPTED","SPECIES","Plantae","Tracheophyta","Magnoliopsida","Asterales","Asteraceae","Erigeron","Erigeron decumbens","Erigeron decumbens","Nutt.","7845106",
,"Erigeron decumbens","Erigeron decumbens Nutt.","7845106","EXACT","99","ACCEPTED","SPECIES","Plantae","Tracheophyta","Magnoliopsida","Asterales","Asteraceae","Erigeron","Erigeron decumbens","Erigeron decumbens","Nutt.","7845106",
,"Erigeron decumbens","Erigeron decumbens Nutt.","7845106","EXACT","99","ACCEPTED","SPECIES","Plantae","Tracheophyta","Magnoliopsida","Asterales","Asteraceae","Erigeron","Erigeron decumbens","Erigeron decumbens","Nutt.","7845106",
,"Erigeron decumbens","Erigeron decumbens Nutt.","7845106","EXACT","99","ACCEPTED","SPECIES","Plantae","Tracheophyta","Magnoliopsida","Asterales","Asteraceae","Erigeron","Erigeron decumbens","Erigeron decumbens","Nutt.","7845106",
,"Erigeron decumbens","Erigeron decumbens Nutt.","7845106","EXACT","99","ACCEPTED","SPECIES","Plantae","Tracheophyta","Magnoliopsida","Asterales","Asteraceae","Erigeron","Erigeron decumbens","Erigeron decumbens","Nutt.","7845106",
,"Erigeron decumbens","Erigeron decumbens Nutt.","7845106","EXACT","99","ACCEPTED","SPECIES","Plantae","Tracheophyta","Magnoliopsida","Asterales","Asteraceae","Erigeron","Erigeron decumbens","Erigeron decumbens","Nutt.","7845106",
,"Erigeron decumbens","Erigeron decumbens Nutt.","7845106","EXACT","99","ACCEPTED","SPECIES","Plantae","Tracheophyta","Magnoliopsida","Asterales","Asteraceae","Erigeron","Erigeron decumbens","Erigeron decumbens","Nutt.","7845106",
,"Erigeron decumbens","Erigeron decumbens Nutt.","7845106","EXACT","99","ACCEPTED","SPECIES","Plantae","Tracheophyta","Magnoliopsida","Asterales","Asteraceae","Erigeron","Erigeron decumbens","Erigeron decumbens","Nutt.","7845106",
,"Erigeron decumbens","Erigeron decumbens Nutt.","7845106","EXACT","99","ACCEPTED","SPECIES","Plantae","Tracheophyta","Magnoliopsida","Asterales","Asteraceae","Erigeron","Erigeron decumbens","Erigeron decumbens","Nutt.","7845106",
,"Erigeron decumbens","Erigeron decumbens Nutt.","7845106","EXACT","99","ACCEPTED","SPECIES","Plantae","Tracheophyta","Magnoliopsida","Asterales","Asteraceae","Erigeron","Erigeron decumbens","Erigeron decumbens","Nutt.","7845106",
,"Erigeron decumbens","Erigeron decumbens Nutt.","7845106","EXACT","99","ACCEPTED","SPECIES","Plantae","Tracheophyta","Magnoliopsida","Asterales","Asteraceae","Erigeron","Erigeron decumbens","Erigeron decumbens","Nutt.","7845106",
,"Erigeron decumbens","Erigeron decumbens Nutt.","7845106","EXACT","99","ACCEPTED","SPECIES","Plantae","Tracheophyta","Magnoliopsida","Asterales","Asteraceae","Erigeron","Erigeron decumbens","Erigeron decumbens","Nutt.","7845106",
,"Erigeron decumbens","Erigeron decumbens Nutt.","7845106","EXACT","99","ACCEPTED","SPECIES","Plantae","Tracheophyta","Magnoliopsida","Asterales","Asteraceae","Erigeron","Erigeron decumbens","Erigeron decumbens","Nutt.","7845106",
,"Erigeron decumbens","Erigeron decumbens Nutt.","7845106","EXACT","99","ACCEPTED","SPECIES","Plantae","Tracheophyta","Magnoliopsida","Asterales","Asteraceae","Erigeron","Erigeron decumbens","Erigeron decumbens","Nutt.","7845106",
,"Erigeron decumbens","Erigeron decumbens Nutt.","7845106","EXACT","99","ACCEPTED","SPECIES","Plantae","Tracheophyta","Magnoliopsida","Asterales","Asteraceae","Erigeron","Erigeron decumbens","Erigeron decumbens","Nutt.","7845106",
,"Erigeron decumbens","Erigeron decumbens Nutt.","7845106","EXACT","99","ACCEPTED","SPECIES","Plantae","Tracheophyta","Magnoliopsida","Asterales","Asteraceae","Erigeron","Erigeron decumbens","Erigeron decumbens","Nutt.","7845106",
,"Erigeron decumbens","Erigeron decumbens Nutt.","7845106","EXACT","99","ACCEPTED","SPECIES","Plantae","Tracheophyta","Magnoliopsida","Asterales","Asteraceae","Erigeron","Erigeron decumbens","Erigeron decumbens","Nutt.","7845106",
,"Erigeron decumbens","Erigeron decumbens Nutt.","7845106","EXACT","99","ACCEPTED","SPECIES","Plantae","Tracheophyta","Magnoliopsida","Asterales","Asteraceae","Erigeron","Erigeron decumbens","Erigeron decumbens","Nutt.","7845106",
,"Erigeron decumbens","Erigeron decumbens Nutt.","7845106","EXACT","99","ACCEPTED","SPECIES","Plantae","Tracheophyta","Magnoliopsida","Asterales","Asteraceae","Erigeron","Erigeron decumbens","Erigeron decumbens","Nutt.","7845106",
,"Erigeron decumbens","Erigeron decumbens Nutt.","7845106","EXACT","99","ACCEPTED","SPECIES","Plantae","Tracheophyta","Magnoliopsida","Asterales","Asteraceae","Erigeron","Erigeron decumbens","Erigeron decumbens","Nutt.","7845106",
,"Erigeron decumbens","Erigeron decumbens Nutt.","7845106","EXACT","99","ACCEPTED","SPECIES","Plantae","Tracheophyta","Magnoliopsida","Asterales","Asteraceae","Erigeron","Erigeron decumbens","Erigeron decumbens","Nutt.","7845106",
,"Erigeron decumbens","Erigeron decumbens Nutt.","7845106","EXACT","99","ACCEPTED","SPECIES","Plantae","Tracheophyta","Magnoliopsida","Asterales","Asteraceae","Erigeron","Erigeron decumbens","Erigeron decumbens","Nutt.","7845106",
,"Erigeron decumbens","Erigeron decumbens Nutt.","7845106","EXACT","99","ACCEPTED","SPECIES","Plantae","Tracheophyta","Magnoliopsida","Asterales","Asteraceae","Erigeron","Erigeron decumbens","Erigeron decumbens","Nutt.","7845106",
,"Erigeron decumbens","Erigeron decumbens Nutt.","7845106","EXACT","99","ACCEPTED","SPECIES","Plantae","Tracheophyta","Magnoliopsida","Asterales","Asteraceae","Erigeron","Erigeron decumbens","Erigeron decumbens","Nutt.","7845106",
,"Erigeron decumbens","Erigeron decumbens Nutt.","7845106","EXACT","99","ACCEPTED","SPECIES","Plantae","Tracheophyta","Magnoliopsida","Asterales","Asteraceae","Erigeron","Erigeron decumbens","Erigeron decumbens","Nutt.","7845106",
,"Erigeron decumbens","Erigeron decumbens Nutt.","7845106","EXACT","99","ACCEPTED","SPECIES","Plantae","Tracheophyta","Magnoliopsida","Asterales","Asteraceae","Erigeron","Erigeron decumbens","Erigeron decumbens","Nutt.","7845106",
,"Erigeron decumbens","Erigeron decumbens Nutt.","7845106","EXACT","99","ACCEPTED","SPECIES","Plantae","Tracheophyta","Magnoliopsida","Asterales","Asteraceae","Erigeron","Erigeron decumbens","Erigeron decumbens","Nutt.","7845106",
,"Erigeron decumbens","Erigeron decumbens Nutt.","7845106","EXACT","99","ACCEPTED","SPECIES","Plantae","Tracheophyta","Magnoliopsida","Asterales","Asteraceae","Erigeron","Erigeron decumbens","Erigeron decumbens","Nutt.","7845106",
,"Erigeron decumbens","Erigeron decumbens Nutt.","7845106","EXACT","99","ACCEPTED","SPECIES","Plantae","Tracheophyta","Magnoliopsida","Asterales","Asteraceae","Erigeron","Erigeron decumbens","Erigeron decumbens","Nutt.","7845106",
,"Erigeron decumbens","Erigeron decumbens Nutt.","7845106","EXACT","99","ACCEPTED","SPECIES","Plantae","Tracheophyta","Magnoliopsida","Asterales","Asteraceae","Erigeron","Erigeron decumbens","Erigeron decumbens","Nutt.","7845106",
,"Erigeron decumbens","Erigeron decumbens Nutt.","7845106","EXACT","99","ACCEPTED","SPECIES","Plantae","Tracheophyta","Magnoliopsida","Asterales","Asteraceae","Erigeron","Erigeron decumbens","Erigeron decumbens","Nutt.","7845106",
,"Erigeron decumbens","Erigeron decumbens Nutt.","7845106","EXACT","99","ACCEPTED","SPECIES","Plantae","Tracheophyta","Magnoliopsida","Asterales","Asteraceae","Erigeron","Erigeron decumbens","Erigeron decumbens","Nutt.","7845106",
,"Erigeron decumbens","Erigeron decumbens Nutt.","7845106","EXACT","99","ACCEPTED","SPECIES","Plantae","Tracheophyta","Magnoliopsida","Asterales","Asteraceae","Erigeron","Erigeron decumbens","Erigeron decumbens","Nutt.","7845106",
,"Erigeron decumbens","Erigeron decumbens Nutt.","7845106","EXACT","99","ACCEPTED","SPECIES","Plantae","Tracheophyta","Magnoliopsida","Asterales","Asteraceae","Erigeron","Erigeron decumbens","Erigeron decumbens","Nutt.","7845106",
,"Erigeron decumbens","Erigeron decumbens Nutt.","7845106","EXACT","99","ACCEPTED","SPECIES","Plantae","Tracheophyta","Magnoliopsida","Asterales","Asteraceae","Erigeron","Erigeron decumbens","Erigeron decumbens","Nutt.","7845106",
,"Erigeron decumbens","Erigeron decumbens Nutt.","7845106","EXACT","99","ACCEPTED","SPECIES","Plantae","Tracheophyta","Magnoliopsida","Asterales","Asteraceae","Erigeron","Erigeron decumbens","Erigeron decumbens","Nutt.","7845106",
,"Erigeron decumbens","Erigeron decumbens Nutt.","7845106","EXACT","99","ACCEPTED","SPECIES","Plantae","Tracheophyta","Magnoliopsida","Asterales","Asteraceae","Erigeron","Erigeron decumbens","Erigeron decumbens","Nutt.","7845106",
,"Erigeron decumbens","Erigeron decumbens Nutt.","7845106","EXACT","99","ACCEPTED","SPECIES","Plantae","Tracheophyta","Magnoliopsida","Asterales","Asteraceae","Erigeron","Erigeron decumbens","Erigeron decumbens","Nutt.","7845106",
,"Erigeron decumbens","Erigeron decumbens Nutt.","7845106","EXACT","99","ACCEPTED","SPECIES","Plantae","Tracheophyta","Magnoliopsida","Asterales","Asteraceae","Erigeron","Erigeron decumbens","Erigeron decumbens","Nutt.","7845106",
,"Erigeron decumbens","Erigeron decumbens Nutt.","7845106","EXACT","99","ACCEPTED","SPECIES","Plantae","Tracheophyta","Magnoliopsida","Asterales","Asteraceae","Erigeron","Erigeron decumbens","Erigeron decumbens","Nutt.","7845106",
,"Erigeron decumbens","Erigeron decumbens Nutt.","7845106","EXACT","99","ACCEPTED","SPECIES","Plantae","Tracheophyta","Magnoliopsida","Asterales","Asteraceae","Erigeron","Erigeron decumbens","Erigeron decumbens","Nutt.","7845106",
,"Erigeron decumbens","Erigeron decumbens Nutt.","7845106","EXACT","99","ACCEPTED","SPECIES","Plantae","Tracheophyta","Magnoliopsida","Asterales","Asteraceae","Erigeron","Erigeron decumbens","Erigeron decumbens","Nutt.","7845106",
,"Erigeron decumbens","Erigeron decumbens Nutt.","7845106","EXACT","99","ACCEPTED","SPECIES","Plantae","Tracheophyta","Magnoliopsida","Asterales","Asteraceae","Erigeron","Erigeron decumbens","Erigeron decumbens","Nutt.","7845106",
,"Erigeron decumbens","Erigeron decumbens Nutt.","7845106","EXACT","99","ACCEPTED","SPECIES","Plantae","Tracheophyta","Magnoliopsida","Asterales","Asteraceae","Erigeron","Erigeron decumbens","Erigeron decumbens","Nutt.","7845106",
,"Erigeron decumbens","Erigeron decumbens Nutt.","7845106","EXACT","99","ACCEPTED","SPECIES","Plantae","Tracheophyta","Magnoliopsida","Asterales","Asteraceae","Erigeron","Erigeron decumbens","Erigeron decumbens","Nutt.","7845106",
,"Erigeron decumbens","Erigeron decumbens Nutt.","7845106","EXACT","99","ACCEPTED","SPECIES","Plantae","Tracheophyta","Magnoliopsida","Asterales","Asteraceae","Erigeron","Erigeron decumbens","Erigeron decumbens","Nutt.","7845106",
,"Erigeron decumbens","Erigeron decumbens Nutt.","7845106","EXACT","99","ACCEPTED","SPECIES","Plantae","Tracheophyta","Magnoliopsida","Asterales","Asteraceae","Erigeron","Erigeron decumbens","Erigeron decumbens","Nutt.","7845106",
,"Erigeron decumbens","Erigeron decumbens Nutt.","7845106","EXACT","99","ACCEPTED","SPECIES","Plantae","Tracheophyta","Magnoliopsida","Asterales","Asteraceae","Erigeron","Erigeron decumbens","Erigeron decumbens","Nutt.","7845106",
,"Erigeron decumbens","Erigeron decumbens Nutt.","7845106","EXACT","99","ACCEPTED","SPECIES","Plantae","Tracheophyta","Magnoliopsida","Asterales","Asteraceae","Erigeron","Erigeron decumbens","Erigeron decumbens","Nutt.","7845106",
,"Erigeron decumbens","Erigeron decumbens Nutt.","7845106","EXACT","99","ACCEPTED","SPECIES","Plantae","Tracheophyta","Magnoliopsida","Asterales","Asteraceae","Erigeron","Erigeron decumbens","Erigeron decumbens","Nutt.","7845106",
,"Erigeron decumbens","Erigeron decumbens Nutt.","7845106","EXACT","99","ACCEPTED","SPECIES","Plantae","Tracheophyta","Magnoliopsida","Asterales","Asteraceae","Erigeron","Erigeron decumbens","Erigeron decumbens","Nutt.","7845106",
,"Erigeron decumbens","Erigeron decumbens Nutt.","7845106","EXACT","99","ACCEPTED","SPECIES","Plantae","Tracheophyta","Magnoliopsida","Asterales","Asteraceae","Erigeron","Erigeron decumbens","Erigeron decumbens","Nutt.","7845106",
,"Erigeron decumbens","Erigeron decumbens Nutt.","7845106","EXACT","99","ACCEPTED","SPECIES","Plantae","Tracheophyta","Magnoliopsida","Asterales","Asteraceae","Erigeron","Erigeron decumbens","Erigeron decumbens","Nutt.","7845106",
,"Erigeron decumbens","Erigeron decumbens Nutt.","7845106","EXACT","99","ACCEPTED","SPECIES","Plantae","Tracheophyta","Magnoliopsida","Asterales","Asteraceae","Erigeron","Erigeron decumbens","Erigeron decumbens","Nutt.","7845106",
,"Erigeron decumbens","Erigeron decumbens Nutt.","7845106","EXACT","99","ACCEPTED","SPECIES","Plantae","Tracheophyta","Magnoliopsida","Asterales","Asteraceae","Erigeron","Erigeron decumbens","Erigeron decumbens","Nutt.","7845106",
,"Erigeron decumbens","Erigeron decumbens Nutt.","7845106","EXACT","99","ACCEPTED","SPECIES","Plantae","Tracheophyta","Magnoliopsida","Asterales","Asteraceae","Erigeron","Erigeron decumbens","Erigeron decumbens","Nutt.","7845106",
,"Erigeron decumbens","Erigeron decumbens Nutt.","7845106","EXACT","99","ACCEPTED","SPECIES","Plantae","Tracheophyta","Magnoliopsida","Asterales","Asteraceae","Erigeron","Erigeron decumbens","Erigeron decumbens","Nutt.","7845106",
,"Erigeron decumbens","Erigeron decumbens Nutt.","7845106","EXACT","99","ACCEPTED","SPECIES","Plantae","Tracheophyta","Magnoliopsida","Asterales","Asteraceae","Erigeron","Erigeron decumbens","Erigeron decumbens","Nutt.","7845106",
,"Erigeron decumbens","Erigeron decumbens Nutt.","7845106","EXACT","99","ACCEPTED","SPECIES","Plantae","Tracheophyta","Magnoliopsida","Asterales","Asteraceae","Erigeron","Erigeron decumbens","Erigeron decumbens","Nutt.","7845106",
,"Erigeron decumbens","Erigeron decumbens Nutt.","7845106","EXACT","99","ACCEPTED","SPECIES","Plantae","Tracheophyta","Magnoliopsida","Asterales","Asteraceae","Erigeron","Erigeron decumbens","Erigeron decumbens","Nutt.","7845106",
,"Erigeron decumbens","Erigeron decumbens Nutt.","7845106","EXACT","99","ACCEPTED","SPECIES","Plantae","Tracheophyta","Magnoliopsida","Asterales","Asteraceae","Erigeron","Erigeron decumbens","Erigeron decumbens","Nutt.","7845106",
,"Erigeron decumbens","Erigeron decumbens Nutt.","7845106","EXACT","99","ACCEPTED","SPECIES","Plantae","Tracheophyta","Magnoliopsida","Asterales","Asteraceae","Erigeron","Erigeron decumbens","Erigeron decumbens","Nutt.","7845106",
,"Erigeron decumbens","Erigeron decumbens Nutt.","7845106","EXACT","99","ACCEPTED","SPECIES","Plantae","Tracheophyta","Magnoliopsida","Asterales","Asteraceae","Erigeron","Erigeron decumbens","Erigeron decumbens","Nutt.","7845106",
,"Erigeron decumbens","Erigeron decumbens Nutt.","7845106","EXACT","99","ACCEPTED","SPECIES","Plantae","Tracheophyta","Magnoliopsida","Asterales","Asteraceae","Erigeron","Erigeron decumbens","Erigeron decumbens","Nutt.","7845106",
,"Erigeron decumbens","Erigeron decumbens Nutt.","7845106","EXACT","99","ACCEPTED","SPECIES","Plantae","Tracheophyta","Magnoliopsida","Asterales","Asteraceae","Erigeron","Erigeron decumbens","Erigeron decumbens","Nutt.","7845106",
,"Erigeron decumbens","Erigeron decumbens Nutt.","7845106","EXACT","99","ACCEPTED","SPECIES","Plantae","Tracheophyta","Magnoliopsida","Asterales","Asteraceae","Erigeron","Erigeron decumbens","Erigeron decumbens","Nutt.","7845106",
,"Erigeron decumbens","Erigeron decumbens Nutt.","7845106","EXACT","99","ACCEPTED","SPECIES","Plantae","Tracheophyta","Magnoliopsida","Asterales","Asteraceae","Erigeron","Erigeron decumbens","Erigeron decumbens","Nutt.","7845106",
,"Erigeron decumbens","Erigeron decumbens Nutt.","7845106","EXACT","99","ACCEPTED","SPECIES","Plantae","Tracheophyta","Magnoliopsida","Asterales","Asteraceae","Erigeron","Erigeron decumbens","Erigeron decumbens","Nutt.","7845106",
,"Erigeron decumbens","Erigeron decumbens Nutt.","7845106","EXACT","99","ACCEPTED","SPECIES","Plantae","Tracheophyta","Magnoliopsida","Asterales","Asteraceae","Erigeron","Erigeron decumbens","Erigeron decumbens","Nutt.","7845106",
,"Erigeron decumbens","Erigeron decumbens Nutt.","7845106","EXACT","99","ACCEPTED","SPECIES","Plantae","Tracheophyta","Magnoliopsida","Asterales","Asteraceae","Erigeron","Erigeron decumbens","Erigeron decumbens","Nutt.","7845106",
,"Erigeron decumbens","Erigeron decumbens Nutt.","7845106","EXACT","99","ACCEPTED","SPECIES","Plantae","Tracheophyta","Magnoliopsida","Asterales","Asteraceae","Erigeron","Erigeron decumbens","Erigeron decumbens","Nutt.","7845106",
,"Erigeron decumbens","Erigeron decumbens Nutt.","7845106","EXACT","99","ACCEPTED","SPECIES","Plantae","Tracheophyta","Magnoliopsida","Asterales","Asteraceae","Erigeron","Erigeron decumbens","Erigeron decumbens","Nutt.","7845106",
,"Erigeron decumbens","Erigeron decumbens Nutt.","7845106","EXACT","99","ACCEPTED","SPECIES","Plantae","Tracheophyta","Magnoliopsida","Asterales","Asteraceae","Erigeron","Erigeron decumbens","Erigeron decumbens","Nutt.","7845106",
,"Erigeron decumbens","Erigeron decumbens Nutt.","7845106","EXACT","99","ACCEPTED","SPECIES","Plantae","Tracheophyta","Magnoliopsida","Asterales","Asteraceae","Erigeron","Erigeron decumbens","Erigeron decumbens","Nutt.","7845106",
,"Erigeron decumbens","Erigeron decumbens Nutt.","7845106","EXACT","99","ACCEPTED","SPECIES","Plantae","Tracheophyta","Magnoliopsida","Asterales","Asteraceae","Erigeron","Erigeron decumbens","Erigeron decumbens","Nutt.","7845106",
,"Erigeron decumbens","Erigeron decumbens Nutt.","7845106","EXACT","99","ACCEPTED","SPECIES","Plantae","Tracheophyta","Magnoliopsida","Asterales","Asteraceae","Erigeron","Erigeron decumbens","Erigeron decumbens","Nutt.","7845106",
,"Erigeron decumbens","Erigeron decumbens Nutt.","7845106","EXACT","99","ACCEPTED","SPECIES","Plantae","Tracheophyta","Magnoliopsida","Asterales","Asteraceae","Erigeron","Erigeron decumbens","Erigeron decumbens","Nutt.","7845106",
,"Erigeron decumbens","Erigeron decumbens Nutt.","7845106","EXACT","99","ACCEPTED","SPECIES","Plantae","Tracheophyta","Magnoliopsida","Asterales","Asteraceae","Erigeron","Erigeron decumbens","Erigeron decumbens","Nutt.","7845106",
,"Erigeron decumbens","Erigeron decumbens Nutt.","7845106","EXACT","99","ACCEPTED","SPECIES","Plantae","Tracheophyta","Magnoliopsida","Asterales","Asteraceae","Erigeron","Erigeron decumbens","Erigeron decumbens","Nutt.","7845106",
,"Erigeron decumbens","Erigeron decumbens Nutt.","7845106","EXACT","99","ACCEPTED","SPECIES","Plantae","Tracheophyta","Magnoliopsida","Asterales","Asteraceae","Erigeron","Erigeron decumbens","Erigeron decumbens","Nutt.","7845106",
,"Erigeron decumbens","Erigeron decumbens Nutt.","7845106","EXACT","99","ACCEPTED","SPECIES","Plantae","Tracheophyta","Magnoliopsida","Asterales","Asteraceae","Erigeron","Erigeron decumbens","Erigeron decumbens","Nutt.","7845106",
,"Erigeron decumbens","Erigeron decumbens Nutt.","7845106","EXACT","99","ACCEPTED","SPECIES","Plantae","Tracheophyta","Magnoliopsida","Asterales","Asteraceae","Erigeron","Erigeron decumbens","Erigeron decumbens","Nutt.","7845106",
,"Erigeron decumbens","Erigeron decumbens Nutt.","7845106","EXACT","99","ACCEPTED","SPECIES","Plantae","Tracheophyta","Magnoliopsida","Asterales","Asteraceae","Erigeron","Erigeron decumbens","Erigeron decumbens","Nutt.","7845106",
,"Erigeron decumbens","Erigeron decumbens Nutt.","7845106","EXACT","99","ACCEPTED","SPECIES","Plantae","Tracheophyta","Magnoliopsida","Asterales","Asteraceae","Erigeron","Erigeron decumbens","Erigeron decumbens","Nutt.","7845106",
,"Erigeron decumbens","Erigeron decumbens Nutt.","7845106","EXACT","99","ACCEPTED","SPECIES","Plantae","Tracheophyta","Magnoliopsida","Asterales","Asteraceae","Erigeron","Erigeron decumbens","Erigeron decumbens","Nutt.","7845106",
,"Erigeron decumbens","Erigeron decumbens Nutt.","7845106","EXACT","99","ACCEPTED","SPECIES","Plantae","Tracheophyta","Magnoliopsida","Asterales","Asteraceae","Erigeron","Erigeron decumbens","Erigeron decumbens","Nutt.","7845106",
,"Erigeron decumbens","Erigeron decumbens Nutt.","7845106","EXACT","99","ACCEPTED","SPECIES","Plantae","Tracheophyta","Magnoliopsida","Asterales","Asteraceae","Erigeron","Erigeron decumbens","Erigeron decumbens","Nutt.","7845106",
,"Erigeron decumbens","Erigeron decumbens Nutt.","7845106","EXACT","99","ACCEPTED","SPECIES","Plantae","Tracheophyta","Magnoliopsida","Asterales","Asteraceae","Erigeron","Erigeron decumbens","Erigeron decumbens","Nutt.","7845106",
,"Erigeron decumbens","Erigeron decumbens Nutt.","7845106","EXACT","99","ACCEPTED","SPECIES","Plantae","Tracheophyta","Magnoliopsida","Asterales","Asteraceae","Erigeron","Erigeron decumbens","Erigeron decumbens","Nutt.","7845106",
,"Erigeron decumbens","Erigeron decumbens Nutt.","7845106","EXACT","99","ACCEPTED","SPECIES","Plantae","Tracheophyta","Magnoliopsida","Asterales","Asteraceae","Erigeron","Erigeron decumbens","Erigeron decumbens","Nutt.","7845106",
,"Erigeron decumbens","Erigeron decumbens Nutt.","7845106","EXACT","99","ACCEPTED","SPECIES","Plantae","Tracheophyta","Magnoliopsida","Asterales","Asteraceae","Erigeron","Erigeron decumbens","Erigeron decumbens","Nutt.","7845106",
,"Erigeron decumbens","Erigeron decumbens Nutt.","7845106","EXACT","99","ACCEPTED","SPECIES","Plantae","Tracheophyta","Magnoliopsida","Asterales","Asteraceae","Erigeron","Erigeron decumbens","Erigeron decumbens","Nutt.","7845106",
,"Erigeron decumbens","Erigeron decumbens Nutt.","7845106","EXACT","99","ACCEPTED","SPECIES","Plantae","Tracheophyta","Magnoliopsida","Asterales","Asteraceae","Erigeron","Erigeron decumbens","Erigeron decumbens","Nutt.","7845106",
,"Erigeron decumbens","Erigeron decumbens Nutt.","7845106","EXACT","99","ACCEPTED","SPECIES","Plantae","Tracheophyta","Magnoliopsida","Asterales","Asteraceae","Erigeron","Erigeron decumbens","Erigeron decumbens","Nutt.","7845106",
,"Erigeron decumbens","Erigeron decumbens Nutt.","7845106","EXACT","99","ACCEPTED","SPECIES","Plantae","Tracheophyta","Magnoliopsida","Asterales","Asteraceae","Erigeron","Erigeron decumbens","Erigeron decumbens","Nutt.","7845106",
,"Erigeron decumbens","Erigeron decumbens Nutt.","7845106","EXACT","99","ACCEPTED","SPECIES","Plantae","Tracheophyta","Magnoliopsida","Asterales","Asteraceae","Erigeron","Erigeron decumbens","Erigeron decumbens","Nutt.","7845106",
,"Erigeron decumbens","Erigeron decumbens Nutt.","7845106","EXACT","99","ACCEPTED","SPECIES","Plantae","Tracheophyta","Magnoliopsida","Asterales","Asteraceae","Erigeron","Erigeron decumbens","Erigeron decumbens","Nutt.","7845106",
,"Erigeron decumbens","Erigeron decumbens Nutt.","7845106","EXACT","99","ACCEPTED","SPECIES","Plantae","Tracheophyta","Magnoliopsida","Asterales","Asteraceae","Erigeron","Erigeron decumbens","Erigeron decumbens","Nutt.","7845106",
,"Erigeron decumbens","Erigeron decumbens Nutt.","7845106","EXACT","99","ACCEPTED","SPECIES","Plantae","Tracheophyta","Magnoliopsida","Asterales","Asteraceae","Erigeron","Erigeron decumbens","Erigeron decumbens","Nutt.","7845106",
,"Erigeron decumbens","Erigeron decumbens Nutt.","7845106","EXACT","99","ACCEPTED","SPECIES","Plantae","Tracheophyta","Magnoliopsida","Asterales","Asteraceae","Erigeron","Erigeron decumbens","Erigeron decumbens","Nutt.","7845106",
,"Erigeron decumbens","Erigeron decumbens Nutt.","7845106","EXACT","99","ACCEPTED","SPECIES","Plantae","Tracheophyta","Magnoliopsida","Asterales","Asteraceae","Erigeron","Erigeron decumbens","Erigeron decumbens","Nutt.","7845106",
,"Erigeron decumbens","Erigeron decumbens Nutt.","7845106","EXACT","99","ACCEPTED","SPECIES","Plantae","Tracheophyta","Magnoliopsida","Asterales","Asteraceae","Erigeron","Erigeron decumbens","Erigeron decumbens","Nutt.","7845106",
,"Erigeron decumbens","Erigeron decumbens Nutt.","7845106","EXACT","99","ACCEPTED","SPECIES","Plantae","Tracheophyta","Magnoliopsida","Asterales","Asteraceae","Erigeron","Erigeron decumbens","Erigeron decumbens","Nutt.","7845106",
,"Erigeron decumbens","Erigeron decumbens Nutt.","7845106","EXACT","99","ACCEPTED","SPECIES","Plantae","Tracheophyta","Magnoliopsida","Asterales","Asteraceae","Erigeron","Erigeron decumbens","Erigeron decumbens","Nutt.","7845106",
,"Erigeron decumbens","Erigeron decumbens Nutt.","7845106","EXACT","99","ACCEPTED","SPECIES","Plantae","Tracheophyta","Magnoliopsida","Asterales","Asteraceae","Erigeron","Erigeron decumbens","Erigeron decumbens","Nutt.","7845106",
,"Erigeron decumbens","Erigeron decumbens Nutt.","7845106","EXACT","99","ACCEPTED","SPECIES","Plantae","Tracheophyta","Magnoliopsida","Asterales","Asteraceae","Erigeron","Erigeron decumbens","Erigeron decumbens","Nutt.","7845106",
,"Erigeron decumbens","Erigeron decumbens Nutt.","7845106","EXACT","99","ACCEPTED","SPECIES","Plantae","Tracheophyta","Magnoliopsida","Asterales","Asteraceae","Erigeron","Erigeron decumbens","Erigeron decumbens","Nutt.","7845106",
,"Erigeron decumbens","Erigeron decumbens Nutt.","7845106","EXACT","99","ACCEPTED","SPECIES","Plantae","Tracheophyta","Magnoliopsida","Asterales","Asteraceae","Erigeron","Erigeron decumbens","Erigeron decumbens","Nutt.","7845106",
,"Erigeron decumbens","Erigeron decumbens Nutt.","7845106","EXACT","99","ACCEPTED","SPECIES","Plantae","Tracheophyta","Magnoliopsida","Asterales","Asteraceae","Erigeron","Erigeron decumbens","Erigeron decumbens","Nutt.","7845106",
,"Erigeron decumbens","Erigeron decumbens Nutt.","7845106","EXACT","99","ACCEPTED","SPECIES","Plantae","Tracheophyta","Magnoliopsida","Asterales","Asteraceae","Erigeron","Erigeron decumbens","Erigeron decumbens","Nutt.","7845106",
,"Erigeron decumbens","Erigeron decumbens Nutt.","7845106","EXACT","99","ACCEPTED","SPECIES","Plantae","Tracheophyta","Magnoliopsida","Asterales","Asteraceae","Erigeron","Erigeron decumbens","Erigeron decumbens","Nutt.","7845106",
,"Erigeron decumbens","Erigeron decumbens Nutt.","7845106","EXACT","99","ACCEPTED","SPECIES","Plantae","Tracheophyta","Magnoliopsida","Asterales","Asteraceae","Erigeron","Erigeron decumbens","Erigeron decumbens","Nutt.","7845106",
,"Erigeron decumbens","Erigeron decumbens Nutt.","7845106","EXACT","99","ACCEPTED","SPECIES","Plantae","Tracheophyta","Magnoliopsida","Asterales","Asteraceae","Erigeron","Erigeron decumbens","Erigeron decumbens","Nutt.","7845106",
,"Leucanthemum vulgare","Leucanthemum vulgare Lam.","8848598","EXACT","100","ACCEPTED","SPECIES","Plantae","Tracheophyta","Magnoliopsida","Asterales","Asteraceae","Leucanthemum","Leucanthemum vulgare","Leucanthemum vulgare","Lam.","8848598",
,"Leucanthemum vulgare","Leucanthemum vulgare Lam.","8848598","EXACT","100","ACCEPTED","SPECIES","Plantae","Tracheophyta","Magnoliopsida","Asterales","Asteraceae","Leucanthemum","Leucanthemum vulgare","Leucanthemum vulgare","Lam.","8848598",
,"Leucanthemum vulgare","Leucanthemum vulgare Lam.","8848598","EXACT","100","ACCEPTED","SPECIES","Plantae","Tracheophyta","Magnoliopsida","Asterales","Asteraceae","Leucanthemum","Leucanthemum vulgare","Leucanthemum vulgare","Lam.","8848598",
,"Leucanthemum vulgare","Leucanthemum vulgare Lam.","8848598","EXACT","100","ACCEPTED","SPECIES","Plantae","Tracheophyta","Magnoliopsida","Asterales","Asteraceae","Leucanthemum","Leucanthemum vulgare","Leucanthemum vulgare","Lam.","8848598",
,"Lotus corniculatus","Lotus corniculatus L.","5357013","EXACT","100","ACCEPTED","SPECIES","Plantae","Tracheophyta","Magnoliopsida","Fabales","Fabaceae","Lotus","Lotus corniculatus","Lotus corniculatus","L.","5357013",
,"Centaurium erythraea","Centaurium erythraea Rafn","5414457","EXACT","99","ACCEPTED","SPECIES","Plantae","Tracheophyta","Magnoliopsida","Gentianales","Gentianaceae","Centaurium","Centaurium erythraea","Centaurium erythraea","Rafn","5414457",
,"Centaurium erythraea","Centaurium erythraea Rafn","5414457","EXACT","99","ACCEPTED","SPECIES","Plantae","Tracheophyta","Magnoliopsida","Gentianales","Gentianaceae","Centaurium","Centaurium erythraea","Centaurium erythraea","Rafn","5414457",
,"Centaurium erythraea","Centaurium erythraea Rafn","5414457","EXACT","99","ACCEPTED","SPECIES","Plantae","Tracheophyta","Magnoliopsida","Gentianales","Gentianaceae","Centaurium","Centaurium erythraea","Centaurium erythraea","Rafn","5414457",
,"Crepis setosa","Crepis setosa Haller fil.","4245384","EXACT","100","ACCEPTED","SPECIES","Plantae","Tracheophyta","Magnoliopsida","Asterales","Asteraceae","Crepis","Crepis setosa","Crepis setosa","Haller fil.","4245384",
,"Crepis setosa","Crepis setosa Haller fil.","4245384","EXACT","100","ACCEPTED","SPECIES","Plantae","Tracheophyta","Magnoliopsida","Asterales","Asteraceae","Crepis","Crepis setosa","Crepis setosa","Haller fil.","4245384",
,"Crepis setosa","Crepis setosa Haller fil.","4245384","EXACT","100","ACCEPTED","SPECIES","Plantae","Tracheophyta","Magnoliopsida","Asterales","Asteraceae","Crepis","Crepis setosa","Crepis setosa","Haller fil.","4245384",
,"Crepis setosa","Crepis setosa Haller fil.","4245384","EXACT","100","ACCEPTED","SPECIES","Plantae","Tracheophyta","Magnoliopsida","Asterales","Asteraceae","Crepis","Crepis setosa","Crepis setosa","Haller fil.","4245384",
,"Crepis setosa","Crepis setosa Haller fil.","4245384","EXACT","100","ACCEPTED","SPECIES","Plantae","Tracheophyta","Magnoliopsida","Asterales","Asteraceae","Crepis","Crepis setosa","Crepis setosa","Haller fil.","4245384",
,"Lupinus oreganus","Lupinus oreganus A.Heller","2963785","EXACT","100","ACCEPTED","SPECIES","Plantae","Tracheophyta","Magnoliopsida","Fabales","Fabaceae","Lupinus","Lupinus oreganus","Lupinus oreganus","A.Heller","2963785",
,"Spiraea douglasii","Spiraea douglasii Hook.","3027159","EXACT","100","ACCEPTED","SPECIES","Plantae","Tracheophyta","Magnoliopsida","Rosales","Rosaceae","Spiraea","Spiraea douglasii","Spiraea douglasii","Hook.","3027159",
,"Eriophyllum lanatum","Eriophyllum lanatum (Pursh) Forbes","3130472","EXACT","100","ACCEPTED","SPECIES","Plantae","Tracheophyta","Magnoliopsida","Asterales","Asteraceae","Eriophyllum","Eriophyllum lanatum","Eriophyllum lanatum","(Pursh) Forbes","3130472",
,"Eriophyllum lanatum","Eriophyllum lanatum (Pursh) Forbes","3130472","EXACT","100","ACCEPTED","SPECIES","Plantae","Tracheophyta","Magnoliopsida","Asterales","Asteraceae","Eriophyllum","Eriophyllum lanatum","Eriophyllum lanatum","(Pursh) Forbes","3130472",
,"Eriophyllum lanatum","Eriophyllum lanatum (Pursh) Forbes","3130472","EXACT","100","ACCEPTED","SPECIES","Plantae","Tracheophyta","Magnoliopsida","Asterales","Asteraceae","Eriophyllum","Eriophyllum lanatum","Eriophyllum lanatum","(Pursh) Forbes","3130472",
,"Eriophyllum lanatum","Eriophyllum lanatum (Pursh) Forbes","3130472","EXACT","100","ACCEPTED","SPECIES","Plantae","Tracheophyta","Magnoliopsida","Asterales","Asteraceae","Eriophyllum","Eriophyllum lanatum","Eriophyllum lanatum","(Pursh) Forbes","3130472",
,"Potentilla gracilis","Potentilla gracilis Douglas ex Hook.","5365416","EXACT","99","ACCEPTED","SPECIES","Plantae","Tracheophyta","Magnoliopsida","Rosales","Rosaceae","Potentilla","Potentilla gracilis","Potentilla gracilis","Douglas ex Hook.","5365416",
,"Rubus armeniacus","Rubus armeniacus Focke","2996525","EXACT","100","ACCEPTED","SPECIES","Plantae","Tracheophyta","Magnoliopsida","Rosales","Rosaceae","Rubus","Rubus armeniacus","Rubus armeniacus","Focke","2996525",
,"Acmispon americanus","Acmispon americanus (Nutt.) Rydb.","2975816","EXACT","100","ACCEPTED","SPECIES","Plantae","Tracheophyta","Magnoliopsida","Fabales","Fabaceae","Acmispon","Acmispon americanus","Acmispon americanus","(Nutt.) Rydb.","2975816",
,"Prunella vulgaris","Prunella vulgaris L.","5341297","EXACT","99","ACCEPTED","SPECIES","Plantae","Tracheophyta","Magnoliopsida","Lamiales","Lamiaceae","Prunella","Prunella vulgaris","Prunella vulgaris","L.","5341297",
,"Parentucellia viscosa","Parentucellia viscosa (L.) Caruel","3171818","EXACT","99","SYNONYM","SPECIES","Plantae","Tracheophyta","Magnoliopsida","Lamiales","Orobanchaceae","Bellardia","Bellardia viscosa","Parentucellia viscosa","(L.) Caruel","3171818","7733140"
,"Rubus armeniacus","Rubus armeniacus Focke","2996525","EXACT","100","ACCEPTED","SPECIES","Plantae","Tracheophyta","Magnoliopsida","Rosales","Rosaceae","Rubus","Rubus armeniacus","Rubus armeniacus","Focke","2996525",
,"Prunella vulgaris","Prunella vulgaris L.","5341297","EXACT","99","ACCEPTED","SPECIES","Plantae","Tracheophyta","Magnoliopsida","Lamiales","Lamiaceae","Prunella","Prunella vulgaris","Prunella vulgaris","L.","5341297",
,"Parentucellia viscosa","Parentucellia viscosa (L.) Caruel","3171818","EXACT","99","SYNONYM","SPECIES","Plantae","Tracheophyta","Magnoliopsida","Lamiales","Orobanchaceae","Bellardia","Bellardia viscosa","Parentucellia viscosa","(L.) Caruel","3171818","7733140"
,"Eriophyllum lanatum","Eriophyllum lanatum (Pursh) Forbes","3130472","EXACT","100","ACCEPTED","SPECIES","Plantae","Tracheophyta","Magnoliopsida","Asterales","Asteraceae","Eriophyllum","Eriophyllum lanatum","Eriophyllum lanatum","(Pursh) Forbes","3130472",
,"Eriophyllum lanatum","Eriophyllum lanatum (Pursh) Forbes","3130472","EXACT","100","ACCEPTED","SPECIES","Plantae","Tracheophyta","Magnoliopsida","Asterales","Asteraceae","Eriophyllum","Eriophyllum lanatum","Eriophyllum lanatum","(Pursh) Forbes","3130472",
,"Eriophyllum lanatum","Eriophyllum lanatum (Pursh) Forbes","3130472","EXACT","100","ACCEPTED","SPECIES","Plantae","Tracheophyta","Magnoliopsida","Asterales","Asteraceae","Eriophyllum","Eriophyllum lanatum","Eriophyllum lanatum","(Pursh) Forbes","3130472",
,"Eriophyllum lanatum","Eriophyllum lanatum (Pursh) Forbes","3130472","EXACT","100","ACCEPTED","SPECIES","Plantae","Tracheophyta","Magnoliopsida","Asterales","Asteraceae","Eriophyllum","Eriophyllum lanatum","Eriophyllum lanatum","(Pursh) Forbes","3130472",
,"Eriophyllum lanatum","Eriophyllum lanatum (Pursh) Forbes","3130472","EXACT","100","ACCEPTED","SPECIES","Plantae","Tracheophyta","Magnoliopsida","Asterales","Asteraceae","Eriophyllum","Eriophyllum lanatum","Eriophyllum lanatum","(Pursh) Forbes","3130472",
,"Eriophyllum lanatum","Eriophyllum lanatum (Pursh) Forbes","3130472","EXACT","100","ACCEPTED","SPECIES","Plantae","Tracheophyta","Magnoliopsida","Asterales","Asteraceae","Eriophyllum","Eriophyllum lanatum","Eriophyllum lanatum","(Pursh) Forbes","3130472",
,"Eriophyllum lanatum","Eriophyllum lanatum (Pursh) Forbes","3130472","EXACT","100","ACCEPTED","SPECIES","Plantae","Tracheophyta","Magnoliopsida","Asterales","Asteraceae","Eriophyllum","Eriophyllum lanatum","Eriophyllum lanatum","(Pursh) Forbes","3130472",
,"Leucanthemum vulgare","Leucanthemum vulgare Lam.","8848598","EXACT","100","ACCEPTED","SPECIES","Plantae","Tracheophyta","Magnoliopsida","Asterales","Asteraceae","Leucanthemum","Leucanthemum vulgare","Leucanthemum vulgare","Lam.","8848598",
,"Leucanthemum vulgare","Leucanthemum vulgare Lam.","8848598","EXACT","100","ACCEPTED","SPECIES","Plantae","Tracheophyta","Magnoliopsida","Asterales","Asteraceae","Leucanthemum","Leucanthemum vulgare","Leucanthemum vulgare","Lam.","8848598",
,"Leucanthemum vulgare","Leucanthemum vulgare Lam.","8848598","EXACT","100","ACCEPTED","SPECIES","Plantae","Tracheophyta","Magnoliopsida","Asterales","Asteraceae","Leucanthemum","Leucanthemum vulgare","Leucanthemum vulgare","Lam.","8848598",
,"Leucanthemum vulgare","Leucanthemum vulgare Lam.","8848598","EXACT","100","ACCEPTED","SPECIES","Plantae","Tracheophyta","Magnoliopsida","Asterales","Asteraceae","Leucanthemum","Leucanthemum vulgare","Leucanthemum vulgare","Lam.","8848598",
,"Leucanthemum vulgare","Leucanthemum vulgare Lam.","8848598","EXACT","100","ACCEPTED","SPECIES","Plantae","Tracheophyta","Magnoliopsida","Asterales","Asteraceae","Leucanthemum","Leucanthemum vulgare","Leucanthemum vulgare","Lam.","8848598",
,"Leucanthemum vulgare","Leucanthemum vulgare Lam.","8848598","EXACT","100","ACCEPTED","SPECIES","Plantae","Tracheophyta","Magnoliopsida","Asterales","Asteraceae","Leucanthemum","Leucanthemum vulgare","Leucanthemum vulgare","Lam.","8848598",
,"Crepis capillaris","Crepis capillaris (L.) Wallr.","5403304","EXACT","100","ACCEPTED","SPECIES","Plantae","Tracheophyta","Magnoliopsida","Asterales","Asteraceae","Crepis","Crepis capillaris","Crepis capillaris","(L.) Wallr.","5403304",
,"Crepis capillaris","Crepis capillaris (L.) Wallr.","5403304","EXACT","100","ACCEPTED","SPECIES","Plantae","Tracheophyta","Magnoliopsida","Asterales","Asteraceae","Crepis","Crepis capillaris","Crepis capillaris","(L.) Wallr.","5403304",
,"Crepis capillaris","Crepis capillaris (L.) Wallr.","5403304","EXACT","100","ACCEPTED","SPECIES","Plantae","Tracheophyta","Magnoliopsida","Asterales","Asteraceae","Crepis","Crepis capillaris","Crepis capillaris","(L.) Wallr.","5403304",
,"Crepis capillaris","Crepis capillaris (L.) Wallr.","5403304","EXACT","100","ACCEPTED","SPECIES","Plantae","Tracheophyta","Magnoliopsida","Asterales","Asteraceae","Crepis","Crepis capillaris","Crepis capillaris","(L.) Wallr.","5403304",
,"Crepis capillaris","Crepis capillaris (L.) Wallr.","5403304","EXACT","100","ACCEPTED","SPECIES","Plantae","Tracheophyta","Magnoliopsida","Asterales","Asteraceae","Crepis","Crepis capillaris","Crepis capillaris","(L.) Wallr.","5403304",
,"Crepis capillaris","Crepis capillaris (L.) Wallr.","5403304","EXACT","100","ACCEPTED","SPECIES","Plantae","Tracheophyta","Magnoliopsida","Asterales","Asteraceae","Crepis","Crepis capillaris","Crepis capillaris","(L.) Wallr.","5403304",
,"Spiraea douglasii","Spiraea douglasii Hook.","3027159","EXACT","100","ACCEPTED","SPECIES","Plantae","Tracheophyta","Magnoliopsida","Rosales","Rosaceae","Spiraea","Spiraea douglasii","Spiraea douglasii","Hook.","3027159",
,"Potentilla gracilis","Potentilla gracilis Douglas ex Hook.","5365416","EXACT","99","ACCEPTED","SPECIES","Plantae","Tracheophyta","Magnoliopsida","Rosales","Rosaceae","Potentilla","Potentilla gracilis","Potentilla gracilis","Douglas ex Hook.","5365416",
,"Potentilla gracilis","Potentilla gracilis Douglas ex Hook.","5365416","EXACT","99","ACCEPTED","SPECIES","Plantae","Tracheophyta","Magnoliopsida","Rosales","Rosaceae","Potentilla","Potentilla gracilis","Potentilla gracilis","Douglas ex Hook.","5365416",
,"Crepis capillaris","Crepis capillaris (L.) Wallr.","5403304","EXACT","100","ACCEPTED","SPECIES","Plantae","Tracheophyta","Magnoliopsida","Asterales","Asteraceae","Crepis","Crepis capillaris","Crepis capillaris","(L.) Wallr.","5403304",
,"Crepis capillaris","Crepis capillaris (L.) Wallr.","5403304","EXACT","100","ACCEPTED","SPECIES","Plantae","Tracheophyta","Magnoliopsida","Asterales","Asteraceae","Crepis","Crepis capillaris","Crepis capillaris","(L.) Wallr.","5403304",
,"Crepis capillaris","Crepis capillaris (L.) Wallr.","5403304","EXACT","100","ACCEPTED","SPECIES","Plantae","Tracheophyta","Magnoliopsida","Asterales","Asteraceae","Crepis","Crepis capillaris","Crepis capillaris","(L.) Wallr.","5403304",
,"Crepis setosa","Crepis setosa Haller fil.","4245384","EXACT","100","ACCEPTED","SPECIES","Plantae","Tracheophyta","Magnoliopsida","Asterales","Asteraceae","Crepis","Crepis setosa","Crepis setosa","Haller fil.","4245384",
,"Crepis setosa","Crepis setosa Haller fil.","4245384","EXACT","100","ACCEPTED","SPECIES","Plantae","Tracheophyta","Magnoliopsida","Asterales","Asteraceae","Crepis","Crepis setosa","Crepis setosa","Haller fil.","4245384",
,"Crepis setosa","Crepis setosa Haller fil.","4245384","EXACT","100","ACCEPTED","SPECIES","Plantae","Tracheophyta","Magnoliopsida","Asterales","Asteraceae","Crepis","Crepis setosa","Crepis setosa","Haller fil.","4245384",
,"Crepis setosa","Crepis setosa Haller fil.","4245384","EXACT","100","ACCEPTED","SPECIES","Plantae","Tracheophyta","Magnoliopsida","Asterales","Asteraceae","Crepis","Crepis setosa","Crepis setosa","Haller fil.","4245384",
,"Erigeron decumbens","Erigeron decumbens Nutt.","7845106","EXACT","99","ACCEPTED","SPECIES","Plantae","Tracheophyta","Magnoliopsida","Asterales","Asteraceae","Erigeron","Erigeron decumbens","Erigeron decumbens","Nutt.","7845106",
,"Erigeron decumbens","Erigeron decumbens Nutt.","7845106","EXACT","99","ACCEPTED","SPECIES","Plantae","Tracheophyta","Magnoliopsida","Asterales","Asteraceae","Erigeron","Erigeron decumbens","Erigeron decumbens","Nutt.","7845106",
,"Erigeron decumbens","Erigeron decumbens Nutt.","7845106","EXACT","99","ACCEPTED","SPECIES","Plantae","Tracheophyta","Magnoliopsida","Asterales","Asteraceae","Erigeron","Erigeron decumbens","Erigeron decumbens","Nutt.","7845106",
,"Erigeron decumbens","Erigeron decumbens Nutt.","7845106","EXACT","99","ACCEPTED","SPECIES","Plantae","Tracheophyta","Magnoliopsida","Asterales","Asteraceae","Erigeron","Erigeron decumbens","Erigeron decumbens","Nutt.","7845106",
,"Lupinus oreganus","Lupinus oreganus A.Heller","2963785","EXACT","100","ACCEPTED","SPECIES","Plantae","Tracheophyta","Magnoliopsida","Fabales","Fabaceae","Lupinus","Lupinus oreganus","Lupinus oreganus","A.Heller","2963785",
,"Lupinus oreganus","Lupinus oreganus A.Heller","2963785","EXACT","100","ACCEPTED","SPECIES","Plantae","Tracheophyta","Magnoliopsida","Fabales","Fabaceae","Lupinus","Lupinus oreganus","Lupinus oreganus","A.Heller","2963785",
,"Lupinus oreganus","Lupinus oreganus A.Heller","2963785","EXACT","100","ACCEPTED","SPECIES","Plantae","Tracheophyta","Magnoliopsida","Fabales","Fabaceae","Lupinus","Lupinus oreganus","Lupinus oreganus","A.Heller","2963785",
,"Centaurium erythraea","Centaurium erythraea Rafn","5414457","EXACT","99","ACCEPTED","SPECIES","Plantae","Tracheophyta","Magnoliopsida","Gentianales","Gentianaceae","Centaurium","Centaurium erythraea","Centaurium erythraea","Rafn","5414457",
,"Centaurium erythraea","Centaurium erythraea Rafn","5414457","EXACT","99","ACCEPTED","SPECIES","Plantae","Tracheophyta","Magnoliopsida","Gentianales","Gentianaceae","Centaurium","Centaurium erythraea","Centaurium erythraea","Rafn","5414457",
,"Centaurium erythraea","Centaurium erythraea Rafn","5414457","EXACT","99","ACCEPTED","SPECIES","Plantae","Tracheophyta","Magnoliopsida","Gentianales","Gentianaceae","Centaurium","Centaurium erythraea","Centaurium erythraea","Rafn","5414457",
,"Centaurium erythraea","Centaurium erythraea Rafn","5414457","EXACT","99","ACCEPTED","SPECIES","Plantae","Tracheophyta","Magnoliopsida","Gentianales","Gentianaceae","Centaurium","Centaurium erythraea","Centaurium erythraea","Rafn","5414457",
,"Centaurium erythraea","Centaurium erythraea Rafn","5414457","EXACT","99","ACCEPTED","SPECIES","Plantae","Tracheophyta","Magnoliopsida","Gentianales","Gentianaceae","Centaurium","Centaurium erythraea","Centaurium erythraea","Rafn","5414457",
,"Erigeron decumbens","Erigeron decumbens Nutt.","7845106","EXACT","99","ACCEPTED","SPECIES","Plantae","Tracheophyta","Magnoliopsida","Asterales","Asteraceae","Erigeron","Erigeron decumbens","Erigeron decumbens","Nutt.","7845106",
,"Erigeron decumbens","Erigeron decumbens Nutt.","7845106","EXACT","99","ACCEPTED","SPECIES","Plantae","Tracheophyta","Magnoliopsida","Asterales","Asteraceae","Erigeron","Erigeron decumbens","Erigeron decumbens","Nutt.","7845106",
,"Erigeron decumbens","Erigeron decumbens Nutt.","7845106","EXACT","99","ACCEPTED","SPECIES","Plantae","Tracheophyta","Magnoliopsida","Asterales","Asteraceae","Erigeron","Erigeron decumbens","Erigeron decumbens","Nutt.","7845106",
,"Erigeron decumbens","Erigeron decumbens Nutt.","7845106","EXACT","99","ACCEPTED","SPECIES","Plantae","Tracheophyta","Magnoliopsida","Asterales","Asteraceae","Erigeron","Erigeron decumbens","Erigeron decumbens","Nutt.","7845106",
,"Erigeron decumbens","Erigeron decumbens Nutt.","7845106","EXACT","99","ACCEPTED","SPECIES","Plantae","Tracheophyta","Magnoliopsida","Asterales","Asteraceae","Erigeron","Erigeron decumbens","Erigeron decumbens","Nutt.","7845106",
,"Erigeron decumbens","Erigeron decumbens Nutt.","7845106","EXACT","99","ACCEPTED","SPECIES","Plantae","Tracheophyta","Magnoliopsida","Asterales","Asteraceae","Erigeron","Erigeron decumbens","Erigeron decumbens","Nutt.","7845106",
,"Erigeron decumbens","Erigeron decumbens Nutt.","7845106","EXACT","99","ACCEPTED","SPECIES","Plantae","Tracheophyta","Magnoliopsida","Asterales","Asteraceae","Erigeron","Erigeron decumbens","Erigeron decumbens","Nutt.","7845106",
,"Erigeron decumbens","Erigeron decumbens Nutt.","7845106","EXACT","99","ACCEPTED","SPECIES","Plantae","Tracheophyta","Magnoliopsida","Asterales","Asteraceae","Erigeron","Erigeron decumbens","Erigeron decumbens","Nutt.","7845106",
,"Erigeron decumbens","Erigeron decumbens Nutt.","7845106","EXACT","99","ACCEPTED","SPECIES","Plantae","Tracheophyta","Magnoliopsida","Asterales","Asteraceae","Erigeron","Erigeron decumbens","Erigeron decumbens","Nutt.","7845106",
,"Erigeron decumbens","Erigeron decumbens Nutt.","7845106","EXACT","99","ACCEPTED","SPECIES","Plantae","Tracheophyta","Magnoliopsida","Asterales","Asteraceae","Erigeron","Erigeron decumbens","Erigeron decumbens","Nutt.","7845106",
,"Erigeron decumbens","Erigeron decumbens Nutt.","7845106","EXACT","99","ACCEPTED","SPECIES","Plantae","Tracheophyta","Magnoliopsida","Asterales","Asteraceae","Erigeron","Erigeron decumbens","Erigeron decumbens","Nutt.","7845106",
,"Erigeron decumbens","Erigeron decumbens Nutt.","7845106","EXACT","99","ACCEPTED","SPECIES","Plantae","Tracheophyta","Magnoliopsida","Asterales","Asteraceae","Erigeron","Erigeron decumbens","Erigeron decumbens","Nutt.","7845106",
,"Erigeron decumbens","Erigeron decumbens Nutt.","7845106","EXACT","99","ACCEPTED","SPECIES","Plantae","Tracheophyta","Magnoliopsida","Asterales","Asteraceae","Erigeron","Erigeron decumbens","Erigeron decumbens","Nutt.","7845106",
,"Erigeron decumbens","Erigeron decumbens Nutt.","7845106","EXACT","99","ACCEPTED","SPECIES","Plantae","Tracheophyta","Magnoliopsida","Asterales","Asteraceae","Erigeron","Erigeron decumbens","Erigeron decumbens","Nutt.","7845106",
,"Erigeron decumbens","Erigeron decumbens Nutt.","7845106","EXACT","99","ACCEPTED","SPECIES","Plantae","Tracheophyta","Magnoliopsida","Asterales","Asteraceae","Erigeron","Erigeron decumbens","Erigeron decumbens","Nutt.","7845106",
,"Erigeron decumbens","Erigeron decumbens Nutt.","7845106","EXACT","99","ACCEPTED","SPECIES","Plantae","Tracheophyta","Magnoliopsida","Asterales","Asteraceae","Erigeron","Erigeron decumbens","Erigeron decumbens","Nutt.","7845106",
,"Erigeron decumbens","Erigeron decumbens Nutt.","7845106","EXACT","99","ACCEPTED","SPECIES","Plantae","Tracheophyta","Magnoliopsida","Asterales","Asteraceae","Erigeron","Erigeron decumbens","Erigeron decumbens","Nutt.","7845106",
,"Erigeron decumbens","Erigeron decumbens Nutt.","7845106","EXACT","99","ACCEPTED","SPECIES","Plantae","Tracheophyta","Magnoliopsida","Asterales","Asteraceae","Erigeron","Erigeron decumbens","Erigeron decumbens","Nutt.","7845106",
,"Erigeron decumbens","Erigeron decumbens Nutt.","7845106","EXACT","99","ACCEPTED","SPECIES","Plantae","Tracheophyta","Magnoliopsida","Asterales","Asteraceae","Erigeron","Erigeron decumbens","Erigeron decumbens","Nutt.","7845106",
,"Erigeron decumbens","Erigeron decumbens Nutt.","7845106","EXACT","99","ACCEPTED","SPECIES","Plantae","Tracheophyta","Magnoliopsida","Asterales","Asteraceae","Erigeron","Erigeron decumbens","Erigeron decumbens","Nutt.","7845106",
,"Erigeron decumbens","Erigeron decumbens Nutt.","7845106","EXACT","99","ACCEPTED","SPECIES","Plantae","Tracheophyta","Magnoliopsida","Asterales","Asteraceae","Erigeron","Erigeron decumbens","Erigeron decumbens","Nutt.","7845106",
,"Erigeron decumbens","Erigeron decumbens Nutt.","7845106","EXACT","99","ACCEPTED","SPECIES","Plantae","Tracheophyta","Magnoliopsida","Asterales","Asteraceae","Erigeron","Erigeron decumbens","Erigeron decumbens","Nutt.","7845106",
,"Erigeron decumbens","Erigeron decumbens Nutt.","7845106","EXACT","99","ACCEPTED","SPECIES","Plantae","Tracheophyta","Magnoliopsida","Asterales","Asteraceae","Erigeron","Erigeron decumbens","Erigeron decumbens","Nutt.","7845106",
,"Erigeron decumbens","Erigeron decumbens Nutt.","7845106","EXACT","99","ACCEPTED","SPECIES","Plantae","Tracheophyta","Magnoliopsida","Asterales","Asteraceae","Erigeron","Erigeron decumbens","Erigeron decumbens","Nutt.","7845106",
,"Erigeron decumbens","Erigeron decumbens Nutt.","7845106","EXACT","99","ACCEPTED","SPECIES","Plantae","Tracheophyta","Magnoliopsida","Asterales","Asteraceae","Erigeron","Erigeron decumbens","Erigeron decumbens","Nutt.","7845106",
,"Erigeron decumbens","Erigeron decumbens Nutt.","7845106","EXACT","99","ACCEPTED","SPECIES","Plantae","Tracheophyta","Magnoliopsida","Asterales","Asteraceae","Erigeron","Erigeron decumbens","Erigeron decumbens","Nutt.","7845106",
,"Erigeron decumbens","Erigeron decumbens Nutt.","7845106","EXACT","99","ACCEPTED","SPECIES","Plantae","Tracheophyta","Magnoliopsida","Asterales","Asteraceae","Erigeron","Erigeron decumbens","Erigeron decumbens","Nutt.","7845106",
,"Erigeron decumbens","Erigeron decumbens Nutt.","7845106","EXACT","99","ACCEPTED","SPECIES","Plantae","Tracheophyta","Magnoliopsida","Asterales","Asteraceae","Erigeron","Erigeron decumbens","Erigeron decumbens","Nutt.","7845106",
,"Erigeron decumbens","Erigeron decumbens Nutt.","7845106","EXACT","99","ACCEPTED","SPECIES","Plantae","Tracheophyta","Magnoliopsida","Asterales","Asteraceae","Erigeron","Erigeron decumbens","Erigeron decumbens","Nutt.","7845106",
,"Erigeron decumbens","Erigeron decumbens Nutt.","7845106","EXACT","99","ACCEPTED","SPECIES","Plantae","Tracheophyta","Magnoliopsida","Asterales","Asteraceae","Erigeron","Erigeron decumbens","Erigeron decumbens","Nutt.","7845106",
,"Erigeron decumbens","Erigeron decumbens Nutt.","7845106","EXACT","99","ACCEPTED","SPECIES","Plantae","Tracheophyta","Magnoliopsida","Asterales","Asteraceae","Erigeron","Erigeron decumbens","Erigeron decumbens","Nutt.","7845106",
,"Erigeron decumbens","Erigeron decumbens Nutt.","7845106","EXACT","99","ACCEPTED","SPECIES","Plantae","Tracheophyta","Magnoliopsida","Asterales","Asteraceae","Erigeron","Erigeron decumbens","Erigeron decumbens","Nutt.","7845106",
,"Erigeron decumbens","Erigeron decumbens Nutt.","7845106","EXACT","99","ACCEPTED","SPECIES","Plantae","Tracheophyta","Magnoliopsida","Asterales","Asteraceae","Erigeron","Erigeron decumbens","Erigeron decumbens","Nutt.","7845106",
,"Erigeron decumbens","Erigeron decumbens Nutt.","7845106","EXACT","99","ACCEPTED","SPECIES","Plantae","Tracheophyta","Magnoliopsida","Asterales","Asteraceae","Erigeron","Erigeron decumbens","Erigeron decumbens","Nutt.","7845106",
,"Erigeron decumbens","Erigeron decumbens Nutt.","7845106","EXACT","99","ACCEPTED","SPECIES","Plantae","Tracheophyta","Magnoliopsida","Asterales","Asteraceae","Erigeron","Erigeron decumbens","Erigeron decumbens","Nutt.","7845106",
,"Erigeron decumbens","Erigeron decumbens Nutt.","7845106","EXACT","99","ACCEPTED","SPECIES","Plantae","Tracheophyta","Magnoliopsida","Asterales","Asteraceae","Erigeron","Erigeron decumbens","Erigeron decumbens","Nutt.","7845106",
,"Erigeron decumbens","Erigeron decumbens Nutt.","7845106","EXACT","99","ACCEPTED","SPECIES","Plantae","Tracheophyta","Magnoliopsida","Asterales","Asteraceae","Erigeron","Erigeron decumbens","Erigeron decumbens","Nutt.","7845106",
,"Erigeron decumbens","Erigeron decumbens Nutt.","7845106","EXACT","99","ACCEPTED","SPECIES","Plantae","Tracheophyta","Magnoliopsida","Asterales","Asteraceae","Erigeron","Erigeron decumbens","Erigeron decumbens","Nutt.","7845106",
,"Erigeron decumbens","Erigeron decumbens Nutt.","7845106","EXACT","99","ACCEPTED","SPECIES","Plantae","Tracheophyta","Magnoliopsida","Asterales","Asteraceae","Erigeron","Erigeron decumbens","Erigeron decumbens","Nutt.","7845106",
,"Erigeron decumbens","Erigeron decumbens Nutt.","7845106","EXACT","99","ACCEPTED","SPECIES","Plantae","Tracheophyta","Magnoliopsida","Asterales","Asteraceae","Erigeron","Erigeron decumbens","Erigeron decumbens","Nutt.","7845106",
,"Erigeron decumbens","Erigeron decumbens Nutt.","7845106","EXACT","99","ACCEPTED","SPECIES","Plantae","Tracheophyta","Magnoliopsida","Asterales","Asteraceae","Erigeron","Erigeron decumbens","Erigeron decumbens","Nutt.","7845106",
,"Erigeron decumbens","Erigeron decumbens Nutt.","7845106","EXACT","99","ACCEPTED","SPECIES","Plantae","Tracheophyta","Magnoliopsida","Asterales","Asteraceae","Erigeron","Erigeron decumbens","Erigeron decumbens","Nutt.","7845106",
,"Erigeron decumbens","Erigeron decumbens Nutt.","7845106","EXACT","99","ACCEPTED","SPECIES","Plantae","Tracheophyta","Magnoliopsida","Asterales","Asteraceae","Erigeron","Erigeron decumbens","Erigeron decumbens","Nutt.","7845106",
,"Erigeron decumbens","Erigeron decumbens Nutt.","7845106","EXACT","99","ACCEPTED","SPECIES","Plantae","Tracheophyta","Magnoliopsida","Asterales","Asteraceae","Erigeron","Erigeron decumbens","Erigeron decumbens","Nutt.","7845106",
,"Erigeron decumbens","Erigeron decumbens Nutt.","7845106","EXACT","99","ACCEPTED","SPECIES","Plantae","Tracheophyta","Magnoliopsida","Asterales","Asteraceae","Erigeron","Erigeron decumbens","Erigeron decumbens","Nutt.","7845106",
,"Erigeron decumbens","Erigeron decumbens Nutt.","7845106","EXACT","99","ACCEPTED","SPECIES","Plantae","Tracheophyta","Magnoliopsida","Asterales","Asteraceae","Erigeron","Erigeron decumbens","Erigeron decumbens","Nutt.","7845106",
,"Erigeron decumbens","Erigeron decumbens Nutt.","7845106","EXACT","99","ACCEPTED","SPECIES","Plantae","Tracheophyta","Magnoliopsida","Asterales","Asteraceae","Erigeron","Erigeron decumbens","Erigeron decumbens","Nutt.","7845106",
,"Erigeron decumbens","Erigeron decumbens Nutt.","7845106","EXACT","99","ACCEPTED","SPECIES","Plantae","Tracheophyta","Magnoliopsida","Asterales","Asteraceae","Erigeron","Erigeron decumbens","Erigeron decumbens","Nutt.","7845106",
,"Erigeron decumbens","Erigeron decumbens Nutt.","7845106","EXACT","99","ACCEPTED","SPECIES","Plantae","Tracheophyta","Magnoliopsida","Asterales","Asteraceae","Erigeron","Erigeron decumbens","Erigeron decumbens","Nutt.","7845106",
,"Erigeron decumbens","Erigeron decumbens Nutt.","7845106","EXACT","99","ACCEPTED","SPECIES","Plantae","Tracheophyta","Magnoliopsida","Asterales","Asteraceae","Erigeron","Erigeron decumbens","Erigeron decumbens","Nutt.","7845106",
,"Erigeron decumbens","Erigeron decumbens Nutt.","7845106","EXACT","99","ACCEPTED","SPECIES","Plantae","Tracheophyta","Magnoliopsida","Asterales","Asteraceae","Erigeron","Erigeron decumbens","Erigeron decumbens","Nutt.","7845106",
,"Erigeron decumbens","Erigeron decumbens Nutt.","7845106","EXACT","99","ACCEPTED","SPECIES","Plantae","Tracheophyta","Magnoliopsida","Asterales","Asteraceae","Erigeron","Erigeron decumbens","Erigeron decumbens","Nutt.","7845106",
,"Erigeron decumbens","Erigeron decumbens Nutt.","7845106","EXACT","99","ACCEPTED","SPECIES","Plantae","Tracheophyta","Magnoliopsida","Asterales","Asteraceae","Erigeron","Erigeron decumbens","Erigeron decumbens","Nutt.","7845106",
,"Erigeron decumbens","Erigeron decumbens Nutt.","7845106","EXACT","99","ACCEPTED","SPECIES","Plantae","Tracheophyta","Magnoliopsida","Asterales","Asteraceae","Erigeron","Erigeron decumbens","Erigeron decumbens","Nutt.","7845106",
,"Erigeron decumbens","Erigeron decumbens Nutt.","7845106","EXACT","99","ACCEPTED","SPECIES","Plantae","Tracheophyta","Magnoliopsida","Asterales","Asteraceae","Erigeron","Erigeron decumbens","Erigeron decumbens","Nutt.","7845106",
,"Erigeron decumbens","Erigeron decumbens Nutt.","7845106","EXACT","99","ACCEPTED","SPECIES","Plantae","Tracheophyta","Magnoliopsida","Asterales","Asteraceae","Erigeron","Erigeron decumbens","Erigeron decumbens","Nutt.","7845106",
,"Erigeron decumbens","Erigeron decumbens Nutt.","7845106","EXACT","99","ACCEPTED","SPECIES","Plantae","Tracheophyta","Magnoliopsida","Asterales","Asteraceae","Erigeron","Erigeron decumbens","Erigeron decumbens","Nutt.","7845106",
,"Erigeron decumbens","Erigeron decumbens Nutt.","7845106","EXACT","99","ACCEPTED","SPECIES","Plantae","Tracheophyta","Magnoliopsida","Asterales","Asteraceae","Erigeron","Erigeron decumbens","Erigeron decumbens","Nutt.","7845106",
,"Erigeron decumbens","Erigeron decumbens Nutt.","7845106","EXACT","99","ACCEPTED","SPECIES","Plantae","Tracheophyta","Magnoliopsida","Asterales","Asteraceae","Erigeron","Erigeron decumbens","Erigeron decumbens","Nutt.","7845106",
,"Erigeron decumbens","Erigeron decumbens Nutt.","7845106","EXACT","99","ACCEPTED","SPECIES","Plantae","Tracheophyta","Magnoliopsida","Asterales","Asteraceae","Erigeron","Erigeron decumbens","Erigeron decumbens","Nutt.","7845106",
,"Erigeron decumbens","Erigeron decumbens Nutt.","7845106","EXACT","99","ACCEPTED","SPECIES","Plantae","Tracheophyta","Magnoliopsida","Asterales","Asteraceae","Erigeron","Erigeron decumbens","Erigeron decumbens","Nutt.","7845106",
,"Erigeron decumbens","Erigeron decumbens Nutt.","7845106","EXACT","99","ACCEPTED","SPECIES","Plantae","Tracheophyta","Magnoliopsida","Asterales","Asteraceae","Erigeron","Erigeron decumbens","Erigeron decumbens","Nutt.","7845106",
,"Erigeron decumbens","Erigeron decumbens Nutt.","7845106","EXACT","99","ACCEPTED","SPECIES","Plantae","Tracheophyta","Magnoliopsida","Asterales","Asteraceae","Erigeron","Erigeron decumbens","Erigeron decumbens","Nutt.","7845106",
,"Erigeron decumbens","Erigeron decumbens Nutt.","7845106","EXACT","99","ACCEPTED","SPECIES","Plantae","Tracheophyta","Magnoliopsida","Asterales","Asteraceae","Erigeron","Erigeron decumbens","Erigeron decumbens","Nutt.","7845106",
,"Erigeron decumbens","Erigeron decumbens Nutt.","7845106","EXACT","99","ACCEPTED","SPECIES","Plantae","Tracheophyta","Magnoliopsida","Asterales","Asteraceae","Erigeron","Erigeron decumbens","Erigeron decumbens","Nutt.","7845106",
,"Erigeron decumbens","Erigeron decumbens Nutt.","7845106","EXACT","99","ACCEPTED","SPECIES","Plantae","Tracheophyta","Magnoliopsida","Asterales","Asteraceae","Erigeron","Erigeron decumbens","Erigeron decumbens","Nutt.","7845106",
,"Erigeron decumbens","Erigeron decumbens Nutt.","7845106","EXACT","99","ACCEPTED","SPECIES","Plantae","Tracheophyta","Magnoliopsida","Asterales","Asteraceae","Erigeron","Erigeron decumbens","Erigeron decumbens","Nutt.","7845106",
,"Prunella vulgaris","Prunella vulgaris L.","5341297","EXACT","99","ACCEPTED","SPECIES","Plantae","Tracheophyta","Magnoliopsida","Lamiales","Lamiaceae","Prunella","Prunella vulgaris","Prunella vulgaris","L.","5341297",
,"Erigeron decumbens","Erigeron decumbens Nutt.","7845106","EXACT","99","ACCEPTED","SPECIES","Plantae","Tracheophyta","Magnoliopsida","Asterales","Asteraceae","Erigeron","Erigeron decumbens","Erigeron decumbens","Nutt.","7845106",
,"Castilleja tenuis","Castilleja tenuis (A.Heller) T.I.Chuang & Heckard","3170601","EXACT","100","ACCEPTED","SPECIES","Plantae","Tracheophyta","Magnoliopsida","Lamiales","Orobanchaceae","Castilleja","Castilleja tenuis","Castilleja tenuis","(A.Heller) T.I.Chuang & Heckard","3170601",
,"Eriophyllum lanatum","Eriophyllum lanatum (Pursh) Forbes","3130472","EXACT","100","ACCEPTED","SPECIES","Plantae","Tracheophyta","Magnoliopsida","Asterales","Asteraceae","Eriophyllum","Eriophyllum lanatum","Eriophyllum lanatum","(Pursh) Forbes","3130472",
,"Leontodon saxatilis","Asteraceae","3065","HIGHERRANK","99","ACCEPTED","FAMILY","Plantae","Tracheophyta","Magnoliopsida","Asterales","Asteraceae",,,"Asteraceae",,"3065",
,"Myosotis laxa","Myosotis laxa (Sam.) Hyl. ex Nordh.","12186874","EXACT","99","ACCEPTED","SPECIES","Plantae","Tracheophyta","Magnoliopsida","Boraginales","Boraginaceae","Myosotis","Myosotis laxa","Myosotis laxa","(Sam.) Hyl. ex Nordh.","12186874",
,"NA NA","Plantae","6","HIGHERRANK","99","ACCEPTED","KINGDOM","Plantae",,,,,,,"Plantae",,"6",
,"NA NA","Plantae","6","HIGHERRANK","99","ACCEPTED","KINGDOM","Plantae",,,,,,,"Plantae",,"6",
,"NA NA","Plantae","6","HIGHERRANK","99","ACCEPTED","KINGDOM","Plantae",,,,,,,"Plantae",,"6",
,"NA NA","Plantae","6","HIGHERRANK","99","ACCEPTED","KINGDOM","Plantae",,,,,,,"Plantae",,"6",
,"NA NA","Plantae","6","HIGHERRANK","99","ACCEPTED","KINGDOM","Plantae",,,,,,,"Plantae",,"6",
,"NA NA","Plantae","6","HIGHERRANK","99","ACCEPTED","KINGDOM","Plantae",,,,,,,"Plantae",,"6",
,"NA NA","Plantae","6","HIGHERRANK","99","ACCEPTED","KINGDOM","Plantae",,,,,,,"Plantae",,"6",
,"NA NA","Plantae","6","HIGHERRANK","99","ACCEPTED","KINGDOM","Plantae",,,,,,,"Plantae",,"6",
,"NA NA","Plantae","6","HIGHERRANK","99","ACCEPTED","KINGDOM","Plantae",,,,,,,"Plantae",,"6",
,"NA NA","Plantae","6","HIGHERRANK","99","ACCEPTED","KINGDOM","Plantae",,,,,,,"Plantae",,"6",
,"NA NA","Plantae","6","HIGHERRANK","99","ACCEPTED","KINGDOM","Plantae",,,,,,,"Plantae",,"6",
,"NA NA","Plantae","6","HIGHERRANK","99","ACCEPTED","KINGDOM","Plantae",,,,,,,"Plantae",,"6",
,"NA NA","Plantae","6","HIGHERRANK","99","ACCEPTED","KINGDOM","Plantae",,,,,,,"Plantae",,"6",
,"NA NA","Plantae","6","HIGHERRANK","99","ACCEPTED","KINGDOM","Plantae",,,,,,,"Plantae",,"6",
,"NA NA","Plantae","6","HIGHERRANK","99","ACCEPTED","KINGDOM","Plantae",,,,,,,"Plantae",,"6",
,"NA NA","Plantae","6","HIGHERRANK","99","ACCEPTED","KINGDOM","Plantae",,,,,,,"Plantae",,"6",
,"NA NA","Plantae","6","HIGHERRANK","99","ACCEPTED","KINGDOM","Plantae",,,,,,,"Plantae",,"6",
,"NA NA","Plantae","6","HIGHERRANK","99","ACCEPTED","KINGDOM","Plantae",,,,,,,"Plantae",,"6",
,"NA NA","Plantae","6","HIGHERRANK","99","ACCEPTED","KINGDOM","Plantae",,,,,,,"Plantae",,"6",
,"NA NA","Plantae","6","HIGHERRANK","99","ACCEPTED","KINGDOM","Plantae",,,,,,,"Plantae",,"6",
,"NA NA","Plantae","6","HIGHERRANK","99","ACCEPTED","KINGDOM","Plantae",,,,,,,"Plantae",,"6",
,"NA NA","Plantae","6","HIGHERRANK","99","ACCEPTED","KINGDOM","Plantae",,,,,,,"Plantae",,"6",
,"NA NA","Plantae","6","HIGHERRANK","99","ACCEPTED","KINGDOM","Plantae",,,,,,,"Plantae",,"6",
,"NA NA","Plantae","6","HIGHERRANK","99","ACCEPTED","KINGDOM","Plantae",,,,,,,"Plantae",,"6",
,"NA NA","Plantae","6","HIGHERRANK","99","ACCEPTED","KINGDOM","Plantae",,,,,,,"Plantae",,"6",
,"NA NA","Plantae","6","HIGHERRANK","99","ACCEPTED","KINGDOM","Plantae",,,,,,,"Plantae",,"6",
,"NA NA","Plantae","6","HIGHERRANK","99","ACCEPTED","KINGDOM","Plantae",,,,,,,"Plantae",,"6",
,"NA NA","Plantae","6","HIGHERRANK","99","ACCEPTED","KINGDOM","Plantae",,,,,,,"Plantae",,"6",
,"NA NA","Plantae","6","HIGHERRANK","99","ACCEPTED","KINGDOM","Plantae",,,,,,,"Plantae",,"6",
,"NA NA","Plantae","6","HIGHERRANK","99","ACCEPTED","KINGDOM","Plantae",,,,,,,"Plantae",,"6",
,"NA NA","Plantae","6","HIGHERRANK","99","ACCEPTED","KINGDOM","Plantae",,,,,,,"Plantae",,"6",
,"NA NA","Plantae","6","HIGHERRANK","99","ACCEPTED","KINGDOM","Plantae",,,,,,,"Plantae",,"6",
,"NA NA","Plantae","6","HIGHERRANK","99","ACCEPTED","KINGDOM","Plantae",,,,,,,"Plantae",,"6",
,"NA NA","Plantae","6","HIGHERRANK","99","ACCEPTED","KINGDOM","Plantae",,,,,,,"Plantae",,"6",
,"NA NA","Plantae","6","HIGHERRANK","99","ACCEPTED","KINGDOM","Plantae",,,,,,,"Plantae",,"6",
,"NA NA","Plantae","6","HIGHERRANK","99","ACCEPTED","KINGDOM","Plantae",,,,,,,"Plantae",,"6",
,"NA NA","Plantae","6","HIGHERRANK","99","ACCEPTED","KINGDOM","Plantae",,,,,,,"Plantae",,"6",
,"NA NA","Plantae","6","HIGHERRANK","99","ACCEPTED","KINGDOM","Plantae",,,,,,,"Plantae",,"6",
,"NA NA","Plantae","6","HIGHERRANK","99","ACCEPTED","KINGDOM","Plantae",,,,,,,"Plantae",,"6",
,"NA NA","Plantae","6","HIGHERRANK","99","ACCEPTED","KINGDOM","Plantae",,,,,,,"Plantae",,"6",
,"NA NA","Plantae","6","HIGHERRANK","99","ACCEPTED","KINGDOM","Plantae",,,,,,,"Plantae",,"6",
,"NA NA","Plantae","6","HIGHERRANK","99","ACCEPTED","KINGDOM","Plantae",,,,,,,"Plantae",,"6",
,"NA NA","Plantae","6","HIGHERRANK","99","ACCEPTED","KINGDOM","Plantae",,,,,,,"Plantae",,"6",
,"NA NA","Plantae","6","HIGHERRANK","99","ACCEPTED","KINGDOM","Plantae",,,,,,,"Plantae",,"6",
,"NA NA","Plantae","6","HIGHERRANK","99","ACCEPTED","KINGDOM","Plantae",,,,,,,"Plantae",,"6",
,"NA NA","Plantae","6","HIGHERRANK","99","ACCEPTED","KINGDOM","Plantae",,,,,,,"Plantae",,"6",
,"NA NA","Plantae","6","HIGHERRANK","99","ACCEPTED","KINGDOM","Plantae",,,,,,,"Plantae",,"6",
,"NA NA","Plantae","6","HIGHERRANK","99","ACCEPTED","KINGDOM","Plantae",,,,,,,"Plantae",,"6",
,"NA NA","Plantae","6","HIGHERRANK","99","ACCEPTED","KINGDOM","Plantae",,,,,,,"Plantae",,"6",
,"NA NA","Plantae","6","HIGHERRANK","99","ACCEPTED","KINGDOM","Plantae",,,,,,,"Plantae",,"6",
,"NA NA","Plantae","6","HIGHERRANK","99","ACCEPTED","KINGDOM","Plantae",,,,,,,"Plantae",,"6",
,"NA NA","Plantae","6","HIGHERRANK","99","ACCEPTED","KINGDOM","Plantae",,,,,,,"Plantae",,"6",
,"NA NA","Plantae","6","HIGHERRANK","99","ACCEPTED","KINGDOM","Plantae",,,,,,,"Plantae",,"6",
,"NA NA","Plantae","6","HIGHERRANK","99","ACCEPTED","KINGDOM","Plantae",,,,,,,"Plantae",,"6",
,"NA NA","Plantae","6","HIGHERRANK","99","ACCEPTED","KINGDOM","Plantae",,,,,,,"Plantae",,"6",
,"NA NA","Plantae","6","HIGHERRANK","99","ACCEPTED","KINGDOM","Plantae",,,,,,,"Plantae",,"6",
,"NA NA","Plantae","6","HIGHERRANK","99","ACCEPTED","KINGDOM","Plantae",,,,,,,"Plantae",,"6",
,"NA NA","Plantae","6","HIGHERRANK","99","ACCEPTED","KINGDOM","Plantae",,,,,,,"Plantae",,"6",
,"NA NA","Plantae","6","HIGHERRANK","99","ACCEPTED","KINGDOM","Plantae",,,,,,,"Plantae",,"6",
,"NA NA","Plantae","6","HIGHERRANK","99","ACCEPTED","KINGDOM","Plantae",,,,,,,"Plantae",,"6",
,"NA NA","Plantae","6","HIGHERRANK","99","ACCEPTED","KINGDOM","Plantae",,,,,,,"Plantae",,"6",
,"NA NA","Plantae","6","HIGHERRANK","99","ACCEPTED","KINGDOM","Plantae",,,,,,,"Plantae",,"6",
,"NA NA","Plantae","6","HIGHERRANK","99","ACCEPTED","KINGDOM","Plantae",,,,,,,"Plantae",,"6",
,"NA NA","Plantae","6","HIGHERRANK","99","ACCEPTED","KINGDOM","Plantae",,,,,,,"Plantae",,"6",
,"NA NA","Plantae","6","HIGHERRANK","99","ACCEPTED","KINGDOM","Plantae",,,,,,,"Plantae",,"6",
,"NA NA","Plantae","6","HIGHERRANK","99","ACCEPTED","KINGDOM","Plantae",,,,,,,"Plantae",,"6",
,"NA NA","Plantae","6","HIGHERRANK","99","ACCEPTED","KINGDOM","Plantae",,,,,,,"Plantae",,"6",
,"NA NA","Plantae","6","HIGHERRANK","99","ACCEPTED","KINGDOM","Plantae",,,,,,,"Plantae",,"6",
,"NA NA","Plantae","6","HIGHERRANK","99","ACCEPTED","KINGDOM","Plantae",,,,,,,"Plantae",,"6",
,"NA NA","Plantae","6","HIGHERRANK","99","ACCEPTED","KINGDOM","Plantae",,,,,,,"Plantae",,"6",
,"NA NA","Plantae","6","HIGHERRANK","99","ACCEPTED","KINGDOM","Plantae",,,,,,,"Plantae",,"6",
,"NA NA","Plantae","6","HIGHERRANK","99","ACCEPTED","KINGDOM","Plantae",,,,,,,"Plantae",,"6",
,"NA NA","Plantae","6","HIGHERRANK","99","ACCEPTED","KINGDOM","Plantae",,,,,,,"Plantae",,"6",
,"NA NA","Plantae","6","HIGHERRANK","99","ACCEPTED","KINGDOM","Plantae",,,,,,,"Plantae",,"6",
,"NA NA","Plantae","6","HIGHERRANK","99","ACCEPTED","KINGDOM","Plantae",,,,,,,"Plantae",,"6",
,"NA NA","Plantae","6","HIGHERRANK","99","ACCEPTED","KINGDOM","Plantae",,,,,,,"Plantae",,"6",
,"NA NA","Plantae","6","HIGHERRANK","99","ACCEPTED","KINGDOM","Plantae",,,,,,,"Plantae",,"6",
,"NA NA","Plantae","6","HIGHERRANK","99","ACCEPTED","KINGDOM","Plantae",,,,,,,"Plantae",,"6",
,"NA NA","Plantae","6","HIGHERRANK","99","ACCEPTED","KINGDOM","Plantae",,,,,,,"Plantae",,"6",
,"NA NA","Plantae","6","HIGHERRANK","99","ACCEPTED","KINGDOM","Plantae",,,,,,,"Plantae",,"6",
,"NA NA","Plantae","6","HIGHERRANK","99","ACCEPTED","KINGDOM","Plantae",,,,,,,"Plantae",,"6",
,"NA NA","Plantae","6","HIGHERRANK","99","ACCEPTED","KINGDOM","Plantae",,,,,,,"Plantae",,"6",
,"NA NA","Plantae","6","HIGHERRANK","99","ACCEPTED","KINGDOM","Plantae",,,,,,,"Plantae",,"6",
,"NA NA","Plantae","6","HIGHERRANK","99","ACCEPTED","KINGDOM","Plantae",,,,,,,"Plantae",,"6",
,"NA NA","Plantae","6","HIGHERRANK","99","ACCEPTED","KINGDOM","Plantae",,,,,,,"Plantae",,"6",
,"NA NA","Plantae","6","HIGHERRANK","99","ACCEPTED","KINGDOM","Plantae",,,,,,,"Plantae",,"6",
,"NA NA","Plantae","6","HIGHERRANK","99","ACCEPTED","KINGDOM","Plantae",,,,,,,"Plantae",,"6",
,"NA NA","Plantae","6","HIGHERRANK","99","ACCEPTED","KINGDOM","Plantae",,,,,,,"Plantae",,"6",
,"NA NA","Plantae","6","HIGHERRANK","99","ACCEPTED","KINGDOM","Plantae",,,,,,,"Plantae",,"6",
,"NA NA","Plantae","6","HIGHERRANK","99","ACCEPTED","KINGDOM","Plantae",,,,,,,"Plantae",,"6",
,"NA NA","Plantae","6","HIGHERRANK","99","ACCEPTED","KINGDOM","Plantae",,,,,,,"Plantae",,"6",
,"NA NA","Plantae","6","HIGHERRANK","99","ACCEPTED","KINGDOM","Plantae",,,,,,,"Plantae",,"6",
,"NA NA","Plantae","6","HIGHERRANK","99","ACCEPTED","KINGDOM","Plantae",,,,,,,"Plantae",,"6",
,"NA NA","Plantae","6","HIGHERRANK","99","ACCEPTED","KINGDOM","Plantae",,,,,,,"Plantae",,"6",
,"NA NA","Plantae","6","HIGHERRANK","99","ACCEPTED","KINGDOM","Plantae",,,,,,,"Plantae",,"6",
,"NA NA","Plantae","6","HIGHERRANK","99","ACCEPTED","KINGDOM","Plantae",,,,,,,"Plantae",,"6",
,"NA NA","Plantae","6","HIGHERRANK","99","ACCEPTED","KINGDOM","Plantae",,,,,,,"Plantae",,"6",
,"NA NA","Plantae","6","HIGHERRANK","99","ACCEPTED","KINGDOM","Plantae",,,,,,,"Plantae",,"6",
,"NA NA","Plantae","6","HIGHERRANK","99","ACCEPTED","KINGDOM","Plantae",,,,,,,"Plantae",,"6",
,"NA NA","Plantae","6","HIGHERRANK","99","ACCEPTED","KINGDOM","Plantae",,,,,,,"Plantae",,"6",
,"NA NA","Plantae","6","HIGHERRANK","99","ACCEPTED","KINGDOM","Plantae",,,,,,,"Plantae",,"6",
,"NA NA","Plantae","6","HIGHERRANK","99","ACCEPTED","KINGDOM","Plantae",,,,,,,"Plantae",,"6",
,"NA NA","Plantae","6","HIGHERRANK","99","ACCEPTED","KINGDOM","Plantae",,,,,,,"Plantae",,"6",
,"NA NA","Plantae","6","HIGHERRANK","99","ACCEPTED","KINGDOM","Plantae",,,,,,,"Plantae",,"6",
,"NA NA","Plantae","6","HIGHERRANK","99","ACCEPTED","KINGDOM","Plantae",,,,,,,"Plantae",,"6",
,"NA NA","Plantae","6","HIGHERRANK","99","ACCEPTED","KINGDOM","Plantae",,,,,,,"Plantae",,"6",
,"NA NA","Plantae","6","HIGHERRANK","99","ACCEPTED","KINGDOM","Plantae",,,,,,,"Plantae",,"6",
,"NA NA","Plantae","6","HIGHERRANK","99","ACCEPTED","KINGDOM","Plantae",,,,,,,"Plantae",,"6",
,"NA NA","Plantae","6","HIGHERRANK","99","ACCEPTED","KINGDOM","Plantae",,,,,,,"Plantae",,"6",
,"NA NA","Plantae","6","HIGHERRANK","99","ACCEPTED","KINGDOM","Plantae",,,,,,,"Plantae",,"6",
,"NA NA","Plantae","6","HIGHERRANK","99","ACCEPTED","KINGDOM","Plantae",,,,,,,"Plantae",,"6",
,"NA NA","Plantae","6","HIGHERRANK","99","ACCEPTED","KINGDOM","Plantae",,,,,,,"Plantae",,"6",
,"NA NA","Plantae","6","HIGHERRANK","99","ACCEPTED","KINGDOM","Plantae",,,,,,,"Plantae",,"6",
,"NA NA","Plantae","6","HIGHERRANK","99","ACCEPTED","KINGDOM","Plantae",,,,,,,"Plantae",,"6",
,"NA NA","Plantae","6","HIGHERRANK","99","ACCEPTED","KINGDOM","Plantae",,,,,,,"Plantae",,"6",
,"NA NA","Plantae","6","HIGHERRANK","99","ACCEPTED","KINGDOM","Plantae",,,,,,,"Plantae",,"6",
,"NA NA","Plantae","6","HIGHERRANK","99","ACCEPTED","KINGDOM","Plantae",,,,,,,"Plantae",,"6",
,"NA NA","Plantae","6","HIGHERRANK","99","ACCEPTED","KINGDOM","Plantae",,,,,,,"Plantae",,"6",
,"NA NA","Plantae","6","HIGHERRANK","99","ACCEPTED","KINGDOM","Plantae",,,,,,,"Plantae",,"6",
,"NA NA","Plantae","6","HIGHERRANK","99","ACCEPTED","KINGDOM","Plantae",,,,,,,"Plantae",,"6",
,"NA NA","Plantae","6","HIGHERRANK","99","ACCEPTED","KINGDOM","Plantae",,,,,,,"Plantae",,"6",
,"NA NA","Plantae","6","HIGHERRANK","99","ACCEPTED","KINGDOM","Plantae",,,,,,,"Plantae",,"6",
,"NA NA","Plantae","6","HIGHERRANK","99","ACCEPTED","KINGDOM","Plantae",,,,,,,"Plantae",,"6",
,"NA NA","Plantae","6","HIGHERRANK","99","ACCEPTED","KINGDOM","Plantae",,,,,,,"Plantae",,"6",
,"NA NA","Plantae","6","HIGHERRANK","99","ACCEPTED","KINGDOM","Plantae",,,,,,,"Plantae",,"6",
,"NA NA","Plantae","6","HIGHERRANK","99","ACCEPTED","KINGDOM","Plantae",,,,,,,"Plantae",,"6",
,"NA NA","Plantae","6","HIGHERRANK","99","ACCEPTED","KINGDOM","Plantae",,,,,,,"Plantae",,"6",
,"NA NA","Plantae","6","HIGHERRANK","99","ACCEPTED","KINGDOM","Plantae",,,,,,,"Plantae",,"6",
,"NA NA","Plantae","6","HIGHERRANK","99","ACCEPTED","KINGDOM","Plantae",,,,,,,"Plantae",,"6",
,"NA NA","Plantae","6","HIGHERRANK","99","ACCEPTED","KINGDOM","Plantae",,,,,,,"Plantae",,"6",
,"NA NA","Plantae","6","HIGHERRANK","99","ACCEPTED","KINGDOM","Plantae",,,,,,,"Plantae",,"6",
,"NA NA","Plantae","6","HIGHERRANK","99","ACCEPTED","KINGDOM","Plantae",,,,,,,"Plantae",,"6",
,"NA NA","Plantae","6","HIGHERRANK","99","ACCEPTED","KINGDOM","Plantae",,,,,,,"Plantae",,"6",
,"NA NA","Plantae","6","HIGHERRANK","99","ACCEPTED","KINGDOM","Plantae",,,,,,,"Plantae",,"6",
,"NA NA","Plantae","6","HIGHERRANK","99","ACCEPTED","KINGDOM","Plantae",,,,,,,"Plantae",,"6",
,"NA NA","Plantae","6","HIGHERRANK","99","ACCEPTED","KINGDOM","Plantae",,,,,,,"Plantae",,"6",
,"NA NA","Plantae","6","HIGHERRANK","99","ACCEPTED","KINGDOM","Plantae",,,,,,,"Plantae",,"6",
,"NA NA","Plantae","6","HIGHERRANK","99","ACCEPTED","KINGDOM","Plantae",,,,,,,"Plantae",,"6",
,"NA NA","Plantae","6","HIGHERRANK","99","ACCEPTED","KINGDOM","Plantae",,,,,,,"Plantae",,"6",
,"NA NA","Plantae","6","HIGHERRANK","99","ACCEPTED","KINGDOM","Plantae",,,,,,,"Plantae",,"6",
,"NA NA","Plantae","6","HIGHERRANK","99","ACCEPTED","KINGDOM","Plantae",,,,,,,"Plantae",,"6",
,"NA NA","Plantae","6","HIGHERRANK","99","ACCEPTED","KINGDOM","Plantae",,,,,,,"Plantae",,"6",
,"NA NA","Plantae","6","HIGHERRANK","99","ACCEPTED","KINGDOM","Plantae",,,,,,,"Plantae",,"6",
,"NA NA","Plantae","6","HIGHERRANK","99","ACCEPTED","KINGDOM","Plantae",,,,,,,"Plantae",,"6",
,"NA NA","Plantae","6","HIGHERRANK","99","ACCEPTED","KINGDOM","Plantae",,,,,,,"Plantae",,"6",
,"NA NA","Plantae","6","HIGHERRANK","99","ACCEPTED","KINGDOM","Plantae",,,,,,,"Plantae",,"6",
,"NA NA","Plantae","6","HIGHERRANK","99","ACCEPTED","KINGDOM","Plantae",,,,,,,"Plantae",,"6",
,"NA NA","Plantae","6","HIGHERRANK","99","ACCEPTED","KINGDOM","Plantae",,,,,,,"Plantae",,"6",
,"NA NA","Plantae","6","HIGHERRANK","99","ACCEPTED","KINGDOM","Plantae",,,,,,,"Plantae",,"6",
,"NA NA","Plantae","6","HIGHERRANK","99","ACCEPTED","KINGDOM","Plantae",,,,,,,"Plantae",,"6",
,"NA NA","Plantae","6","HIGHERRANK","99","ACCEPTED","KINGDOM","Plantae",,,,,,,"Plantae",,"6",
,"NA NA","Plantae","6","HIGHERRANK","99","ACCEPTED","KINGDOM","Plantae",,,,,,,"Plantae",,"6",
,"NA NA","Plantae","6","HIGHERRANK","99","ACCEPTED","KINGDOM","Plantae",,,,,,,"Plantae",,"6",
,"NA NA","Plantae","6","HIGHERRANK","99","ACCEPTED","KINGDOM","Plantae",,,,,,,"Plantae",,"6",
,"NA NA","Plantae","6","HIGHERRANK","99","ACCEPTED","KINGDOM","Plantae",,,,,,,"Plantae",,"6",
,"NA NA","Plantae","6","HIGHERRANK","99","ACCEPTED","KINGDOM","Plantae",,,,,,,"Plantae",,"6",
,"NA NA","Plantae","6","HIGHERRANK","99","ACCEPTED","KINGDOM","Plantae",,,,,,,"Plantae",,"6",
,"NA NA","Plantae","6","HIGHERRANK","99","ACCEPTED","KINGDOM","Plantae",,,,,,,"Plantae",,"6",
,"NA NA","Plantae","6","HIGHERRANK","99","ACCEPTED","KINGDOM","Plantae",,,,,,,"Plantae",,"6",
,"NA NA","Plantae","6","HIGHERRANK","99","ACCEPTED","KINGDOM","Plantae",,,,,,,"Plantae",,"6",
,"NA NA","Plantae","6","HIGHERRANK","99","ACCEPTED","KINGDOM","Plantae",,,,,,,"Plantae",,"6",
,"NA NA","Plantae","6","HIGHERRANK","99","ACCEPTED","KINGDOM","Plantae",,,,,,,"Plantae",,"6",
,"NA NA","Plantae","6","HIGHERRANK","99","ACCEPTED","KINGDOM","Plantae",,,,,,,"Plantae",,"6",
,"NA NA","Plantae","6","HIGHERRANK","99","ACCEPTED","KINGDOM","Plantae",,,,,,,"Plantae",,"6",
,"NA NA","Plantae","6","HIGHERRANK","99","ACCEPTED","KINGDOM","Plantae",,,,,,,"Plantae",,"6",
,"NA NA","Plantae","6","HIGHERRANK","99","ACCEPTED","KINGDOM","Plantae",,,,,,,"Plantae",,"6",
,"NA NA","Plantae","6","HIGHERRANK","99","ACCEPTED","KINGDOM","Plantae",,,,,,,"Plantae",,"6",
,"NA NA","Plantae","6","HIGHERRANK","99","ACCEPTED","KINGDOM","Plantae",,,,,,,"Plantae",,"6",
,"NA NA","Plantae","6","HIGHERRANK","99","ACCEPTED","KINGDOM","Plantae",,,,,,,"Plantae",,"6",
,"NA NA","Plantae","6","HIGHERRANK","99","ACCEPTED","KINGDOM","Plantae",,,,,,,"Plantae",,"6",
,"NA NA","Plantae","6","HIGHERRANK","99","ACCEPTED","KINGDOM","Plantae",,,,,,,"Plantae",,"6",
,"NA NA","Plantae","6","HIGHERRANK","99","ACCEPTED","KINGDOM","Plantae",,,,,,,"Plantae",,"6",
,"NA NA","Plantae","6","HIGHERRANK","99","ACCEPTED","KINGDOM","Plantae",,,,,,,"Plantae",,"6",
,"NA NA","Plantae","6","HIGHERRANK","99","ACCEPTED","KINGDOM","Plantae",,,,,,,"Plantae",,"6",
,"NA NA","Plantae","6","HIGHERRANK","99","ACCEPTED","KINGDOM","Plantae",,,,,,,"Plantae",,"6",
,"NA NA","Plantae","6","HIGHERRANK","99","ACCEPTED","KINGDOM","Plantae",,,,,,,"Plantae",,"6",
,"NA NA","Plantae","6","HIGHERRANK","99","ACCEPTED","KINGDOM","Plantae",,,,,,,"Plantae",,"6",
,"NA NA","Plantae","6","HIGHERRANK","99","ACCEPTED","KINGDOM","Plantae",,,,,,,"Plantae",,"6",
,"NA NA","Plantae","6","HIGHERRANK","99","ACCEPTED","KINGDOM","Plantae",,,,,,,"Plantae",,"6",
,"NA NA","Plantae","6","HIGHERRANK","99","ACCEPTED","KINGDOM","Plantae",,,,,,,"Plantae",,"6",
,"NA NA","Plantae","6","HIGHERRANK","99","ACCEPTED","KINGDOM","Plantae",,,,,,,"Plantae",,"6",
,"NA NA","Plantae","6","HIGHERRANK","99","ACCEPTED","KINGDOM","Plantae",,,,,,,"Plantae",,"6",
,"NA NA","Plantae","6","HIGHERRANK","99","ACCEPTED","KINGDOM","Plantae",,,,,,,"Plantae",,"6",
,"NA NA","Plantae","6","HIGHERRANK","99","ACCEPTED","KINGDOM","Plantae",,,,,,,"Plantae",,"6",
,"NA NA","Plantae","6","HIGHERRANK","99","ACCEPTED","KINGDOM","Plantae",,,,,,,"Plantae",,"6",
,"NA NA","Plantae","6","HIGHERRANK","99","ACCEPTED","KINGDOM","Plantae",,,,,,,"Plantae",,"6",
,"NA NA","Plantae","6","HIGHERRANK","99","ACCEPTED","KINGDOM","Plantae",,,,,,,"Plantae",,"6",
,"NA NA","Plantae","6","HIGHERRANK","99","ACCEPTED","KINGDOM","Plantae",,,,,,,"Plantae",,"6",
,"NA NA","Plantae","6","HIGHERRANK","99","ACCEPTED","KINGDOM","Plantae",,,,,,,"Plantae",,"6",
,"NA NA","Plantae","6","HIGHERRANK","99","ACCEPTED","KINGDOM","Plantae",,,,,,,"Plantae",,"6",
,"NA NA","Plantae","6","HIGHERRANK","99","ACCEPTED","KINGDOM","Plantae",,,,,,,"Plantae",,"6",
,"NA NA","Plantae","6","HIGHERRANK","99","ACCEPTED","KINGDOM","Plantae",,,,,,,"Plantae",,"6",
,"NA NA","Plantae","6","HIGHERRANK","99","ACCEPTED","KINGDOM","Plantae",,,,,,,"Plantae",,"6",
,"NA NA","Plantae","6","HIGHERRANK","99","ACCEPTED","KINGDOM","Plantae",,,,,,,"Plantae",,"6",
,"NA NA","Plantae","6","HIGHERRANK","99","ACCEPTED","KINGDOM","Plantae",,,,,,,"Plantae",,"6",
,"NA NA","Plantae","6","HIGHERRANK","99","ACCEPTED","KINGDOM","Plantae",,,,,,,"Plantae",,"6",
,"NA NA","Plantae","6","HIGHERRANK","99","ACCEPTED","KINGDOM","Plantae",,,,,,,"Plantae",,"6",
,"NA NA","Plantae","6","HIGHERRANK","99","ACCEPTED","KINGDOM","Plantae",,,,,,,"Plantae",,"6",
,"NA NA","Plantae","6","HIGHERRANK","99","ACCEPTED","KINGDOM","Plantae",,,,,,,"Plantae",,"6",
,"NA NA","Plantae","6","HIGHERRANK","99","ACCEPTED","KINGDOM","Plantae",,,,,,,"Plantae",,"6",
,"NA NA","Plantae","6","HIGHERRANK","99","ACCEPTED","KINGDOM","Plantae",,,,,,,"Plantae",,"6",
,"NA NA","Plantae","6","HIGHERRANK","99","ACCEPTED","KINGDOM","Plantae",,,,,,,"Plantae",,"6",
,"NA NA","Plantae","6","HIGHERRANK","99","ACCEPTED","KINGDOM","Plantae",,,,,,,"Plantae",,"6",
,"NA NA","Plantae","6","HIGHERRANK","99","ACCEPTED","KINGDOM","Plantae",,,,,,,"Plantae",,"6",
,"NA NA","Plantae","6","HIGHERRANK","99","ACCEPTED","KINGDOM","Plantae",,,,,,,"Plantae",,"6",
,"NA NA","Plantae","6","HIGHERRANK","99","ACCEPTED","KINGDOM","Plantae",,,,,,,"Plantae",,"6",
,"NA NA","Plantae","6","HIGHERRANK","99","ACCEPTED","KINGDOM","Plantae",,,,,,,"Plantae",,"6",
,"NA NA","Plantae","6","HIGHERRANK","99","ACCEPTED","KINGDOM","Plantae",,,,,,,"Plantae",,"6",
,"NA NA","Plantae","6","HIGHERRANK","99","ACCEPTED","KINGDOM","Plantae",,,,,,,"Plantae",,"6",
,"NA NA","Plantae","6","HIGHERRANK","99","ACCEPTED","KINGDOM","Plantae",,,,,,,"Plantae",,"6",
,"NA NA","Plantae","6","HIGHERRANK","99","ACCEPTED","KINGDOM","Plantae",,,,,,,"Plantae",,"6",
,"NA NA","Plantae","6","HIGHERRANK","99","ACCEPTED","KINGDOM","Plantae",,,,,,,"Plantae",,"6",
,"NA NA","Plantae","6","HIGHERRANK","99","ACCEPTED","KINGDOM","Plantae",,,,,,,"Plantae",,"6",
,"NA NA","Plantae","6","HIGHERRANK","99","ACCEPTED","KINGDOM","Plantae",,,,,,,"Plantae",,"6",
,"NA NA","Plantae","6","HIGHERRANK","99","ACCEPTED","KINGDOM","Plantae",,,,,,,"Plantae",,"6",
,"NA NA","Plantae","6","HIGHERRANK","99","ACCEPTED","KINGDOM","Plantae",,,,,,,"Plantae",,"6",
,"NA NA","Plantae","6","HIGHERRANK","99","ACCEPTED","KINGDOM","Plantae",,,,,,,"Plantae",,"6",
,"NA NA","Plantae","6","HIGHERRANK","99","ACCEPTED","KINGDOM","Plantae",,,,,,,"Plantae",,"6",
,"NA NA","Plantae","6","HIGHERRANK","99","ACCEPTED","KINGDOM","Plantae",,,,,,,"Plantae",,"6",
,"NA NA","Plantae","6","HIGHERRANK","99","ACCEPTED","KINGDOM","Plantae",,,,,,,"Plantae",,"6",
,"NA NA","Plantae","6","HIGHERRANK","99","ACCEPTED","KINGDOM","Plantae",,,,,,,"Plantae",,"6",
,"NA NA","Plantae","6","HIGHERRANK","99","ACCEPTED","KINGDOM","Plantae",,,,,,,"Plantae",,"6",
,"NA NA","Plantae","6","HIGHERRANK","99","ACCEPTED","KINGDOM","Plantae",,,,,,,"Plantae",,"6",
,"NA NA","Plantae","6","HIGHERRANK","99","ACCEPTED","KINGDOM","Plantae",,,,,,,"Plantae",,"6",
,"NA NA","Plantae","6","HIGHERRANK","99","ACCEPTED","KINGDOM","Plantae",,,,,,,"Plantae",,"6",
,"NA NA","Plantae","6","HIGHERRANK","99","ACCEPTED","KINGDOM","Plantae",,,,,,,"Plantae",,"6",
,"NA NA","Plantae","6","HIGHERRANK","99","ACCEPTED","KINGDOM","Plantae",,,,,,,"Plantae",,"6",
,"NA NA","Plantae","6","HIGHERRANK","99","ACCEPTED","KINGDOM","Plantae",,,,,,,"Plantae",,"6",
,"NA NA","Plantae","6","HIGHERRANK","99","ACCEPTED","KINGDOM","Plantae",,,,,,,"Plantae",,"6",
,"NA NA","Plantae","6","HIGHERRANK","99","ACCEPTED","KINGDOM","Plantae",,,,,,,"Plantae",,"6",
,"NA NA","Plantae","6","HIGHERRANK","99","ACCEPTED","KINGDOM","Plantae",,,,,,,"Plantae",,"6",
,"NA NA","Plantae","6","HIGHERRANK","99","ACCEPTED","KINGDOM","Plantae",,,,,,,"Plantae",,"6",
,"NA NA","Plantae","6","HIGHERRANK","99","ACCEPTED","KINGDOM","Plantae",,,,,,,"Plantae",,"6",
,"NA NA","Plantae","6","HIGHERRANK","99","ACCEPTED","KINGDOM","Plantae",,,,,,,"Plantae",,"6",
,"NA NA","Plantae","6","HIGHERRANK","99","ACCEPTED","KINGDOM","Plantae",,,,,,,"Plantae",,"6",
,"NA NA","Plantae","6","HIGHERRANK","99","ACCEPTED","KINGDOM","Plantae",,,,,,,"Plantae",,"6",
,"NA NA","Plantae","6","HIGHERRANK","99","ACCEPTED","KINGDOM","Plantae",,,,,,,"Plantae",,"6",
,"NA NA","Plantae","6","HIGHERRANK","99","ACCEPTED","KINGDOM","Plantae",,,,,,,"Plantae",,"6",
,"NA NA","Plantae","6","HIGHERRANK","99","ACCEPTED","KINGDOM","Plantae",,,,,,,"Plantae",,"6",
,"NA NA","Plantae","6","HIGHERRANK","99","ACCEPTED","KINGDOM","Plantae",,,,,,,"Plantae",,"6",
,"NA NA","Plantae","6","HIGHERRANK","99","ACCEPTED","KINGDOM","Plantae",,,,,,,"Plantae",,"6",
,"NA NA","Plantae","6","HIGHERRANK","99","ACCEPTED","KINGDOM","Plantae",,,,,,,"Plantae",,"6",
,"NA NA","Plantae","6","HIGHERRANK","99","ACCEPTED","KINGDOM","Plantae",,,,,,,"Plantae",,"6",
,"NA NA","Plantae","6","HIGHERRANK","99","ACCEPTED","KINGDOM","Plantae",,,,,,,"Plantae",,"6",
,"NA NA","Plantae","6","HIGHERRANK","99","ACCEPTED","KINGDOM","Plantae",,,,,,,"Plantae",,"6",
,"NA NA","Plantae","6","HIGHERRANK","99","ACCEPTED","KINGDOM","Plantae",,,,,,,"Plantae",,"6",
,"NA NA","Plantae","6","HIGHERRANK","99","ACCEPTED","KINGDOM","Plantae",,,,,,,"Plantae",,"6",
,"NA NA","Plantae","6","HIGHERRANK","99","ACCEPTED","KINGDOM","Plantae",,,,,,,"Plantae",,"6",
,"NA NA","Plantae","6","HIGHERRANK","99","ACCEPTED","KINGDOM","Plantae",,,,,,,"Plantae",,"6",
,"NA NA","Plantae","6","HIGHERRANK","99","ACCEPTED","KINGDOM","Plantae",,,,,,,"Plantae",,"6",
,"NA NA","Plantae","6","HIGHERRANK","99","ACCEPTED","KINGDOM","Plantae",,,,,,,"Plantae",,"6",
,"NA NA","Plantae","6","HIGHERRANK","99","ACCEPTED","KINGDOM","Plantae",,,,,,,"Plantae",,"6",
,"NA NA","Plantae","6","HIGHERRANK","99","ACCEPTED","KINGDOM","Plantae",,,,,,,"Plantae",,"6",
,"NA NA","Plantae","6","HIGHERRANK","99","ACCEPTED","KINGDOM","Plantae",,,,,,,"Plantae",,"6",
,"NA NA","Plantae","6","HIGHERRANK","99","ACCEPTED","KINGDOM","Plantae",,,,,,,"Plantae",,"6",
,"NA NA","Plantae","6","HIGHERRANK","99","ACCEPTED","KINGDOM","Plantae",,,,,,,"Plantae",,"6",
,"NA NA","Plantae","6","HIGHERRANK","99","ACCEPTED","KINGDOM","Plantae",,,,,,,"Plantae",,"6",
,"NA NA","Plantae","6","HIGHERRANK","99","ACCEPTED","KINGDOM","Plantae",,,,,,,"Plantae",,"6",
,"NA NA","Plantae","6","HIGHERRANK","99","ACCEPTED","KINGDOM","Plantae",,,,,,,"Plantae",,"6",
,"NA NA","Plantae","6","HIGHERRANK","99","ACCEPTED","KINGDOM","Plantae",,,,,,,"Plantae",,"6",
,"NA NA","Plantae","6","HIGHERRANK","99","ACCEPTED","KINGDOM","Plantae",,,,,,,"Plantae",,"6",
,"NA NA","Plantae","6","HIGHERRANK","99","ACCEPTED","KINGDOM","Plantae",,,,,,,"Plantae",,"6",
,"NA NA","Plantae","6","HIGHERRANK","99","ACCEPTED","KINGDOM","Plantae",,,,,,,"Plantae",,"6",
,"NA NA","Plantae","6","HIGHERRANK","99","ACCEPTED","KINGDOM","Plantae",,,,,,,"Plantae",,"6",
,"NA NA","Plantae","6","HIGHERRANK","99","ACCEPTED","KINGDOM","Plantae",,,,,,,"Plantae",,"6",
,"NA NA","Plantae","6","HIGHERRANK","99","ACCEPTED","KINGDOM","Plantae",,,,,,,"Plantae",,"6",
,"NA NA","Plantae","6","HIGHERRANK","99","ACCEPTED","KINGDOM","Plantae",,,,,,,"Plantae",,"6",
,"NA NA","Plantae","6","HIGHERRANK","99","ACCEPTED","KINGDOM","Plantae",,,,,,,"Plantae",,"6",
,"NA NA","Plantae","6","HIGHERRANK","99","ACCEPTED","KINGDOM","Plantae",,,,,,,"Plantae",,"6",
,"NA NA","Plantae","6","HIGHERRANK","99","ACCEPTED","KINGDOM","Plantae",,,,,,,"Plantae",,"6",
,"NA NA","Plantae","6","HIGHERRANK","99","ACCEPTED","KINGDOM","Plantae",,,,,,,"Plantae",,"6",
,"NA NA","Plantae","6","HIGHERRANK","99","ACCEPTED","KINGDOM","Plantae",,,,,,,"Plantae",,"6",
,"NA NA","Plantae","6","HIGHERRANK","99","ACCEPTED","KINGDOM","Plantae",,,,,,,"Plantae",,"6",
,"NA NA","Plantae","6","HIGHERRANK","99","ACCEPTED","KINGDOM","Plantae",,,,,,,"Plantae",,"6",
,"NA NA","Plantae","6","HIGHERRANK","99","ACCEPTED","KINGDOM","Plantae",,,,,,,"Plantae",,"6",
,"NA NA","Plantae","6","HIGHERRANK","99","ACCEPTED","KINGDOM","Plantae",,,,,,,"Plantae",,"6",
,"NA NA","Plantae","6","HIGHERRANK","99","ACCEPTED","KINGDOM","Plantae",,,,,,,"Plantae",,"6",
,"NA NA","Plantae","6","HIGHERRANK","99","ACCEPTED","KINGDOM","Plantae",,,,,,,"Plantae",,"6",
,"NA NA","Plantae","6","HIGHERRANK","99","ACCEPTED","KINGDOM","Plantae",,,,,,,"Plantae",,"6",
,"NA NA","Plantae","6","HIGHERRANK","99","ACCEPTED","KINGDOM","Plantae",,,,,,,"Plantae",,"6",
,"NA NA","Plantae","6","HIGHERRANK","99","ACCEPTED","KINGDOM","Plantae",,,,,,,"Plantae",,"6",
,"NA NA","Plantae","6","HIGHERRANK","99","ACCEPTED","KINGDOM","Plantae",,,,,,,"Plantae",,"6",
,"NA NA","Plantae","6","HIGHERRANK","99","ACCEPTED","KINGDOM","Plantae",,,,,,,"Plantae",,"6",
,"NA NA","Plantae","6","HIGHERRANK","99","ACCEPTED","KINGDOM","Plantae",,,,,,,"Plantae",,"6",
,"NA NA","Plantae","6","HIGHERRANK","99","ACCEPTED","KINGDOM","Plantae",,,,,,,"Plantae",,"6",
,"NA NA","Plantae","6","HIGHERRANK","99","ACCEPTED","KINGDOM","Plantae",,,,,,,"Plantae",,"6",
,"NA NA","Plantae","6","HIGHERRANK","99","ACCEPTED","KINGDOM","Plantae",,,,,,,"Plantae",,"6",
,"NA NA","Plantae","6","HIGHERRANK","99","ACCEPTED","KINGDOM","Plantae",,,,,,,"Plantae",,"6",
,"NA NA","Plantae","6","HIGHERRANK","99","ACCEPTED","KINGDOM","Plantae",,,,,,,"Plantae",,"6",
,"NA NA","Plantae","6","HIGHERRANK","99","ACCEPTED","KINGDOM","Plantae",,,,,,,"Plantae",,"6",
,"NA NA","Plantae","6","HIGHERRANK","99","ACCEPTED","KINGDOM","Plantae",,,,,,,"Plantae",,"6",
,"NA NA","Plantae","6","HIGHERRANK","99","ACCEPTED","KINGDOM","Plantae",,,,,,,"Plantae",,"6",
,"NA NA","Plantae","6","HIGHERRANK","99","ACCEPTED","KINGDOM","Plantae",,,,,,,"Plantae",,"6",
,"NA NA","Plantae","6","HIGHERRANK","99","ACCEPTED","KINGDOM","Plantae",,,,,,,"Plantae",,"6",
,"NA NA","Plantae","6","HIGHERRANK","99","ACCEPTED","KINGDOM","Plantae",,,,,,,"Plantae",,"6",
,"NA NA","Plantae","6","HIGHERRANK","99","ACCEPTED","KINGDOM","Plantae",,,,,,,"Plantae",,"6",
,"NA NA","Plantae","6","HIGHERRANK","99","ACCEPTED","KINGDOM","Plantae",,,,,,,"Plantae",,"6",
,"NA NA","Plantae","6","HIGHERRANK","99","ACCEPTED","KINGDOM","Plantae",,,,,,,"Plantae",,"6",
,"NA NA","Plantae","6","HIGHERRANK","99","ACCEPTED","KINGDOM","Plantae",,,,,,,"Plantae",,"6",
,"NA NA","Plantae","6","HIGHERRANK","99","ACCEPTED","KINGDOM","Plantae",,,,,,,"Plantae",,"6",
,"NA NA","Plantae","6","HIGHERRANK","99","ACCEPTED","KINGDOM","Plantae",,,,,,,"Plantae",,"6",
,"NA NA","Plantae","6","HIGHERRANK","99","ACCEPTED","KINGDOM","Plantae",,,,,,,"Plantae",,"6",
,"NA NA","Plantae","6","HIGHERRANK","99","ACCEPTED","KINGDOM","Plantae",,,,,,,"Plantae",,"6",
,"NA NA","Plantae","6","HIGHERRANK","99","ACCEPTED","KINGDOM","Plantae",,,,,,,"Plantae",,"6",
,"NA NA","Plantae","6","HIGHERRANK","99","ACCEPTED","KINGDOM","Plantae",,,,,,,"Plantae",,"6",
,"NA NA","Plantae","6","HIGHERRANK","99","ACCEPTED","KINGDOM","Plantae",,,,,,,"Plantae",,"6",
,"NA NA","Plantae","6","HIGHERRANK","99","ACCEPTED","KINGDOM","Plantae",,,,,,,"Plantae",,"6",
,"NA NA","Plantae","6","HIGHERRANK","99","ACCEPTED","KINGDOM","Plantae",,,,,,,"Plantae",,"6",
,"NA NA","Plantae","6","HIGHERRANK","99","ACCEPTED","KINGDOM","Plantae",,,,,,,"Plantae",,"6",
,"NA NA","Plantae","6","HIGHERRANK","99","ACCEPTED","KINGDOM","Plantae",,,,,,,"Plantae",,"6",
,"NA NA","Plantae","6","HIGHERRANK","99","ACCEPTED","KINGDOM","Plantae",,,,,,,"Plantae",,"6",
,"NA NA","Plantae","6","HIGHERRANK","99","ACCEPTED","KINGDOM","Plantae",,,,,,,"Plantae",,"6",
,"NA NA","Plantae","6","HIGHERRANK","99","ACCEPTED","KINGDOM","Plantae",,,,,,,"Plantae",,"6",
,"NA NA","Plantae","6","HIGHERRANK","99","ACCEPTED","KINGDOM","Plantae",,,,,,,"Plantae",,"6",
,"NA NA","Plantae","6","HIGHERRANK","99","ACCEPTED","KINGDOM","Plantae",,,,,,,"Plantae",,"6",
,"NA NA","Plantae","6","HIGHERRANK","99","ACCEPTED","KINGDOM","Plantae",,,,,,,"Plantae",,"6",
,"NA NA","Plantae","6","HIGHERRANK","99","ACCEPTED","KINGDOM","Plantae",,,,,,,"Plantae",,"6",
,"NA NA","Plantae","6","HIGHERRANK","99","ACCEPTED","KINGDOM","Plantae",,,,,,,"Plantae",,"6",
,"NA NA","Plantae","6","HIGHERRANK","99","ACCEPTED","KINGDOM","Plantae",,,,,,,"Plantae",,"6",
,"NA NA","Plantae","6","HIGHERRANK","99","ACCEPTED","KINGDOM","Plantae",,,,,,,"Plantae",,"6",
,"NA NA","Plantae","6","HIGHERRANK","99","ACCEPTED","KINGDOM","Plantae",,,,,,,"Plantae",,"6",
,"NA NA","Plantae","6","HIGHERRANK","99","ACCEPTED","KINGDOM","Plantae",,,,,,,"Plantae",,"6",
,"NA NA","Plantae","6","HIGHERRANK","99","ACCEPTED","KINGDOM","Plantae",,,,,,,"Plantae",,"6",
,"NA NA","Plantae","6","HIGHERRANK","99","ACCEPTED","KINGDOM","Plantae",,,,,,,"Plantae",,"6",
,"NA NA","Plantae","6","HIGHERRANK","99","ACCEPTED","KINGDOM","Plantae",,,,,,,"Plantae",,"6",
,"NA NA","Plantae","6","HIGHERRANK","99","ACCEPTED","KINGDOM","Plantae",,,,,,,"Plantae",,"6",
,"NA NA","Plantae","6","HIGHERRANK","99","ACCEPTED","KINGDOM","Plantae",,,,,,,"Plantae",,"6",
,"NA NA","Plantae","6","HIGHERRANK","99","ACCEPTED","KINGDOM","Plantae",,,,,,,"Plantae",,"6",
,"NA NA","Plantae","6","HIGHERRANK","99","ACCEPTED","KINGDOM","Plantae",,,,,,,"Plantae",,"6",
,"NA NA","Plantae","6","HIGHERRANK","99","ACCEPTED","KINGDOM","Plantae",,,,,,,"Plantae",,"6",
,"NA NA","Plantae","6","HIGHERRANK","99","ACCEPTED","KINGDOM","Plantae",,,,,,,"Plantae",,"6",
,"NA NA","Plantae","6","HIGHERRANK","99","ACCEPTED","KINGDOM","Plantae",,,,,,,"Plantae",,"6",
,"NA NA","Plantae","6","HIGHERRANK","99","ACCEPTED","KINGDOM","Plantae",,,,,,,"Plantae",,"6",
,"NA NA","Plantae","6","HIGHERRANK","99","ACCEPTED","KINGDOM","Plantae",,,,,,,"Plantae",,"6",
,"NA NA","Plantae","6","HIGHERRANK","99","ACCEPTED","KINGDOM","Plantae",,,,,,,"Plantae",,"6",
,"NA NA","Plantae","6","HIGHERRANK","99","ACCEPTED","KINGDOM","Plantae",,,,,,,"Plantae",,"6",
,"NA NA","Plantae","6","HIGHERRANK","99","ACCEPTED","KINGDOM","Plantae",,,,,,,"Plantae",,"6",
,"NA NA","Plantae","6","HIGHERRANK","99","ACCEPTED","KINGDOM","Plantae",,,,,,,"Plantae",,"6",
,"NA NA","Plantae","6","HIGHERRANK","99","ACCEPTED","KINGDOM","Plantae",,,,,,,"Plantae",,"6",
,"NA NA","Plantae","6","HIGHERRANK","99","ACCEPTED","KINGDOM","Plantae",,,,,,,"Plantae",,"6",
,"NA NA","Plantae","6","HIGHERRANK","99","ACCEPTED","KINGDOM","Plantae",,,,,,,"Plantae",,"6",
,"NA NA","Plantae","6","HIGHERRANK","99","ACCEPTED","KINGDOM","Plantae",,,,,,,"Plantae",,"6",
,"NA NA","Plantae","6","HIGHERRANK","99","ACCEPTED","KINGDOM","Plantae",,,,,,,"Plantae",,"6",
,"NA NA","Plantae","6","HIGHERRANK","99","ACCEPTED","KINGDOM","Plantae",,,,,,,"Plantae",,"6",
,"NA NA","Plantae","6","HIGHERRANK","99","ACCEPTED","KINGDOM","Plantae",,,,,,,"Plantae",,"6",
,"NA NA","Plantae","6","HIGHERRANK","99","ACCEPTED","KINGDOM","Plantae",,,,,,,"Plantae",,"6",
,"NA NA","Plantae","6","HIGHERRANK","99","ACCEPTED","KINGDOM","Plantae",,,,,,,"Plantae",,"6",
,"NA NA","Plantae","6","HIGHERRANK","99","ACCEPTED","KINGDOM","Plantae",,,,,,,"Plantae",,"6",
,"NA NA","Plantae","6","HIGHERRANK","99","ACCEPTED","KINGDOM","Plantae",,,,,,,"Plantae",,"6",
,"NA NA","Plantae","6","HIGHERRANK","99","ACCEPTED","KINGDOM","Plantae",,,,,,,"Plantae",,"6",
,"NA NA","Plantae","6","HIGHERRANK","99","ACCEPTED","KINGDOM","Plantae",,,,,,,"Plantae",,"6",
,"NA NA","Plantae","6","HIGHERRANK","99","ACCEPTED","KINGDOM","Plantae",,,,,,,"Plantae",,"6",
,"NA NA","Plantae","6","HIGHERRANK","99","ACCEPTED","KINGDOM","Plantae",,,,,,,"Plantae",,"6",
,"NA NA","Plantae","6","HIGHERRANK","99","ACCEPTED","KINGDOM","Plantae",,,,,,,"Plantae",,"6",
,"NA NA","Plantae","6","HIGHERRANK","99","ACCEPTED","KINGDOM","Plantae",,,,,,,"Plantae",,"6",
,"NA NA","Plantae","6","HIGHERRANK","99","ACCEPTED","KINGDOM","Plantae",,,,,,,"Plantae",,"6",
,"NA NA","Plantae","6","HIGHERRANK","99","ACCEPTED","KINGDOM","Plantae",,,,,,,"Plantae",,"6",
,"NA NA","Plantae","6","HIGHERRANK","99","ACCEPTED","KINGDOM","Plantae",,,,,,,"Plantae",,"6",
,"NA NA","Plantae","6","HIGHERRANK","99","ACCEPTED","KINGDOM","Plantae",,,,,,,"Plantae",,"6",
,"NA NA","Plantae","6","HIGHERRANK","99","ACCEPTED","KINGDOM","Plantae",,,,,,,"Plantae",,"6",
,"NA NA","Plantae","6","HIGHERRANK","99","ACCEPTED","KINGDOM","Plantae",,,,,,,"Plantae",,"6",
,"NA NA","Plantae","6","HIGHERRANK","99","ACCEPTED","KINGDOM","Plantae",,,,,,,"Plantae",,"6",
,"NA NA","Plantae","6","HIGHERRANK","99","ACCEPTED","KINGDOM","Plantae",,,,,,,"Plantae",,"6",
,"NA NA","Plantae","6","HIGHERRANK","99","ACCEPTED","KINGDOM","Plantae",,,,,,,"Plantae",,"6",
,"NA NA","Plantae","6","HIGHERRANK","99","ACCEPTED","KINGDOM","Plantae",,,,,,,"Plantae",,"6",
,"NA NA","Plantae","6","HIGHERRANK","99","ACCEPTED","KINGDOM","Plantae",,,,,,,"Plantae",,"6",
,"NA NA","Plantae","6","HIGHERRANK","99","ACCEPTED","KINGDOM","Plantae",,,,,,,"Plantae",,"6",
,"NA NA","Plantae","6","HIGHERRANK","99","ACCEPTED","KINGDOM","Plantae",,,,,,,"Plantae",,"6",
,"NA NA","Plantae","6","HIGHERRANK","99","ACCEPTED","KINGDOM","Plantae",,,,,,,"Plantae",,"6",
,"NA NA","Plantae","6","HIGHERRANK","99","ACCEPTED","KINGDOM","Plantae",,,,,,,"Plantae",,"6",
,"NA NA","Plantae","6","HIGHERRANK","99","ACCEPTED","KINGDOM","Plantae",,,,,,,"Plantae",,"6",
,"NA NA","Plantae","6","HIGHERRANK","99","ACCEPTED","KINGDOM","Plantae",,,,,,,"Plantae",,"6",
,"NA NA","Plantae","6","HIGHERRANK","99","ACCEPTED","KINGDOM","Plantae",,,,,,,"Plantae",,"6",
,"NA NA","Plantae","6","HIGHERRANK","99","ACCEPTED","KINGDOM","Plantae",,,,,,,"Plantae",,"6",
,"NA NA","Plantae","6","HIGHERRANK","99","ACCEPTED","KINGDOM","Plantae",,,,,,,"Plantae",,"6",
,"NA NA","Plantae","6","HIGHERRANK","99","ACCEPTED","KINGDOM","Plantae",,,,,,,"Plantae",,"6",
,"NA NA","Plantae","6","HIGHERRANK","99","ACCEPTED","KINGDOM","Plantae",,,,,,,"Plantae",,"6",
,"NA NA","Plantae","6","HIGHERRANK","99","ACCEPTED","KINGDOM","Plantae",,,,,,,"Plantae",,"6",
,"NA NA","Plantae","6","HIGHERRANK","99","ACCEPTED","KINGDOM","Plantae",,,,,,,"Plantae",,"6",
,"NA NA","Plantae","6","HIGHERRANK","99","ACCEPTED","KINGDOM","Plantae",,,,,,,"Plantae",,"6",
,"NA NA","Plantae","6","HIGHERRANK","99","ACCEPTED","KINGDOM","Plantae",,,,,,,"Plantae",,"6",
,"NA NA","Plantae","6","HIGHERRANK","99","ACCEPTED","KINGDOM","Plantae",,,,,,,"Plantae",,"6",
,"NA NA","Plantae","6","HIGHERRANK","99","ACCEPTED","KINGDOM","Plantae",,,,,,,"Plantae",,"6",
,"NA NA","Plantae","6","HIGHERRANK","99","ACCEPTED","KINGDOM","Plantae",,,,,,,"Plantae",,"6",
,"NA NA","Plantae","6","HIGHERRANK","99","ACCEPTED","KINGDOM","Plantae",,,,,,,"Plantae",,"6",
,"NA NA","Plantae","6","HIGHERRANK","99","ACCEPTED","KINGDOM","Plantae",,,,,,,"Plantae",,"6",
,"NA NA","Plantae","6","HIGHERRANK","99","ACCEPTED","KINGDOM","Plantae",,,,,,,"Plantae",,"6",
,"NA NA","Plantae","6","HIGHERRANK","99","ACCEPTED","KINGDOM","Plantae",,,,,,,"Plantae",,"6",
,"NA NA","Plantae","6","HIGHERRANK","99","ACCEPTED","KINGDOM","Plantae",,,,,,,"Plantae",,"6",
,"NA NA","Plantae","6","HIGHERRANK","99","ACCEPTED","KINGDOM","Plantae",,,,,,,"Plantae",,"6",
,"NA NA","Plantae","6","HIGHERRANK","99","ACCEPTED","KINGDOM","Plantae",,,,,,,"Plantae",,"6",
,"NA NA","Plantae","6","HIGHERRANK","99","ACCEPTED","KINGDOM","Plantae",,,,,,,"Plantae",,"6",
,"NA NA","Plantae","6","HIGHERRANK","99","ACCEPTED","KINGDOM","Plantae",,,,,,,"Plantae",,"6",
,"NA NA","Plantae","6","HIGHERRANK","99","ACCEPTED","KINGDOM","Plantae",,,,,,,"Plantae",,"6",
,"NA NA","Plantae","6","HIGHERRANK","99","ACCEPTED","KINGDOM","Plantae",,,,,,,"Plantae",,"6",
,"NA NA","Plantae","6","HIGHERRANK","99","ACCEPTED","KINGDOM","Plantae",,,,,,,"Plantae",,"6",
,"NA NA","Plantae","6","HIGHERRANK","99","ACCEPTED","KINGDOM","Plantae",,,,,,,"Plantae",,"6",
,"NA NA","Plantae","6","HIGHERRANK","99","ACCEPTED","KINGDOM","Plantae",,,,,,,"Plantae",,"6",
,"NA NA","Plantae","6","HIGHERRANK","99","ACCEPTED","KINGDOM","Plantae",,,,,,,"Plantae",,"6",
,"NA NA","Plantae","6","HIGHERRANK","99","ACCEPTED","KINGDOM","Plantae",,,,,,,"Plantae",,"6",
,"NA NA","Plantae","6","HIGHERRANK","99","ACCEPTED","KINGDOM","Plantae",,,,,,,"Plantae",,"6",
,"NA NA","Plantae","6","HIGHERRANK","99","ACCEPTED","KINGDOM","Plantae",,,,,,,"Plantae",,"6",
,"NA NA","Plantae","6","HIGHERRANK","99","ACCEPTED","KINGDOM","Plantae",,,,,,,"Plantae",,"6",
,"NA NA","Plantae","6","HIGHERRANK","99","ACCEPTED","KINGDOM","Plantae",,,,,,,"Plantae",,"6",
,"NA NA","Plantae","6","HIGHERRANK","99","ACCEPTED","KINGDOM","Plantae",,,,,,,"Plantae",,"6",
,"NA NA","Plantae","6","HIGHERRANK","99","ACCEPTED","KINGDOM","Plantae",,,,,,,"Plantae",,"6",
,"NA NA","Plantae","6","HIGHERRANK","99","ACCEPTED","KINGDOM","Plantae",,,,,,,"Plantae",,"6",
,"NA NA","Plantae","6","HIGHERRANK","99","ACCEPTED","KINGDOM","Plantae",,,,,,,"Plantae",,"6",
,"NA NA","Plantae","6","HIGHERRANK","99","ACCEPTED","KINGDOM","Plantae",,,,,,,"Plantae",,"6",
,"NA NA","Plantae","6","HIGHERRANK","99","ACCEPTED","KINGDOM","Plantae",,,,,,,"Plantae",,"6",
,"NA NA","Plantae","6","HIGHERRANK","99","ACCEPTED","KINGDOM","Plantae",,,,,,,"Plantae",,"6",
,"NA NA","Plantae","6","HIGHERRANK","99","ACCEPTED","KINGDOM","Plantae",,,,,,,"Plantae",,"6",
,"NA NA","Plantae","6","HIGHERRANK","99","ACCEPTED","KINGDOM","Plantae",,,,,,,"Plantae",,"6",
,"NA NA","Plantae","6","HIGHERRANK","99","ACCEPTED","KINGDOM","Plantae",,,,,,,"Plantae",,"6",
,"NA NA","Plantae","6","HIGHERRANK","99","ACCEPTED","KINGDOM","Plantae",,,,,,,"Plantae",,"6",
,"NA NA","Plantae","6","HIGHERRANK","99","ACCEPTED","KINGDOM","Plantae",,,,,,,"Plantae",,"6",
,"NA NA","Plantae","6","HIGHERRANK","99","ACCEPTED","KINGDOM","Plantae",,,,,,,"Plantae",,"6",
,"NA NA","Plantae","6","HIGHERRANK","99","ACCEPTED","KINGDOM","Plantae",,,,,,,"Plantae",,"6",
,"NA NA","Plantae","6","HIGHERRANK","99","ACCEPTED","KINGDOM","Plantae",,,,,,,"Plantae",,"6",
,"NA NA","Plantae","6","HIGHERRANK","99","ACCEPTED","KINGDOM","Plantae",,,,,,,"Plantae",,"6",
,"NA NA","Plantae","6","HIGHERRANK","99","ACCEPTED","KINGDOM","Plantae",,,,,,,"Plantae",,"6",
,"NA NA","Plantae","6","HIGHERRANK","99","ACCEPTED","KINGDOM","Plantae",,,,,,,"Plantae",,"6",
,"NA NA","Plantae","6","HIGHERRANK","99","ACCEPTED","KINGDOM","Plantae",,,,,,,"Plantae",,"6",
,"NA NA","Plantae","6","HIGHERRANK","99","ACCEPTED","KINGDOM","Plantae",,,,,,,"Plantae",,"6",
,"NA NA","Plantae","6","HIGHERRANK","99","ACCEPTED","KINGDOM","Plantae",,,,,,,"Plantae",,"6",
,"NA NA","Plantae","6","HIGHERRANK","99","ACCEPTED","KINGDOM","Plantae",,,,,,,"Plantae",,"6",
,"NA NA","Plantae","6","HIGHERRANK","99","ACCEPTED","KINGDOM","Plantae",,,,,,,"Plantae",,"6",
,"NA NA","Plantae","6","HIGHERRANK","99","ACCEPTED","KINGDOM","Plantae",,,,,,,"Plantae",,"6",
,"NA NA","Plantae","6","HIGHERRANK","99","ACCEPTED","KINGDOM","Plantae",,,,,,,"Plantae",,"6",
,"NA NA","Plantae","6","HIGHERRANK","99","ACCEPTED","KINGDOM","Plantae",,,,,,,"Plantae",,"6",
,"NA NA","Plantae","6","HIGHERRANK","99","ACCEPTED","KINGDOM","Plantae",,,,,,,"Plantae",,"6",
,"NA NA","Plantae","6","HIGHERRANK","99","ACCEPTED","KINGDOM","Plantae",,,,,,,"Plantae",,"6",
,"NA NA","Plantae","6","HIGHERRANK","99","ACCEPTED","KINGDOM","Plantae",,,,,,,"Plantae",,"6",
,"NA NA","Plantae","6","HIGHERRANK","99","ACCEPTED","KINGDOM","Plantae",,,,,,,"Plantae",,"6",
,"NA NA","Plantae","6","HIGHERRANK","99","ACCEPTED","KINGDOM","Plantae",,,,,,,"Plantae",,"6",
,"NA NA","Plantae","6","HIGHERRANK","99","ACCEPTED","KINGDOM","Plantae",,,,,,,"Plantae",,"6",
,"NA NA","Plantae","6","HIGHERRANK","99","ACCEPTED","KINGDOM","Plantae",,,,,,,"Plantae",,"6",
,"NA NA","Plantae","6","HIGHERRANK","99","ACCEPTED","KINGDOM","Plantae",,,,,,,"Plantae",,"6",
,"NA NA","Plantae","6","HIGHERRANK","99","ACCEPTED","KINGDOM","Plantae",,,,,,,"Plantae",,"6",
,"NA NA","Plantae","6","HIGHERRANK","99","ACCEPTED","KINGDOM","Plantae",,,,,,,"Plantae",,"6",
,"NA NA","Plantae","6","HIGHERRANK","99","ACCEPTED","KINGDOM","Plantae",,,,,,,"Plantae",,"6",
,"NA NA","Plantae","6","HIGHERRANK","99","ACCEPTED","KINGDOM","Plantae",,,,,,,"Plantae",,"6",
,"NA NA","Plantae","6","HIGHERRANK","99","ACCEPTED","KINGDOM","Plantae",,,,,,,"Plantae",,"6",
,"NA NA","Plantae","6","HIGHERRANK","99","ACCEPTED","KINGDOM","Plantae",,,,,,,"Plantae",,"6",
,"NA NA","Plantae","6","HIGHERRANK","99","ACCEPTED","KINGDOM","Plantae",,,,,,,"Plantae",,"6",
,"NA NA","Plantae","6","HIGHERRANK","99","ACCEPTED","KINGDOM","Plantae",,,,,,,"Plantae",,"6",
,"NA NA","Plantae","6","HIGHERRANK","99","ACCEPTED","KINGDOM","Plantae",,,,,,,"Plantae",,"6",
,"NA NA","Plantae","6","HIGHERRANK","99","ACCEPTED","KINGDOM","Plantae",,,,,,,"Plantae",,"6",
,"NA NA","Plantae","6","HIGHERRANK","99","ACCEPTED","KINGDOM","Plantae",,,,,,,"Plantae",,"6",
,"NA NA","Plantae","6","HIGHERRANK","99","ACCEPTED","KINGDOM","Plantae",,,,,,,"Plantae",,"6",
,"NA NA","Plantae","6","HIGHERRANK","99","ACCEPTED","KINGDOM","Plantae",,,,,,,"Plantae",,"6",
,"NA NA","Plantae","6","HIGHERRANK","99","ACCEPTED","KINGDOM","Plantae",,,,,,,"Plantae",,"6",
,"NA NA","Plantae","6","HIGHERRANK","99","ACCEPTED","KINGDOM","Plantae",,,,,,,"Plantae",,"6",
,"NA NA","Plantae","6","HIGHERRANK","99","ACCEPTED","KINGDOM","Plantae",,,,,,,"Plantae",,"6",
,"NA NA","Plantae","6","HIGHERRANK","99","ACCEPTED","KINGDOM","Plantae",,,,,,,"Plantae",,"6",
,"NA NA","Plantae","6","HIGHERRANK","99","ACCEPTED","KINGDOM","Plantae",,,,,,,"Plantae",,"6",
,"NA NA","Plantae","6","HIGHERRANK","99","ACCEPTED","KINGDOM","Plantae",,,,,,,"Plantae",,"6",
,"NA NA","Plantae","6","HIGHERRANK","99","ACCEPTED","KINGDOM","Plantae",,,,,,,"Plantae",,"6",
,"NA NA","Plantae","6","HIGHERRANK","99","ACCEPTED","KINGDOM","Plantae",,,,,,,"Plantae",,"6",
,"NA NA","Plantae","6","HIGHERRANK","99","ACCEPTED","KINGDOM","Plantae",,,,,,,"Plantae",,"6",
,"NA NA","Plantae","6","HIGHERRANK","99","ACCEPTED","KINGDOM","Plantae",,,,,,,"Plantae",,"6",
,"NA NA","Plantae","6","HIGHERRANK","99","ACCEPTED","KINGDOM","Plantae",,,,,,,"Plantae",,"6",
,"NA NA","Plantae","6","HIGHERRANK","99","ACCEPTED","KINGDOM","Plantae",,,,,,,"Plantae",,"6",
,"NA NA","Plantae","6","HIGHERRANK","99","ACCEPTED","KINGDOM","Plantae",,,,,,,"Plantae",,"6",
,"NA NA","Plantae","6","HIGHERRANK","99","ACCEPTED","KINGDOM","Plantae",,,,,,,"Plantae",,"6",
,"NA NA","Plantae","6","HIGHERRANK","99","ACCEPTED","KINGDOM","Plantae",,,,,,,"Plantae",,"6",
,"NA NA","Plantae","6","HIGHERRANK","99","ACCEPTED","KINGDOM","Plantae",,,,,,,"Plantae",,"6",
,"NA NA","Plantae","6","HIGHERRANK","99","ACCEPTED","KINGDOM","Plantae",,,,,,,"Plantae",,"6",
,"NA NA","Plantae","6","HIGHERRANK","99","ACCEPTED","KINGDOM","Plantae",,,,,,,"Plantae",,"6",
,"NA NA","Plantae","6","HIGHERRANK","99","ACCEPTED","KINGDOM","Plantae",,,,,,,"Plantae",,"6",
,"NA NA","Plantae","6","HIGHERRANK","99","ACCEPTED","KINGDOM","Plantae",,,,,,,"Plantae",,"6",
,"NA NA","Plantae","6","HIGHERRANK","99","ACCEPTED","KINGDOM","Plantae",,,,,,,"Plantae",,"6",
,"NA NA","Plantae","6","HIGHERRANK","99","ACCEPTED","KINGDOM","Plantae",,,,,,,"Plantae",,"6",
,"NA NA","Plantae","6","HIGHERRANK","99","ACCEPTED","KINGDOM","Plantae",,,,,,,"Plantae",,"6",
,"NA NA","Plantae","6","HIGHERRANK","99","ACCEPTED","KINGDOM","Plantae",,,,,,,"Plantae",,"6",
,"NA NA","Plantae","6","HIGHERRANK","99","ACCEPTED","KINGDOM","Plantae",,,,,,,"Plantae",,"6",
,"NA NA","Plantae","6","HIGHERRANK","99","ACCEPTED","KINGDOM","Plantae",,,,,,,"Plantae",,"6",
,"NA NA","Plantae","6","HIGHERRANK","99","ACCEPTED","KINGDOM","Plantae",,,,,,,"Plantae",,"6",
,"NA NA","Plantae","6","HIGHERRANK","99","ACCEPTED","KINGDOM","Plantae",,,,,,,"Plantae",,"6",
,"NA NA","Plantae","6","HIGHERRANK","99","ACCEPTED","KINGDOM","Plantae",,,,,,,"Plantae",,"6",
,"NA NA","Plantae","6","HIGHERRANK","99","ACCEPTED","KINGDOM","Plantae",,,,,,,"Plantae",,"6",
,"NA NA","Plantae","6","HIGHERRANK","99","ACCEPTED","KINGDOM","Plantae",,,,,,,"Plantae",,"6",
,"NA NA","Plantae","6","HIGHERRANK","99","ACCEPTED","KINGDOM","Plantae",,,,,,,"Plantae",,"6",
,"NA NA","Plantae","6","HIGHERRANK","99","ACCEPTED","KINGDOM","Plantae",,,,,,,"Plantae",,"6",
,"NA NA","Plantae","6","HIGHERRANK","99","ACCEPTED","KINGDOM","Plantae",,,,,,,"Plantae",,"6",
,"NA NA","Plantae","6","HIGHERRANK","99","ACCEPTED","KINGDOM","Plantae",,,,,,,"Plantae",,"6",
,"NA NA","Plantae","6","HIGHERRANK","99","ACCEPTED","KINGDOM","Plantae",,,,,,,"Plantae",,"6",
,"NA NA","Plantae","6","HIGHERRANK","99","ACCEPTED","KINGDOM","Plantae",,,,,,,"Plantae",,"6",
,"NA NA","Plantae","6","HIGHERRANK","99","ACCEPTED","KINGDOM","Plantae",,,,,,,"Plantae",,"6",
,"NA NA","Plantae","6","HIGHERRANK","99","ACCEPTED","KINGDOM","Plantae",,,,,,,"Plantae",,"6",
,"NA NA","Plantae","6","HIGHERRANK","99","ACCEPTED","KINGDOM","Plantae",,,,,,,"Plantae",,"6",
,"NA NA","Plantae","6","HIGHERRANK","99","ACCEPTED","KINGDOM","Plantae",,,,,,,"Plantae",,"6",
,"NA NA","Plantae","6","HIGHERRANK","99","ACCEPTED","KINGDOM","Plantae",,,,,,,"Plantae",,"6",
,"NA NA","Plantae","6","HIGHERRANK","99","ACCEPTED","KINGDOM","Plantae",,,,,,,"Plantae",,"6",
,"NA NA","Plantae","6","HIGHERRANK","99","ACCEPTED","KINGDOM","Plantae",,,,,,,"Plantae",,"6",
,"NA NA","Plantae","6","HIGHERRANK","99","ACCEPTED","KINGDOM","Plantae",,,,,,,"Plantae",,"6",
,"NA NA","Plantae","6","HIGHERRANK","99","ACCEPTED","KINGDOM","Plantae",,,,,,,"Plantae",,"6",
,"NA NA","Plantae","6","HIGHERRANK","99","ACCEPTED","KINGDOM","Plantae",,,,,,,"Plantae",,"6",
,"NA NA","Plantae","6","HIGHERRANK","99","ACCEPTED","KINGDOM","Plantae",,,,,,,"Plantae",,"6",
,"NA NA","Plantae","6","HIGHERRANK","99","ACCEPTED","KINGDOM","Plantae",,,,,,,"Plantae",,"6",
,"NA NA","Plantae","6","HIGHERRANK","99","ACCEPTED","KINGDOM","Plantae",,,,,,,"Plantae",,"6",
,"NA NA","Plantae","6","HIGHERRANK","99","ACCEPTED","KINGDOM","Plantae",,,,,,,"Plantae",,"6",
,"NA NA","Plantae","6","HIGHERRANK","99","ACCEPTED","KINGDOM","Plantae",,,,,,,"Plantae",,"6",
,"NA NA","Plantae","6","HIGHERRANK","99","ACCEPTED","KINGDOM","Plantae",,,,,,,"Plantae",,"6",
,"NA NA","Plantae","6","HIGHERRANK","99","ACCEPTED","KINGDOM","Plantae",,,,,,,"Plantae",,"6",
,"NA NA","Plantae","6","HIGHERRANK","99","ACCEPTED","KINGDOM","Plantae",,,,,,,"Plantae",,"6",
,"NA NA","Plantae","6","HIGHERRANK","99","ACCEPTED","KINGDOM","Plantae",,,,,,,"Plantae",,"6",
,"NA NA","Plantae","6","HIGHERRANK","99","ACCEPTED","KINGDOM","Plantae",,,,,,,"Plantae",,"6",
,"NA NA","Plantae","6","HIGHERRANK","99","ACCEPTED","KINGDOM","Plantae",,,,,,,"Plantae",,"6",
,"NA NA","Plantae","6","HIGHERRANK","99","ACCEPTED","KINGDOM","Plantae",,,,,,,"Plantae",,"6",
,"NA NA","Plantae","6","HIGHERRANK","99","ACCEPTED","KINGDOM","Plantae",,,,,,,"Plantae",,"6",
,"NA NA","Plantae","6","HIGHERRANK","99","ACCEPTED","KINGDOM","Plantae",,,,,,,"Plantae",,"6",
,"NA NA","Plantae","6","HIGHERRANK","99","ACCEPTED","KINGDOM","Plantae",,,,,,,"Plantae",,"6",
,"NA NA","Plantae","6","HIGHERRANK","99","ACCEPTED","KINGDOM","Plantae",,,,,,,"Plantae",,"6",
,"NA NA","Plantae","6","HIGHERRANK","99","ACCEPTED","KINGDOM","Plantae",,,,,,,"Plantae",,"6",
,"NA NA","Plantae","6","HIGHERRANK","99","ACCEPTED","KINGDOM","Plantae",,,,,,,"Plantae",,"6",
,"NA NA","Plantae","6","HIGHERRANK","99","ACCEPTED","KINGDOM","Plantae",,,,,,,"Plantae",,"6",
,"NA NA","Plantae","6","HIGHERRANK","99","ACCEPTED","KINGDOM","Plantae",,,,,,,"Plantae",,"6",
,"NA NA","Plantae","6","HIGHERRANK","99","ACCEPTED","KINGDOM","Plantae",,,,,,,"Plantae",,"6",
,"NA NA","Plantae","6","HIGHERRANK","99","ACCEPTED","KINGDOM","Plantae",,,,,,,"Plantae",,"6",
,"NA NA","Plantae","6","HIGHERRANK","99","ACCEPTED","KINGDOM","Plantae",,,,,,,"Plantae",,"6",
,"NA NA","Plantae","6","HIGHERRANK","99","ACCEPTED","KINGDOM","Plantae",,,,,,,"Plantae",,"6",
,"NA NA","Plantae","6","HIGHERRANK","99","ACCEPTED","KINGDOM","Plantae",,,,,,,"Plantae",,"6",
,"NA NA","Plantae","6","HIGHERRANK","99","ACCEPTED","KINGDOM","Plantae",,,,,,,"Plantae",,"6",
,"NA NA","Plantae","6","HIGHERRANK","99","ACCEPTED","KINGDOM","Plantae",,,,,,,"Plantae",,"6",
,"NA NA","Plantae","6","HIGHERRANK","99","ACCEPTED","KINGDOM","Plantae",,,,,,,"Plantae",,"6",
,"NA NA","Plantae","6","HIGHERRANK","99","ACCEPTED","KINGDOM","Plantae",,,,,,,"Plantae",,"6",
,"NA NA","Plantae","6","HIGHERRANK","99","ACCEPTED","KINGDOM","Plantae",,,,,,,"Plantae",,"6",
,"NA NA","Plantae","6","HIGHERRANK","99","ACCEPTED","KINGDOM","Plantae",,,,,,,"Plantae",,"6",
,"NA NA","Plantae","6","HIGHERRANK","99","ACCEPTED","KINGDOM","Plantae",,,,,,,"Plantae",,"6",
,"NA NA","Plantae","6","HIGHERRANK","99","ACCEPTED","KINGDOM","Plantae",,,,,,,"Plantae",,"6",
,"NA NA","Plantae","6","HIGHERRANK","99","ACCEPTED","KINGDOM","Plantae",,,,,,,"Plantae",,"6",
,"NA NA","Plantae","6","HIGHERRANK","99","ACCEPTED","KINGDOM","Plantae",,,,,,,"Plantae",,"6",
,"NA NA","Plantae","6","HIGHERRANK","99","ACCEPTED","KINGDOM","Plantae",,,,,,,"Plantae",,"6",
,"NA NA","Plantae","6","HIGHERRANK","99","ACCEPTED","KINGDOM","Plantae",,,,,,,"Plantae",,"6",
,"NA NA","Plantae","6","HIGHERRANK","99","ACCEPTED","KINGDOM","Plantae",,,,,,,"Plantae",,"6",
,"NA NA","Plantae","6","HIGHERRANK","99","ACCEPTED","KINGDOM","Plantae",,,,,,,"Plantae",,"6",
,"NA NA","Plantae","6","HIGHERRANK","99","ACCEPTED","KINGDOM","Plantae",,,,,,,"Plantae",,"6",
,"NA NA","Plantae","6","HIGHERRANK","99","ACCEPTED","KINGDOM","Plantae",,,,,,,"Plantae",,"6",
,"NA NA","Plantae","6","HIGHERRANK","99","ACCEPTED","KINGDOM","Plantae",,,,,,,"Plantae",,"6",
,"NA NA","Plantae","6","HIGHERRANK","99","ACCEPTED","KINGDOM","Plantae",,,,,,,"Plantae",,"6",
,"NA NA","Plantae","6","HIGHERRANK","99","ACCEPTED","KINGDOM","Plantae",,,,,,,"Plantae",,"6",
,"NA NA","Plantae","6","HIGHERRANK","99","ACCEPTED","KINGDOM","Plantae",,,,,,,"Plantae",,"6",
,"NA NA","Plantae","6","HIGHERRANK","99","ACCEPTED","KINGDOM","Plantae",,,,,,,"Plantae",,"6",
,"NA NA","Plantae","6","HIGHERRANK","99","ACCEPTED","KINGDOM","Plantae",,,,,,,"Plantae",,"6",
,"NA NA","Plantae","6","HIGHERRANK","99","ACCEPTED","KINGDOM","Plantae",,,,,,,"Plantae",,"6",
,"NA NA","Plantae","6","HIGHERRANK","99","ACCEPTED","KINGDOM","Plantae",,,,,,,"Plantae",,"6",
,"NA NA","Plantae","6","HIGHERRANK","99","ACCEPTED","KINGDOM","Plantae",,,,,,,"Plantae",,"6",
,"NA NA","Plantae","6","HIGHERRANK","99","ACCEPTED","KINGDOM","Plantae",,,,,,,"Plantae",,"6",
,"NA NA","Plantae","6","HIGHERRANK","99","ACCEPTED","KINGDOM","Plantae",,,,,,,"Plantae",,"6",
,"NA NA","Plantae","6","HIGHERRANK","99","ACCEPTED","KINGDOM","Plantae",,,,,,,"Plantae",,"6",
,"NA NA","Plantae","6","HIGHERRANK","99","ACCEPTED","KINGDOM","Plantae",,,,,,,"Plantae",,"6",
,"NA NA","Plantae","6","HIGHERRANK","99","ACCEPTED","KINGDOM","Plantae",,,,,,,"Plantae",,"6",
,"NA NA","Plantae","6","HIGHERRANK","99","ACCEPTED","KINGDOM","Plantae",,,,,,,"Plantae",,"6",
,"NA NA","Plantae","6","HIGHERRANK","99","ACCEPTED","KINGDOM","Plantae",,,,,,,"Plantae",,"6",
,"NA NA","Plantae","6","HIGHERRANK","99","ACCEPTED","KINGDOM","Plantae",,,,,,,"Plantae",,"6",
,"NA NA","Plantae","6","HIGHERRANK","99","ACCEPTED","KINGDOM","Plantae",,,,,,,"Plantae",,"6",
,"NA NA","Plantae","6","HIGHERRANK","99","ACCEPTED","KINGDOM","Plantae",,,,,,,"Plantae",,"6",
,"NA NA","Plantae","6","HIGHERRANK","99","ACCEPTED","KINGDOM","Plantae",,,,,,,"Plantae",,"6",
,"NA NA","Plantae","6","HIGHERRANK","99","ACCEPTED","KINGDOM","Plantae",,,,,,,"Plantae",,"6",
,"NA NA","Plantae","6","HIGHERRANK","99","ACCEPTED","KINGDOM","Plantae",,,,,,,"Plantae",,"6",
,"NA NA","Plantae","6","HIGHERRANK","99","ACCEPTED","KINGDOM","Plantae",,,,,,,"Plantae",,"6",
,"NA NA","Plantae","6","HIGHERRANK","99","ACCEPTED","KINGDOM","Plantae",,,,,,,"Plantae",,"6",
,"NA NA","Plantae","6","HIGHERRANK","99","ACCEPTED","KINGDOM","Plantae",,,,,,,"Plantae",,"6",
,"NA NA","Plantae","6","HIGHERRANK","99","ACCEPTED","KINGDOM","Plantae",,,,,,,"Plantae",,"6",
,"NA NA","Plantae","6","HIGHERRANK","99","ACCEPTED","KINGDOM","Plantae",,,,,,,"Plantae",,"6",
,"NA NA","Plantae","6","HIGHERRANK","99","ACCEPTED","KINGDOM","Plantae",,,,,,,"Plantae",,"6",
,"NA NA","Plantae","6","HIGHERRANK","99","ACCEPTED","KINGDOM","Plantae",,,,,,,"Plantae",,"6",
,"NA NA","Plantae","6","HIGHERRANK","99","ACCEPTED","KINGDOM","Plantae",,,,,,,"Plantae",,"6",
,"NA NA","Plantae","6","HIGHERRANK","99","ACCEPTED","KINGDOM","Plantae",,,,,,,"Plantae",,"6",
,"NA NA","Plantae","6","HIGHERRANK","99","ACCEPTED","KINGDOM","Plantae",,,,,,,"Plantae",,"6",
,"NA NA","Plantae","6","HIGHERRANK","99","ACCEPTED","KINGDOM","Plantae",,,,,,,"Plantae",,"6",
,"NA NA","Plantae","6","HIGHERRANK","99","ACCEPTED","KINGDOM","Plantae",,,,,,,"Plantae",,"6",
,"NA NA","Plantae","6","HIGHERRANK","99","ACCEPTED","KINGDOM","Plantae",,,,,,,"Plantae",,"6",
,"NA NA","Plantae","6","HIGHERRANK","99","ACCEPTED","KINGDOM","Plantae",,,,,,,"Plantae",,"6",
,"NA NA","Plantae","6","HIGHERRANK","99","ACCEPTED","KINGDOM","Plantae",,,,,,,"Plantae",,"6",
,"NA NA","Plantae","6","HIGHERRANK","99","ACCEPTED","KINGDOM","Plantae",,,,,,,"Plantae",,"6",
,"NA NA","Plantae","6","HIGHERRANK","99","ACCEPTED","KINGDOM","Plantae",,,,,,,"Plantae",,"6",
,"NA NA","Plantae","6","HIGHERRANK","99","ACCEPTED","KINGDOM","Plantae",,,,,,,"Plantae",,"6",
,"NA NA","Plantae","6","HIGHERRANK","99","ACCEPTED","KINGDOM","Plantae",,,,,,,"Plantae",,"6",
,"NA NA","Plantae","6","HIGHERRANK","99","ACCEPTED","KINGDOM","Plantae",,,,,,,"Plantae",,"6",
,"NA NA","Plantae","6","HIGHERRANK","99","ACCEPTED","KINGDOM","Plantae",,,,,,,"Plantae",,"6",
,"NA NA","Plantae","6","HIGHERRANK","99","ACCEPTED","KINGDOM","Plantae",,,,,,,"Plantae",,"6",
,"NA NA","Plantae","6","HIGHERRANK","99","ACCEPTED","KINGDOM","Plantae",,,,,,,"Plantae",,"6",
,"NA NA","Plantae","6","HIGHERRANK","99","ACCEPTED","KINGDOM","Plantae",,,,,,,"Plantae",,"6",
,"NA NA","Plantae","6","HIGHERRANK","99","ACCEPTED","KINGDOM","Plantae",,,,,,,"Plantae",,"6",
,"NA NA","Plantae","6","HIGHERRANK","99","ACCEPTED","KINGDOM","Plantae",,,,,,,"Plantae",,"6",
,"NA NA","Plantae","6","HIGHERRANK","99","ACCEPTED","KINGDOM","Plantae",,,,,,,"Plantae",,"6",
,"NA NA","Plantae","6","HIGHERRANK","99","ACCEPTED","KINGDOM","Plantae",,,,,,,"Plantae",,"6",
,"NA NA","Plantae","6","HIGHERRANK","99","ACCEPTED","KINGDOM","Plantae",,,,,,,"Plantae",,"6",
,"NA NA","Plantae","6","HIGHERRANK","99","ACCEPTED","KINGDOM","Plantae",,,,,,,"Plantae",,"6",
,"NA NA","Plantae","6","HIGHERRANK","99","ACCEPTED","KINGDOM","Plantae",,,,,,,"Plantae",,"6",
,"NA NA","Plantae","6","HIGHERRANK","99","ACCEPTED","KINGDOM","Plantae",,,,,,,"Plantae",,"6",
,"NA NA","Plantae","6","HIGHERRANK","99","ACCEPTED","KINGDOM","Plantae",,,,,,,"Plantae",,"6",
,"NA NA","Plantae","6","HIGHERRANK","99","ACCEPTED","KINGDOM","Plantae",,,,,,,"Plantae",,"6",
,"NA NA","Plantae","6","HIGHERRANK","99","ACCEPTED","KINGDOM","Plantae",,,,,,,"Plantae",,"6",
,"NA NA","Plantae","6","HIGHERRANK","99","ACCEPTED","KINGDOM","Plantae",,,,,,,"Plantae",,"6",
,"NA NA","Plantae","6","HIGHERRANK","99","ACCEPTED","KINGDOM","Plantae",,,,,,,"Plantae",,"6",
,"NA NA","Plantae","6","HIGHERRANK","99","ACCEPTED","KINGDOM","Plantae",,,,,,,"Plantae",,"6",
,"NA NA","Plantae","6","HIGHERRANK","99","ACCEPTED","KINGDOM","Plantae",,,,,,,"Plantae",,"6",
,"NA NA","Plantae","6","HIGHERRANK","99","ACCEPTED","KINGDOM","Plantae",,,,,,,"Plantae",,"6",
,"NA NA","Plantae","6","HIGHERRANK","99","ACCEPTED","KINGDOM","Plantae",,,,,,,"Plantae",,"6",
,"NA NA","Plantae","6","HIGHERRANK","99","ACCEPTED","KINGDOM","Plantae",,,,,,,"Plantae",,"6",
,"NA NA","Plantae","6","HIGHERRANK","99","ACCEPTED","KINGDOM","Plantae",,,,,,,"Plantae",,"6",
,"NA NA","Plantae","6","HIGHERRANK","99","ACCEPTED","KINGDOM","Plantae",,,,,,,"Plantae",,"6",
,"NA NA","Plantae","6","HIGHERRANK","99","ACCEPTED","KINGDOM","Plantae",,,,,,,"Plantae",,"6",
,"NA NA","Plantae","6","HIGHERRANK","99","ACCEPTED","KINGDOM","Plantae",,,,,,,"Plantae",,"6",
,"NA NA","Plantae","6","HIGHERRANK","99","ACCEPTED","KINGDOM","Plantae",,,,,,,"Plantae",,"6",
,"NA NA","Plantae","6","HIGHERRANK","99","ACCEPTED","KINGDOM","Plantae",,,,,,,"Plantae",,"6",
,"NA NA","Plantae","6","HIGHERRANK","99","ACCEPTED","KINGDOM","Plantae",,,,,,,"Plantae",,"6",
,"NA NA","Plantae","6","HIGHERRANK","99","ACCEPTED","KINGDOM","Plantae",,,,,,,"Plantae",,"6",
,"NA NA","Plantae","6","HIGHERRANK","99","ACCEPTED","KINGDOM","Plantae",,,,,,,"Plantae",,"6",
,"NA NA","Plantae","6","HIGHERRANK","99","ACCEPTED","KINGDOM","Plantae",,,,,,,"Plantae",,"6",
,"NA NA","Plantae","6","HIGHERRANK","99","ACCEPTED","KINGDOM","Plantae",,,,,,,"Plantae",,"6",
,"NA NA","Plantae","6","HIGHERRANK","99","ACCEPTED","KINGDOM","Plantae",,,,,,,"Plantae",,"6",
,"NA NA","Plantae","6","HIGHERRANK","99","ACCEPTED","KINGDOM","Plantae",,,,,,,"Plantae",,"6",
,"NA NA","Plantae","6","HIGHERRANK","99","ACCEPTED","KINGDOM","Plantae",,,,,,,"Plantae",,"6",
,"NA NA","Plantae","6","HIGHERRANK","99","ACCEPTED","KINGDOM","Plantae",,,,,,,"Plantae",,"6",
,"NA NA","Plantae","6","HIGHERRANK","99","ACCEPTED","KINGDOM","Plantae",,,,,,,"Plantae",,"6",
,"NA NA","Plantae","6","HIGHERRANK","99","ACCEPTED","KINGDOM","Plantae",,,,,,,"Plantae",,"6",
,"NA NA","Plantae","6","HIGHERRANK","99","ACCEPTED","KINGDOM","Plantae",,,,,,,"Plantae",,"6",
,"NA NA","Plantae","6","HIGHERRANK","99","ACCEPTED","KINGDOM","Plantae",,,,,,,"Plantae",,"6",
,"NA NA","Plantae","6","HIGHERRANK","99","ACCEPTED","KINGDOM","Plantae",,,,,,,"Plantae",,"6",
,"NA NA","Plantae","6","HIGHERRANK","99","ACCEPTED","KINGDOM","Plantae",,,,,,,"Plantae",,"6",
,"NA NA","Plantae","6","HIGHERRANK","99","ACCEPTED","KINGDOM","Plantae",,,,,,,"Plantae",,"6",
,"NA NA","Plantae","6","HIGHERRANK","99","ACCEPTED","KINGDOM","Plantae",,,,,,,"Plantae",,"6",
,"NA NA","Plantae","6","HIGHERRANK","99","ACCEPTED","KINGDOM","Plantae",,,,,,,"Plantae",,"6",
,"NA NA","Plantae","6","HIGHERRANK","99","ACCEPTED","KINGDOM","Plantae",,,,,,,"Plantae",,"6",
,"NA NA","Plantae","6","HIGHERRANK","99","ACCEPTED","KINGDOM","Plantae",,,,,,,"Plantae",,"6",
,"NA NA","Plantae","6","HIGHERRANK","99","ACCEPTED","KINGDOM","Plantae",,,,,,,"Plantae",,"6",
,"NA NA","Plantae","6","HIGHERRANK","99","ACCEPTED","KINGDOM","Plantae",,,,,,,"Plantae",,"6",
,"NA NA","Plantae","6","HIGHERRANK","99","ACCEPTED","KINGDOM","Plantae",,,,,,,"Plantae",,"6",
,"NA NA","Plantae","6","HIGHERRANK","99","ACCEPTED","KINGDOM","Plantae",,,,,,,"Plantae",,"6",
,"NA NA","Plantae","6","HIGHERRANK","99","ACCEPTED","KINGDOM","Plantae",,,,,,,"Plantae",,"6",
,"NA NA","Plantae","6","HIGHERRANK","99","ACCEPTED","KINGDOM","Plantae",,,,,,,"Plantae",,"6",
,"NA NA","Plantae","6","HIGHERRANK","99","ACCEPTED","KINGDOM","Plantae",,,,,,,"Plantae",,"6",
,"NA NA","Plantae","6","HIGHERRANK","99","ACCEPTED","KINGDOM","Plantae",,,,,,,"Plantae",,"6",
,"NA NA","Plantae","6","HIGHERRANK","99","ACCEPTED","KINGDOM","Plantae",,,,,,,"Plantae",,"6",
,"NA NA","Plantae","6","HIGHERRANK","99","ACCEPTED","KINGDOM","Plantae",,,,,,,"Plantae",,"6",
,"NA NA","Plantae","6","HIGHERRANK","99","ACCEPTED","KINGDOM","Plantae",,,,,,,"Plantae",,"6",
,"NA NA","Plantae","6","HIGHERRANK","99","ACCEPTED","KINGDOM","Plantae",,,,,,,"Plantae",,"6",
,"NA NA","Plantae","6","HIGHERRANK","99","ACCEPTED","KINGDOM","Plantae",,,,,,,"Plantae",,"6",
,"NA NA","Plantae","6","HIGHERRANK","99","ACCEPTED","KINGDOM","Plantae",,,,,,,"Plantae",,"6",
,"NA NA","Plantae","6","HIGHERRANK","99","ACCEPTED","KINGDOM","Plantae",,,,,,,"Plantae",,"6",
,"NA NA","Plantae","6","HIGHERRANK","99","ACCEPTED","KINGDOM","Plantae",,,,,,,"Plantae",,"6",
,"NA NA","Plantae","6","HIGHERRANK","99","ACCEPTED","KINGDOM","Plantae",,,,,,,"Plantae",,"6",
,"NA NA","Plantae","6","HIGHERRANK","99","ACCEPTED","KINGDOM","Plantae",,,,,,,"Plantae",,"6",
,"NA NA","Plantae","6","HIGHERRANK","99","ACCEPTED","KINGDOM","Plantae",,,,,,,"Plantae",,"6",
,"NA NA","Plantae","6","HIGHERRANK","99","ACCEPTED","KINGDOM","Plantae",,,,,,,"Plantae",,"6",
,"NA NA","Plantae","6","HIGHERRANK","99","ACCEPTED","KINGDOM","Plantae",,,,,,,"Plantae",,"6",
,"NA NA","Plantae","6","HIGHERRANK","99","ACCEPTED","KINGDOM","Plantae",,,,,,,"Plantae",,"6",
,"NA NA","Plantae","6","HIGHERRANK","99","ACCEPTED","KINGDOM","Plantae",,,,,,,"Plantae",,"6",
,"NA NA","Plantae","6","HIGHERRANK","99","ACCEPTED","KINGDOM","Plantae",,,,,,,"Plantae",,"6",
,"NA NA","Plantae","6","HIGHERRANK","99","ACCEPTED","KINGDOM","Plantae",,,,,,,"Plantae",,"6",
,"NA NA","Plantae","6","HIGHERRANK","99","ACCEPTED","KINGDOM","Plantae",,,,,,,"Plantae",,"6",
,"NA NA","Plantae","6","HIGHERRANK","99","ACCEPTED","KINGDOM","Plantae",,,,,,,"Plantae",,"6",
,"NA NA","Plantae","6","HIGHERRANK","99","ACCEPTED","KINGDOM","Plantae",,,,,,,"Plantae",,"6",
,"NA NA","Plantae","6","HIGHERRANK","99","ACCEPTED","KINGDOM","Plantae",,,,,,,"Plantae",,"6",
,"NA NA","Plantae","6","HIGHERRANK","99","ACCEPTED","KINGDOM","Plantae",,,,,,,"Plantae",,"6",
,"NA NA","Plantae","6","HIGHERRANK","99","ACCEPTED","KINGDOM","Plantae",,,,,,,"Plantae",,"6",
,"NA NA","Plantae","6","HIGHERRANK","99","ACCEPTED","KINGDOM","Plantae",,,,,,,"Plantae",,"6",
,"NA NA","Plantae","6","HIGHERRANK","99","ACCEPTED","KINGDOM","Plantae",,,,,,,"Plantae",,"6",
,"NA NA","Plantae","6","HIGHERRANK","99","ACCEPTED","KINGDOM","Plantae",,,,,,,"Plantae",,"6",
,"NA NA","Plantae","6","HIGHERRANK","99","ACCEPTED","KINGDOM","Plantae",,,,,,,"Plantae",,"6",
,"NA NA","Plantae","6","HIGHERRANK","99","ACCEPTED","KINGDOM","Plantae",,,,,,,"Plantae",,"6",
,"NA NA","Plantae","6","HIGHERRANK","99","ACCEPTED","KINGDOM","Plantae",,,,,,,"Plantae",,"6",
,"NA NA","Plantae","6","HIGHERRANK","99","ACCEPTED","KINGDOM","Plantae",,,,,,,"Plantae",,"6",
,"NA NA","Plantae","6","HIGHERRANK","99","ACCEPTED","KINGDOM","Plantae",,,,,,,"Plantae",,"6",
,"NA NA","Plantae","6","HIGHERRANK","99","ACCEPTED","KINGDOM","Plantae",,,,,,,"Plantae",,"6",
,"NA NA","Plantae","6","HIGHERRANK","99","ACCEPTED","KINGDOM","Plantae",,,,,,,"Plantae",,"6",
,"NA NA","Plantae","6","HIGHERRANK","99","ACCEPTED","KINGDOM","Plantae",,,,,,,"Plantae",,"6",
,"NA NA","Plantae","6","HIGHERRANK","99","ACCEPTED","KINGDOM","Plantae",,,,,,,"Plantae",,"6",
,"NA NA","Plantae","6","HIGHERRANK","99","ACCEPTED","KINGDOM","Plantae",,,,,,,"Plantae",,"6",
,"NA NA","Plantae","6","HIGHERRANK","99","ACCEPTED","KINGDOM","Plantae",,,,,,,"Plantae",,"6",
,"NA NA","Plantae","6","HIGHERRANK","99","ACCEPTED","KINGDOM","Plantae",,,,,,,"Plantae",,"6",
,"NA NA","Plantae","6","HIGHERRANK","99","ACCEPTED","KINGDOM","Plantae",,,,,,,"Plantae",,"6",
,"NA NA","Plantae","6","HIGHERRANK","99","ACCEPTED","KINGDOM","Plantae",,,,,,,"Plantae",,"6",
,"NA NA","Plantae","6","HIGHERRANK","99","ACCEPTED","KINGDOM","Plantae",,,,,,,"Plantae",,"6",
,"NA NA","Plantae","6","HIGHERRANK","99","ACCEPTED","KINGDOM","Plantae",,,,,,,"Plantae",,"6",
,"NA NA","Plantae","6","HIGHERRANK","99","ACCEPTED","KINGDOM","Plantae",,,,,,,"Plantae",,"6",
,"NA NA","Plantae","6","HIGHERRANK","99","ACCEPTED","KINGDOM","Plantae",,,,,,,"Plantae",,"6",
,"NA NA","Plantae","6","HIGHERRANK","99","ACCEPTED","KINGDOM","Plantae",,,,,,,"Plantae",,"6",
,"NA NA","Plantae","6","HIGHERRANK","99","ACCEPTED","KINGDOM","Plantae",,,,,,,"Plantae",,"6",
,"NA NA","Plantae","6","HIGHERRANK","99","ACCEPTED","KINGDOM","Plantae",,,,,,,"Plantae",,"6",
,"NA NA","Plantae","6","HIGHERRANK","99","ACCEPTED","KINGDOM","Plantae",,,,,,,"Plantae",,"6",
,"NA NA","Plantae","6","HIGHERRANK","99","ACCEPTED","KINGDOM","Plantae",,,,,,,"Plantae",,"6",
,"NA NA","Plantae","6","HIGHERRANK","99","ACCEPTED","KINGDOM","Plantae",,,,,,,"Plantae",,"6",
,"NA NA","Plantae","6","HIGHERRANK","99","ACCEPTED","KINGDOM","Plantae",,,,,,,"Plantae",,"6",
,"NA NA","Plantae","6","HIGHERRANK","99","ACCEPTED","KINGDOM","Plantae",,,,,,,"Plantae",,"6",
,"NA NA","Plantae","6","HIGHERRANK","99","ACCEPTED","KINGDOM","Plantae",,,,,,,"Plantae",,"6",
,"NA NA","Plantae","6","HIGHERRANK","99","ACCEPTED","KINGDOM","Plantae",,,,,,,"Plantae",,"6",
,"NA NA","Plantae","6","HIGHERRANK","99","ACCEPTED","KINGDOM","Plantae",,,,,,,"Plantae",,"6",
,"NA NA","Plantae","6","HIGHERRANK","99","ACCEPTED","KINGDOM","Plantae",,,,,,,"Plantae",,"6",
,"NA NA","Plantae","6","HIGHERRANK","99","ACCEPTED","KINGDOM","Plantae",,,,,,,"Plantae",,"6",
,"NA NA","Plantae","6","HIGHERRANK","99","ACCEPTED","KINGDOM","Plantae",,,,,,,"Plantae",,"6",
,"NA NA","Plantae","6","HIGHERRANK","99","ACCEPTED","KINGDOM","Plantae",,,,,,,"Plantae",,"6",
,"NA NA","Plantae","6","HIGHERRANK","99","ACCEPTED","KINGDOM","Plantae",,,,,,,"Plantae",,"6",
,"NA NA","Plantae","6","HIGHERRANK","99","ACCEPTED","KINGDOM","Plantae",,,,,,,"Plantae",,"6",
,"NA NA","Plantae","6","HIGHERRANK","99","ACCEPTED","KINGDOM","Plantae",,,,,,,"Plantae",,"6",
,"NA NA","Plantae","6","HIGHERRANK","99","ACCEPTED","KINGDOM","Plantae",,,,,,,"Plantae",,"6",
,"NA NA","Plantae","6","HIGHERRANK","99","ACCEPTED","KINGDOM","Plantae",,,,,,,"Plantae",,"6",
,"NA NA","Plantae","6","HIGHERRANK","99","ACCEPTED","KINGDOM","Plantae",,,,,,,"Plantae",,"6",
,"NA NA","Plantae","6","HIGHERRANK","99","ACCEPTED","KINGDOM","Plantae",,,,,,,"Plantae",,"6",
,"NA NA","Plantae","6","HIGHERRANK","99","ACCEPTED","KINGDOM","Plantae",,,,,,,"Plantae",,"6",
,"NA NA","Plantae","6","HIGHERRANK","99","ACCEPTED","KINGDOM","Plantae",,,,,,,"Plantae",,"6",
,"NA NA","Plantae","6","HIGHERRANK","99","ACCEPTED","KINGDOM","Plantae",,,,,,,"Plantae",,"6",
,"NA NA","Plantae","6","HIGHERRANK","99","ACCEPTED","KINGDOM","Plantae",,,,,,,"Plantae",,"6",
,"NA NA","Plantae","6","HIGHERRANK","99","ACCEPTED","KINGDOM","Plantae",,,,,,,"Plantae",,"6",
,"NA NA","Plantae","6","HIGHERRANK","99","ACCEPTED","KINGDOM","Plantae",,,,,,,"Plantae",,"6",
,"NA NA","Plantae","6","HIGHERRANK","99","ACCEPTED","KINGDOM","Plantae",,,,,,,"Plantae",,"6",
,"NA NA","Plantae","6","HIGHERRANK","99","ACCEPTED","KINGDOM","Plantae",,,,,,,"Plantae",,"6",
,"NA NA","Plantae","6","HIGHERRANK","99","ACCEPTED","KINGDOM","Plantae",,,,,,,"Plantae",,"6",
,"NA NA","Plantae","6","HIGHERRANK","99","ACCEPTED","KINGDOM","Plantae",,,,,,,"Plantae",,"6",
,"NA NA","Plantae","6","HIGHERRANK","99","ACCEPTED","KINGDOM","Plantae",,,,,,,"Plantae",,"6",
,"NA NA","Plantae","6","HIGHERRANK","99","ACCEPTED","KINGDOM","Plantae",,,,,,,"Plantae",,"6",
,"NA NA","Plantae","6","HIGHERRANK","99","ACCEPTED","KINGDOM","Plantae",,,,,,,"Plantae",,"6",
,"NA NA","Plantae","6","HIGHERRANK","99","ACCEPTED","KINGDOM","Plantae",,,,,,,"Plantae",,"6",
,"NA NA","Plantae","6","HIGHERRANK","99","ACCEPTED","KINGDOM","Plantae",,,,,,,"Plantae",,"6",
,"NA NA","Plantae","6","HIGHERRANK","99","ACCEPTED","KINGDOM","Plantae",,,,,,,"Plantae",,"6",
,"NA NA","Plantae","6","HIGHERRANK","99","ACCEPTED","KINGDOM","Plantae",,,,,,,"Plantae",,"6",
,"NA NA","Plantae","6","HIGHERRANK","99","ACCEPTED","KINGDOM","Plantae",,,,,,,"Plantae",,"6",
,"NA NA","Plantae","6","HIGHERRANK","99","ACCEPTED","KINGDOM","Plantae",,,,,,,"Plantae",,"6",
,"NA NA","Plantae","6","HIGHERRANK","99","ACCEPTED","KINGDOM","Plantae",,,,,,,"Plantae",,"6",
,"NA NA","Plantae","6","HIGHERRANK","99","ACCEPTED","KINGDOM","Plantae",,,,,,,"Plantae",,"6",
,"NA NA","Plantae","6","HIGHERRANK","99","ACCEPTED","KINGDOM","Plantae",,,,,,,"Plantae",,"6",
,"NA NA","Plantae","6","HIGHERRANK","99","ACCEPTED","KINGDOM","Plantae",,,,,,,"Plantae",,"6",
,"NA NA","Plantae","6","HIGHERRANK","99","ACCEPTED","KINGDOM","Plantae",,,,,,,"Plantae",,"6",
,"NA NA","Plantae","6","HIGHERRANK","99","ACCEPTED","KINGDOM","Plantae",,,,,,,"Plantae",,"6",
,"NA NA","Plantae","6","HIGHERRANK","99","ACCEPTED","KINGDOM","Plantae",,,,,,,"Plantae",,"6",
,"NA NA","Plantae","6","HIGHERRANK","99","ACCEPTED","KINGDOM","Plantae",,,,,,,"Plantae",,"6",
,"NA NA","Plantae","6","HIGHERRANK","99","ACCEPTED","KINGDOM","Plantae",,,,,,,"Plantae",,"6",
,"NA NA","Plantae","6","HIGHERRANK","99","ACCEPTED","KINGDOM","Plantae",,,,,,,"Plantae",,"6",
,"NA NA","Plantae","6","HIGHERRANK","99","ACCEPTED","KINGDOM","Plantae",,,,,,,"Plantae",,"6",
,"NA NA","Plantae","6","HIGHERRANK","99","ACCEPTED","KINGDOM","Plantae",,,,,,,"Plantae",,"6",
,"NA NA","Plantae","6","HIGHERRANK","99","ACCEPTED","KINGDOM","Plantae",,,,,,,"Plantae",,"6",
,"NA NA","Plantae","6","HIGHERRANK","99","ACCEPTED","KINGDOM","Plantae",,,,,,,"Plantae",,"6",
,"NA NA","Plantae","6","HIGHERRANK","99","ACCEPTED","KINGDOM","Plantae",,,,,,,"Plantae",,"6",
,"NA NA","Plantae","6","HIGHERRANK","99","ACCEPTED","KINGDOM","Plantae",,,,,,,"Plantae",,"6",
,"NA NA","Plantae","6","HIGHERRANK","99","ACCEPTED","KINGDOM","Plantae",,,,,,,"Plantae",,"6",
,"NA NA","Plantae","6","HIGHERRANK","99","ACCEPTED","KINGDOM","Plantae",,,,,,,"Plantae",,"6",
,"NA NA","Plantae","6","HIGHERRANK","99","ACCEPTED","KINGDOM","Plantae",,,,,,,"Plantae",,"6",
,"NA NA","Plantae","6","HIGHERRANK","99","ACCEPTED","KINGDOM","Plantae",,,,,,,"Plantae",,"6",
,"NA NA","Plantae","6","HIGHERRANK","99","ACCEPTED","KINGDOM","Plantae",,,,,,,"Plantae",,"6",
,"NA NA","Plantae","6","HIGHERRANK","99","ACCEPTED","KINGDOM","Plantae",,,,,,,"Plantae",,"6",
,"NA NA","Plantae","6","HIGHERRANK","99","ACCEPTED","KINGDOM","Plantae",,,,,,,"Plantae",,"6",
,"NA NA","Plantae","6","HIGHERRANK","99","ACCEPTED","KINGDOM","Plantae",,,,,,,"Plantae",,"6",
,"NA NA","Plantae","6","HIGHERRANK","99","ACCEPTED","KINGDOM","Plantae",,,,,,,"Plantae",,"6",
,"NA NA","Plantae","6","HIGHERRANK","99","ACCEPTED","KINGDOM","Plantae",,,,,,,"Plantae",,"6",
,"NA NA","Plantae","6","HIGHERRANK","99","ACCEPTED","KINGDOM","Plantae",,,,,,,"Plantae",,"6",
,"NA NA","Plantae","6","HIGHERRANK","99","ACCEPTED","KINGDOM","Plantae",,,,,,,"Plantae",,"6",
,"NA NA","Plantae","6","HIGHERRANK","99","ACCEPTED","KINGDOM","Plantae",,,,,,,"Plantae",,"6",
,"NA NA","Plantae","6","HIGHERRANK","99","ACCEPTED","KINGDOM","Plantae",,,,,,,"Plantae",,"6",
,"NA NA","Plantae","6","HIGHERRANK","99","ACCEPTED","KINGDOM","Plantae",,,,,,,"Plantae",,"6",
,"NA NA","Plantae","6","HIGHERRANK","99","ACCEPTED","KINGDOM","Plantae",,,,,,,"Plantae",,"6",
,"NA NA","Plantae","6","HIGHERRANK","99","ACCEPTED","KINGDOM","Plantae",,,,,,,"Plantae",,"6",
,"NA NA","Plantae","6","HIGHERRANK","99","ACCEPTED","KINGDOM","Plantae",,,,,,,"Plantae",,"6",
,"NA NA","Plantae","6","HIGHERRANK","99","ACCEPTED","KINGDOM","Plantae",,,,,,,"Plantae",,"6",
,"NA NA","Plantae","6","HIGHERRANK","99","ACCEPTED","KINGDOM","Plantae",,,,,,,"Plantae",,"6",
,"NA NA","Plantae","6","HIGHERRANK","99","ACCEPTED","KINGDOM","Plantae",,,,,,,"Plantae",,"6",
,"NA NA","Plantae","6","HIGHERRANK","99","ACCEPTED","KINGDOM","Plantae",,,,,,,"Plantae",,"6",
,"NA NA","Plantae","6","HIGHERRANK","99","ACCEPTED","KINGDOM","Plantae",,,,,,,"Plantae",,"6",
,"NA NA","Plantae","6","HIGHERRANK","99","ACCEPTED","KINGDOM","Plantae",,,,,,,"Plantae",,"6",
,"NA NA","Plantae","6","HIGHERRANK","99","ACCEPTED","KINGDOM","Plantae",,,,,,,"Plantae",,"6",
,"NA NA","Plantae","6","HIGHERRANK","99","ACCEPTED","KINGDOM","Plantae",,,,,,,"Plantae",,"6",
,"NA NA","Plantae","6","HIGHERRANK","99","ACCEPTED","KINGDOM","Plantae",,,,,,,"Plantae",,"6",
,"NA NA","Plantae","6","HIGHERRANK","99","ACCEPTED","KINGDOM","Plantae",,,,,,,"Plantae",,"6",
,"NA NA","Plantae","6","HIGHERRANK","99","ACCEPTED","KINGDOM","Plantae",,,,,,,"Plantae",,"6",
,"NA NA","Plantae","6","HIGHERRANK","99","ACCEPTED","KINGDOM","Plantae",,,,,,,"Plantae",,"6",
,"NA NA","Plantae","6","HIGHERRANK","99","ACCEPTED","KINGDOM","Plantae",,,,,,,"Plantae",,"6",
,"NA NA","Plantae","6","HIGHERRANK","99","ACCEPTED","KINGDOM","Plantae",,,,,,,"Plantae",,"6",
,"NA NA","Plantae","6","HIGHERRANK","99","ACCEPTED","KINGDOM","Plantae",,,,,,,"Plantae",,"6",
,"NA NA","Plantae","6","HIGHERRANK","99","ACCEPTED","KINGDOM","Plantae",,,,,,,"Plantae",,"6",
,"NA NA","Plantae","6","HIGHERRANK","99","ACCEPTED","KINGDOM","Plantae",,,,,,,"Plantae",,"6",
,"NA NA","Plantae","6","HIGHERRANK","99","ACCEPTED","KINGDOM","Plantae",,,,,,,"Plantae",,"6",
,"NA NA","Plantae","6","HIGHERRANK","99","ACCEPTED","KINGDOM","Plantae",,,,,,,"Plantae",,"6",
,"NA NA","Plantae","6","HIGHERRANK","99","ACCEPTED","KINGDOM","Plantae",,,,,,,"Plantae",,"6",
,"NA NA","Plantae","6","HIGHERRANK","99","ACCEPTED","KINGDOM","Plantae",,,,,,,"Plantae",,"6",
,"NA NA","Plantae","6","HIGHERRANK","99","ACCEPTED","KINGDOM","Plantae",,,,,,,"Plantae",,"6",
,"NA NA","Plantae","6","HIGHERRANK","99","ACCEPTED","KINGDOM","Plantae",,,,,,,"Plantae",,"6",
,"NA NA","Plantae","6","HIGHERRANK","99","ACCEPTED","KINGDOM","Plantae",,,,,,,"Plantae",,"6",
,"NA NA","Plantae","6","HIGHERRANK","99","ACCEPTED","KINGDOM","Plantae",,,,,,,"Plantae",,"6",
,"NA NA","Plantae","6","HIGHERRANK","99","ACCEPTED","KINGDOM","Plantae",,,,,,,"Plantae",,"6",
,"NA NA","Plantae","6","HIGHERRANK","99","ACCEPTED","KINGDOM","Plantae",,,,,,,"Plantae",,"6",
,"NA NA","Plantae","6","HIGHERRANK","99","ACCEPTED","KINGDOM","Plantae",,,,,,,"Plantae",,"6",
,"NA NA","Plantae","6","HIGHERRANK","99","ACCEPTED","KINGDOM","Plantae",,,,,,,"Plantae",,"6",
,"NA NA","Plantae","6","HIGHERRANK","99","ACCEPTED","KINGDOM","Plantae",,,,,,,"Plantae",,"6",
,"NA NA","Plantae","6","HIGHERRANK","99","ACCEPTED","KINGDOM","Plantae",,,,,,,"Plantae",,"6",
,"NA NA","Plantae","6","HIGHERRANK","99","ACCEPTED","KINGDOM","Plantae",,,,,,,"Plantae",,"6",
,"NA NA","Plantae","6","HIGHERRANK","99","ACCEPTED","KINGDOM","Plantae",,,,,,,"Plantae",,"6",
,"NA NA","Plantae","6","HIGHERRANK","99","ACCEPTED","KINGDOM","Plantae",,,,,,,"Plantae",,"6",
,"NA NA","Plantae","6","HIGHERRANK","99","ACCEPTED","KINGDOM","Plantae",,,,,,,"Plantae",,"6",
,"NA NA","Plantae","6","HIGHERRANK","99","ACCEPTED","KINGDOM","Plantae",,,,,,,"Plantae",,"6",
,"NA NA","Plantae","6","HIGHERRANK","99","ACCEPTED","KINGDOM","Plantae",,,,,,,"Plantae",,"6",
,"NA NA","Plantae","6","HIGHERRANK","99","ACCEPTED","KINGDOM","Plantae",,,,,,,"Plantae",,"6",
,"NA NA","Plantae","6","HIGHERRANK","99","ACCEPTED","KINGDOM","Plantae",,,,,,,"Plantae",,"6",
,"NA NA","Plantae","6","HIGHERRANK","99","ACCEPTED","KINGDOM","Plantae",,,,,,,"Plantae",,"6",
,"NA NA","Plantae","6","HIGHERRANK","99","ACCEPTED","KINGDOM","Plantae",,,,,,,"Plantae",,"6",
,"NA NA","Plantae","6","HIGHERRANK","99","ACCEPTED","KINGDOM","Plantae",,,,,,,"Plantae",,"6",
,"NA NA","Plantae","6","HIGHERRANK","99","ACCEPTED","KINGDOM","Plantae",,,,,,,"Plantae",,"6",
,"NA NA","Plantae","6","HIGHERRANK","99","ACCEPTED","KINGDOM","Plantae",,,,,,,"Plantae",,"6",
,"NA NA","Plantae","6","HIGHERRANK","99","ACCEPTED","KINGDOM","Plantae",,,,,,,"Plantae",,"6",
,"NA NA","Plantae","6","HIGHERRANK","99","ACCEPTED","KINGDOM","Plantae",,,,,,,"Plantae",,"6",
,"NA NA","Plantae","6","HIGHERRANK","99","ACCEPTED","KINGDOM","Plantae",,,,,,,"Plantae",,"6",
,"NA NA","Plantae","6","HIGHERRANK","99","ACCEPTED","KINGDOM","Plantae",,,,,,,"Plantae",,"6",
,"NA NA","Plantae","6","HIGHERRANK","99","ACCEPTED","KINGDOM","Plantae",,,,,,,"Plantae",,"6",
,"NA NA","Plantae","6","HIGHERRANK","99","ACCEPTED","KINGDOM","Plantae",,,,,,,"Plantae",,"6",
,"NA NA","Plantae","6","HIGHERRANK","99","ACCEPTED","KINGDOM","Plantae",,,,,,,"Plantae",,"6",
,"NA NA","Plantae","6","HIGHERRANK","99","ACCEPTED","KINGDOM","Plantae",,,,,,,"Plantae",,"6",
,"NA NA","Plantae","6","HIGHERRANK","99","ACCEPTED","KINGDOM","Plantae",,,,,,,"Plantae",,"6",
,"NA NA","Plantae","6","HIGHERRANK","99","ACCEPTED","KINGDOM","Plantae",,,,,,,"Plantae",,"6",
,"NA NA","Plantae","6","HIGHERRANK","99","ACCEPTED","KINGDOM","Plantae",,,,,,,"Plantae",,"6",
,"NA NA","Plantae","6","HIGHERRANK","99","ACCEPTED","KINGDOM","Plantae",,,,,,,"Plantae",,"6",
,"NA NA","Plantae","6","HIGHERRANK","99","ACCEPTED","KINGDOM","Plantae",,,,,,,"Plantae",,"6",
,"NA NA","Plantae","6","HIGHERRANK","99","ACCEPTED","KINGDOM","Plantae",,,,,,,"Plantae",,"6",
,"NA NA","Plantae","6","HIGHERRANK","99","ACCEPTED","KINGDOM","Plantae",,,,,,,"Plantae",,"6",
,"NA NA","Plantae","6","HIGHERRANK","99","ACCEPTED","KINGDOM","Plantae",,,,,,,"Plantae",,"6",
,"NA NA","Plantae","6","HIGHERRANK","99","ACCEPTED","KINGDOM","Plantae",,,,,,,"Plantae",,"6",
,"NA NA","Plantae","6","HIGHERRANK","99","ACCEPTED","KINGDOM","Plantae",,,,,,,"Plantae",,"6",
,"NA NA","Plantae","6","HIGHERRANK","99","ACCEPTED","KINGDOM","Plantae",,,,,,,"Plantae",,"6",
,"NA NA","Plantae","6","HIGHERRANK","99","ACCEPTED","KINGDOM","Plantae",,,,,,,"Plantae",,"6",
,"NA NA","Plantae","6","HIGHERRANK","99","ACCEPTED","KINGDOM","Plantae",,,,,,,"Plantae",,"6",
,"NA NA","Plantae","6","HIGHERRANK","99","ACCEPTED","KINGDOM","Plantae",,,,,,,"Plantae",,"6",
,"NA NA","Plantae","6","HIGHERRANK","99","ACCEPTED","KINGDOM","Plantae",,,,,,,"Plantae",,"6",
,"NA NA","Plantae","6","HIGHERRANK","99","ACCEPTED","KINGDOM","Plantae",,,,,,,"Plantae",,"6",
,"NA NA","Plantae","6","HIGHERRANK","99","ACCEPTED","KINGDOM","Plantae",,,,,,,"Plantae",,"6",
,"NA NA","Plantae","6","HIGHERRANK","99","ACCEPTED","KINGDOM","Plantae",,,,,,,"Plantae",,"6",
,"NA NA","Plantae","6","HIGHERRANK","99","ACCEPTED","KINGDOM","Plantae",,,,,,,"Plantae",,"6",
,"NA NA","Plantae","6","HIGHERRANK","99","ACCEPTED","KINGDOM","Plantae",,,,,,,"Plantae",,"6",
,"NA NA","Plantae","6","HIGHERRANK","99","ACCEPTED","KINGDOM","Plantae",,,,,,,"Plantae",,"6",
,"NA NA","Plantae","6","HIGHERRANK","99","ACCEPTED","KINGDOM","Plantae",,,,,,,"Plantae",,"6",
,"NA NA","Plantae","6","HIGHERRANK","99","ACCEPTED","KINGDOM","Plantae",,,,,,,"Plantae",,"6",
,"NA NA","Plantae","6","HIGHERRANK","99","ACCEPTED","KINGDOM","Plantae",,,,,,,"Plantae",,"6",
,"NA NA","Plantae","6","HIGHERRANK","99","ACCEPTED","KINGDOM","Plantae",,,,,,,"Plantae",,"6",
,"NA NA","Plantae","6","HIGHERRANK","99","ACCEPTED","KINGDOM","Plantae",,,,,,,"Plantae",,"6",
,"NA NA","Plantae","6","HIGHERRANK","99","ACCEPTED","KINGDOM","Plantae",,,,,,,"Plantae",,"6",
,"NA NA","Plantae","6","HIGHERRANK","99","ACCEPTED","KINGDOM","Plantae",,,,,,,"Plantae",,"6",
,"NA NA","Plantae","6","HIGHERRANK","99","ACCEPTED","KINGDOM","Plantae",,,,,,,"Plantae",,"6",
,"NA NA","Plantae","6","HIGHERRANK","99","ACCEPTED","KINGDOM","Plantae",,,,,,,"Plantae",,"6",
,"NA NA","Plantae","6","HIGHERRANK","99","ACCEPTED","KINGDOM","Plantae",,,,,,,"Plantae",,"6",
,"NA NA","Plantae","6","HIGHERRANK","99","ACCEPTED","KINGDOM","Plantae",,,,,,,"Plantae",,"6",
,"NA NA","Plantae","6","HIGHERRANK","99","ACCEPTED","KINGDOM","Plantae",,,,,,,"Plantae",,"6",
,"NA NA","Plantae","6","HIGHERRANK","99","ACCEPTED","KINGDOM","Plantae",,,,,,,"Plantae",,"6",
,"NA NA","Plantae","6","HIGHERRANK","99","ACCEPTED","KINGDOM","Plantae",,,,,,,"Plantae",,"6",
,"NA NA","Plantae","6","HIGHERRANK","99","ACCEPTED","KINGDOM","Plantae",,,,,,,"Plantae",,"6",
,"NA NA","Plantae","6","HIGHERRANK","99","ACCEPTED","KINGDOM","Plantae",,,,,,,"Plantae",,"6",
,"NA NA","Plantae","6","HIGHERRANK","99","ACCEPTED","KINGDOM","Plantae",,,,,,,"Plantae",,"6",
,"NA NA","Plantae","6","HIGHERRANK","99","ACCEPTED","KINGDOM","Plantae",,,,,,,"Plantae",,"6",
,"NA NA","Plantae","6","HIGHERRANK","99","ACCEPTED","KINGDOM","Plantae",,,,,,,"Plantae",,"6",
,"NA NA","Plantae","6","HIGHERRANK","99","ACCEPTED","KINGDOM","Plantae",,,,,,,"Plantae",,"6",
,"NA NA","Plantae","6","HIGHERRANK","99","ACCEPTED","KINGDOM","Plantae",,,,,,,"Plantae",,"6",
,"NA NA","Plantae","6","HIGHERRANK","99","ACCEPTED","KINGDOM","Plantae",,,,,,,"Plantae",,"6",
,"NA NA","Plantae","6","HIGHERRANK","99","ACCEPTED","KINGDOM","Plantae",,,,,,,"Plantae",,"6",
,"NA NA","Plantae","6","HIGHERRANK","99","ACCEPTED","KINGDOM","Plantae",,,,,,,"Plantae",,"6",
,"NA NA","Plantae","6","HIGHERRANK","99","ACCEPTED","KINGDOM","Plantae",,,,,,,"Plantae",,"6",
,"NA NA","Plantae","6","HIGHERRANK","99","ACCEPTED","KINGDOM","Plantae",,,,,,,"Plantae",,"6",
,"NA NA","Plantae","6","HIGHERRANK","99","ACCEPTED","KINGDOM","Plantae",,,,,,,"Plantae",,"6",
,"NA NA","Plantae","6","HIGHERRANK","99","ACCEPTED","KINGDOM","Plantae",,,,,,,"Plantae",,"6",
,"NA NA","Plantae","6","HIGHERRANK","99","ACCEPTED","KINGDOM","Plantae",,,,,,,"Plantae",,"6",
,"NA NA","Plantae","6","HIGHERRANK","99","ACCEPTED","KINGDOM","Plantae",,,,,,,"Plantae",,"6",
,"NA NA","Plantae","6","HIGHERRANK","99","ACCEPTED","KINGDOM","Plantae",,,,,,,"Plantae",,"6",
,"NA NA","Plantae","6","HIGHERRANK","99","ACCEPTED","KINGDOM","Plantae",,,,,,,"Plantae",,"6",
,"NA NA","Plantae","6","HIGHERRANK","99","ACCEPTED","KINGDOM","Plantae",,,,,,,"Plantae",,"6",
,"NA NA","Plantae","6","HIGHERRANK","99","ACCEPTED","KINGDOM","Plantae",,,,,,,"Plantae",,"6",
,"NA NA","Plantae","6","HIGHERRANK","99","ACCEPTED","KINGDOM","Plantae",,,,,,,"Plantae",,"6",
,"NA NA","Plantae","6","HIGHERRANK","99","ACCEPTED","KINGDOM","Plantae",,,,,,,"Plantae",,"6",
,"NA NA","Plantae","6","HIGHERRANK","99","ACCEPTED","KINGDOM","Plantae",,,,,,,"Plantae",,"6",
,"NA NA","Plantae","6","HIGHERRANK","99","ACCEPTED","KINGDOM","Plantae",,,,,,,"Plantae",,"6",
,"NA NA","Plantae","6","HIGHERRANK","99","ACCEPTED","KINGDOM","Plantae",,,,,,,"Plantae",,"6",
,"NA NA","Plantae","6","HIGHERRANK","99","ACCEPTED","KINGDOM","Plantae",,,,,,,"Plantae",,"6",
,"NA NA","Plantae","6","HIGHERRANK","99","ACCEPTED","KINGDOM","Plantae",,,,,,,"Plantae",,"6",
,"NA NA","Plantae","6","HIGHERRANK","99","ACCEPTED","KINGDOM","Plantae",,,,,,,"Plantae",,"6",
,"NA NA","Plantae","6","HIGHERRANK","99","ACCEPTED","KINGDOM","Plantae",,,,,,,"Plantae",,"6",
,"NA NA","Plantae","6","HIGHERRANK","99","ACCEPTED","KINGDOM","Plantae",,,,,,,"Plantae",,"6",
,"NA NA","Plantae","6","HIGHERRANK","99","ACCEPTED","KINGDOM","Plantae",,,,,,,"Plantae",,"6",
,"NA NA","Plantae","6","HIGHERRANK","99","ACCEPTED","KINGDOM","Plantae",,,,,,,"Plantae",,"6",
,"NA NA","Plantae","6","HIGHERRANK","99","ACCEPTED","KINGDOM","Plantae",,,,,,,"Plantae",,"6",
,"NA NA","Plantae","6","HIGHERRANK","99","ACCEPTED","KINGDOM","Plantae",,,,,,,"Plantae",,"6",
,"NA NA","Plantae","6","HIGHERRANK","99","ACCEPTED","KINGDOM","Plantae",,,,,,,"Plantae",,"6",
,"NA NA","Plantae","6","HIGHERRANK","99","ACCEPTED","KINGDOM","Plantae",,,,,,,"Plantae",,"6",
,"NA NA","Plantae","6","HIGHERRANK","99","ACCEPTED","KINGDOM","Plantae",,,,,,,"Plantae",,"6",
,"NA NA","Plantae","6","HIGHERRANK","99","ACCEPTED","KINGDOM","Plantae",,,,,,,"Plantae",,"6",
,"NA NA","Plantae","6","HIGHERRANK","99","ACCEPTED","KINGDOM","Plantae",,,,,,,"Plantae",,"6",
,"NA NA","Plantae","6","HIGHERRANK","99","ACCEPTED","KINGDOM","Plantae",,,,,,,"Plantae",,"6",
,"NA NA","Plantae","6","HIGHERRANK","99","ACCEPTED","KINGDOM","Plantae",,,,,,,"Plantae",,"6",
,"NA NA","Plantae","6","HIGHERRANK","99","ACCEPTED","KINGDOM","Plantae",,,,,,,"Plantae",,"6",
,"NA NA","Plantae","6","HIGHERRANK","99","ACCEPTED","KINGDOM","Plantae",,,,,,,"Plantae",,"6",
,"NA NA","Plantae","6","HIGHERRANK","99","ACCEPTED","KINGDOM","Plantae",,,,,,,"Plantae",,"6",
,"NA NA","Plantae","6","HIGHERRANK","99","ACCEPTED","KINGDOM","Plantae",,,,,,,"Plantae",,"6",
,"NA NA","Plantae","6","HIGHERRANK","99","ACCEPTED","KINGDOM","Plantae",,,,,,,"Plantae",,"6",
,"NA NA","Plantae","6","HIGHERRANK","99","ACCEPTED","KINGDOM","Plantae",,,,,,,"Plantae",,"6",
,"NA NA","Plantae","6","HIGHERRANK","99","ACCEPTED","KINGDOM","Plantae",,,,,,,"Plantae",,"6",
,"NA NA","Plantae","6","HIGHERRANK","99","ACCEPTED","KINGDOM","Plantae",,,,,,,"Plantae",,"6",
,"NA NA","Plantae","6","HIGHERRANK","99","ACCEPTED","KINGDOM","Plantae",,,,,,,"Plantae",,"6",
,"NA NA","Plantae","6","HIGHERRANK","99","ACCEPTED","KINGDOM","Plantae",,,,,,,"Plantae",,"6",
,"NA NA","Plantae","6","HIGHERRANK","99","ACCEPTED","KINGDOM","Plantae",,,,,,,"Plantae",,"6",
,"NA NA","Plantae","6","HIGHERRANK","99","ACCEPTED","KINGDOM","Plantae",,,,,,,"Plantae",,"6",
,"NA NA","Plantae","6","HIGHERRANK","99","ACCEPTED","KINGDOM","Plantae",,,,,,,"Plantae",,"6",
,"NA NA","Plantae","6","HIGHERRANK","99","ACCEPTED","KINGDOM","Plantae",,,,,,,"Plantae",,"6",
,"NA NA","Plantae","6","HIGHERRANK","99","ACCEPTED","KINGDOM","Plantae",,,,,,,"Plantae",,"6",
,"NA NA","Plantae","6","HIGHERRANK","99","ACCEPTED","KINGDOM","Plantae",,,,,,,"Plantae",,"6",
,"NA NA","Plantae","6","HIGHERRANK","99","ACCEPTED","KINGDOM","Plantae",,,,,,,"Plantae",,"6",
,"NA NA","Plantae","6","HIGHERRANK","99","ACCEPTED","KINGDOM","Plantae",,,,,,,"Plantae",,"6",
,"NA NA","Plantae","6","HIGHERRANK","99","ACCEPTED","KINGDOM","Plantae",,,,,,,"Plantae",,"6",
,"NA NA","Plantae","6","HIGHERRANK","99","ACCEPTED","KINGDOM","Plantae",,,,,,,"Plantae",,"6",
,"NA NA","Plantae","6","HIGHERRANK","99","ACCEPTED","KINGDOM","Plantae",,,,,,,"Plantae",,"6",
,"NA NA","Plantae","6","HIGHERRANK","99","ACCEPTED","KINGDOM","Plantae",,,,,,,"Plantae",,"6",
,"NA NA","Plantae","6","HIGHERRANK","99","ACCEPTED","KINGDOM","Plantae",,,,,,,"Plantae",,"6",
,"NA NA","Plantae","6","HIGHERRANK","99","ACCEPTED","KINGDOM","Plantae",,,,,,,"Plantae",,"6",
,"NA NA","Plantae","6","HIGHERRANK","99","ACCEPTED","KINGDOM","Plantae",,,,,,,"Plantae",,"6",
,"NA NA","Plantae","6","HIGHERRANK","99","ACCEPTED","KINGDOM","Plantae",,,,,,,"Plantae",,"6",
,"NA NA","Plantae","6","HIGHERRANK","99","ACCEPTED","KINGDOM","Plantae",,,,,,,"Plantae",,"6",
,"NA NA","Plantae","6","HIGHERRANK","99","ACCEPTED","KINGDOM","Plantae",,,,,,,"Plantae",,"6",
,"NA NA","Plantae","6","HIGHERRANK","99","ACCEPTED","KINGDOM","Plantae",,,,,,,"Plantae",,"6",
,"NA NA","Plantae","6","HIGHERRANK","99","ACCEPTED","KINGDOM","Plantae",,,,,,,"Plantae",,"6",
,"NA NA","Plantae","6","HIGHERRANK","99","ACCEPTED","KINGDOM","Plantae",,,,,,,"Plantae",,"6",
,"NA NA","Plantae","6","HIGHERRANK","99","ACCEPTED","KINGDOM","Plantae",,,,,,,"Plantae",,"6",
,"NA NA","Plantae","6","HIGHERRANK","99","ACCEPTED","KINGDOM","Plantae",,,,,,,"Plantae",,"6",
,"NA NA","Plantae","6","HIGHERRANK","99","ACCEPTED","KINGDOM","Plantae",,,,,,,"Plantae",,"6",
,"NA NA","Plantae","6","HIGHERRANK","99","ACCEPTED","KINGDOM","Plantae",,,,,,,"Plantae",,"6",
,"NA NA","Plantae","6","HIGHERRANK","99","ACCEPTED","KINGDOM","Plantae",,,,,,,"Plantae",,"6",
,"NA NA","Plantae","6","HIGHERRANK","99","ACCEPTED","KINGDOM","Plantae",,,,,,,"Plantae",,"6",
,"NA NA","Plantae","6","HIGHERRANK","99","ACCEPTED","KINGDOM","Plantae",,,,,,,"Plantae",,"6",
,"NA NA","Plantae","6","HIGHERRANK","99","ACCEPTED","KINGDOM","Plantae",,,,,,,"Plantae",,"6",
,"NA NA","Plantae","6","HIGHERRANK","99","ACCEPTED","KINGDOM","Plantae",,,,,,,"Plantae",,"6",
,"NA NA","Plantae","6","HIGHERRANK","99","ACCEPTED","KINGDOM","Plantae",,,,,,,"Plantae",,"6",
,"NA NA","Plantae","6","HIGHERRANK","99","ACCEPTED","KINGDOM","Plantae",,,,,,,"Plantae",,"6",
,"NA NA","Plantae","6","HIGHERRANK","99","ACCEPTED","KINGDOM","Plantae",,,,,,,"Plantae",,"6",
,"NA NA","Plantae","6","HIGHERRANK","99","ACCEPTED","KINGDOM","Plantae",,,,,,,"Plantae",,"6",
,"NA NA","Plantae","6","HIGHERRANK","99","ACCEPTED","KINGDOM","Plantae",,,,,,,"Plantae",,"6",
,"NA NA","Plantae","6","HIGHERRANK","99","ACCEPTED","KINGDOM","Plantae",,,,,,,"Plantae",,"6",
,"NA NA","Plantae","6","HIGHERRANK","99","ACCEPTED","KINGDOM","Plantae",,,,,,,"Plantae",,"6",
,"NA NA","Plantae","6","HIGHERRANK","99","ACCEPTED","KINGDOM","Plantae",,,,,,,"Plantae",,"6",
,"NA NA","Plantae","6","HIGHERRANK","99","ACCEPTED","KINGDOM","Plantae",,,,,,,"Plantae",,"6",
,"NA NA","Plantae","6","HIGHERRANK","99","ACCEPTED","KINGDOM","Plantae",,,,,,,"Plantae",,"6",
,"NA NA","Plantae","6","HIGHERRANK","99","ACCEPTED","KINGDOM","Plantae",,,,,,,"Plantae",,"6",
,"NA NA","Plantae","6","HIGHERRANK","99","ACCEPTED","KINGDOM","Plantae",,,,,,,"Plantae",,"6",
,"NA NA","Plantae","6","HIGHERRANK","99","ACCEPTED","KINGDOM","Plantae",,,,,,,"Plantae",,"6",
,"NA NA","Plantae","6","HIGHERRANK","99","ACCEPTED","KINGDOM","Plantae",,,,,,,"Plantae",,"6",
,"NA NA","Plantae","6","HIGHERRANK","99","ACCEPTED","KINGDOM","Plantae",,,,,,,"Plantae",,"6",
,"NA NA","Plantae","6","HIGHERRANK","99","ACCEPTED","KINGDOM","Plantae",,,,,,,"Plantae",,"6",
,"NA NA","Plantae","6","HIGHERRANK","99","ACCEPTED","KINGDOM","Plantae",,,,,,,"Plantae",,"6",
,"NA NA","Plantae","6","HIGHERRANK","99","ACCEPTED","KINGDOM","Plantae",,,,,,,"Plantae",,"6",
,"NA NA","Plantae","6","HIGHERRANK","99","ACCEPTED","KINGDOM","Plantae",,,,,,,"Plantae",,"6",
,"NA NA","Plantae","6","HIGHERRANK","99","ACCEPTED","KINGDOM","Plantae",,,,,,,"Plantae",,"6",
,"NA NA","Plantae","6","HIGHERRANK","99","ACCEPTED","KINGDOM","Plantae",,,,,,,"Plantae",,"6",
,"NA NA","Plantae","6","HIGHERRANK","99","ACCEPTED","KINGDOM","Plantae",,,,,,,"Plantae",,"6",
,"NA NA","Plantae","6","HIGHERRANK","99","ACCEPTED","KINGDOM","Plantae",,,,,,,"Plantae",,"6",
,"NA NA","Plantae","6","HIGHERRANK","99","ACCEPTED","KINGDOM","Plantae",,,,,,,"Plantae",,"6",
,"NA NA","Plantae","6","HIGHERRANK","99","ACCEPTED","KINGDOM","Plantae",,,,,,,"Plantae",,"6",
,"NA NA","Plantae","6","HIGHERRANK","99","ACCEPTED","KINGDOM","Plantae",,,,,,,"Plantae",,"6",
,"NA NA","Plantae","6","HIGHERRANK","99","ACCEPTED","KINGDOM","Plantae",,,,,,,"Plantae",,"6",
,"NA NA","Plantae","6","HIGHERRANK","99","ACCEPTED","KINGDOM","Plantae",,,,,,,"Plantae",,"6",
,"NA NA","Plantae","6","HIGHERRANK","99","ACCEPTED","KINGDOM","Plantae",,,,,,,"Plantae",,"6",
,"NA NA","Plantae","6","HIGHERRANK","99","ACCEPTED","KINGDOM","Plantae",,,,,,,"Plantae",,"6",
,"NA NA","Plantae","6","HIGHERRANK","99","ACCEPTED","KINGDOM","Plantae",,,,,,,"Plantae",,"6",
,"NA NA","Plantae","6","HIGHERRANK","99","ACCEPTED","KINGDOM","Plantae",,,,,,,"Plantae",,"6",
,"NA NA","Plantae","6","HIGHERRANK","99","ACCEPTED","KINGDOM","Plantae",,,,,,,"Plantae",,"6",
,"NA NA","Plantae","6","HIGHERRANK","99","ACCEPTED","KINGDOM","Plantae",,,,,,,"Plantae",,"6",
,"NA NA","Plantae","6","HIGHERRANK","99","ACCEPTED","KINGDOM","Plantae",,,,,,,"Plantae",,"6",
,"NA NA","Plantae","6","HIGHERRANK","99","ACCEPTED","KINGDOM","Plantae",,,,,,,"Plantae",,"6",
,"NA NA","Plantae","6","HIGHERRANK","99","ACCEPTED","KINGDOM","Plantae",,,,,,,"Plantae",,"6",
,"NA NA","Plantae","6","HIGHERRANK","99","ACCEPTED","KINGDOM","Plantae",,,,,,,"Plantae",,"6",
,"NA NA","Plantae","6","HIGHERRANK","99","ACCEPTED","KINGDOM","Plantae",,,,,,,"Plantae",,"6",
,"NA NA","Plantae","6","HIGHERRANK","99","ACCEPTED","KINGDOM","Plantae",,,,,,,"Plantae",,"6",
,"NA NA","Plantae","6","HIGHERRANK","99","ACCEPTED","KINGDOM","Plantae",,,,,,,"Plantae",,"6",
,"NA NA","Plantae","6","HIGHERRANK","99","ACCEPTED","KINGDOM","Plantae",,,,,,,"Plantae",,"6",
,"NA NA","Plantae","6","HIGHERRANK","99","ACCEPTED","KINGDOM","Plantae",,,,,,,"Plantae",,"6",
,"NA NA","Plantae","6","HIGHERRANK","99","ACCEPTED","KINGDOM","Plantae",,,,,,,"Plantae",,"6",
,"NA NA","Plantae","6","HIGHERRANK","99","ACCEPTED","KINGDOM","Plantae",,,,,,,"Plantae",,"6",
,"NA NA","Plantae","6","HIGHERRANK","99","ACCEPTED","KINGDOM","Plantae",,,,,,,"Plantae",,"6",
,"NA NA","Plantae","6","HIGHERRANK","99","ACCEPTED","KINGDOM","Plantae",,,,,,,"Plantae",,"6",
,"NA NA","Plantae","6","HIGHERRANK","99","ACCEPTED","KINGDOM","Plantae",,,,,,,"Plantae",,"6",
,"NA NA","Plantae","6","HIGHERRANK","99","ACCEPTED","KINGDOM","Plantae",,,,,,,"Plantae",,"6",
,"NA NA","Plantae","6","HIGHERRANK","99","ACCEPTED","KINGDOM","Plantae",,,,,,,"Plantae",,"6",
,"NA NA","Plantae","6","HIGHERRANK","99","ACCEPTED","KINGDOM","Plantae",,,,,,,"Plantae",,"6",
,"NA NA","Plantae","6","HIGHERRANK","99","ACCEPTED","KINGDOM","Plantae",,,,,,,"Plantae",,"6",
,"NA NA","Plantae","6","HIGHERRANK","99","ACCEPTED","KINGDOM","Plantae",,,,,,,"Plantae",,"6",
,"NA NA","Plantae","6","HIGHERRANK","99","ACCEPTED","KINGDOM","Plantae",,,,,,,"Plantae",,"6",
,"NA NA","Plantae","6","HIGHERRANK","99","ACCEPTED","KINGDOM","Plantae",,,,,,,"Plantae",,"6",
,"NA NA","Plantae","6","HIGHERRANK","99","ACCEPTED","KINGDOM","Plantae",,,,,,,"Plantae",,"6",
,"NA NA","Plantae","6","HIGHERRANK","99","ACCEPTED","KINGDOM","Plantae",,,,,,,"Plantae",,"6",
,"NA NA","Plantae","6","HIGHERRANK","99","ACCEPTED","KINGDOM","Plantae",,,,,,,"Plantae",,"6",
,"NA NA","Plantae","6","HIGHERRANK","99","ACCEPTED","KINGDOM","Plantae",,,,,,,"Plantae",,"6",
,"NA NA","Plantae","6","HIGHERRANK","99","ACCEPTED","KINGDOM","Plantae",,,,,,,"Plantae",,"6",
,"NA NA","Plantae","6","HIGHERRANK","99","ACCEPTED","KINGDOM","Plantae",,,,,,,"Plantae",,"6",
,"NA NA","Plantae","6","HIGHERRANK","99","ACCEPTED","KINGDOM","Plantae",,,,,,,"Plantae",,"6",
,"NA NA","Plantae","6","HIGHERRANK","99","ACCEPTED","KINGDOM","Plantae",,,,,,,"Plantae",,"6",
,"NA NA","Plantae","6","HIGHERRANK","99","ACCEPTED","KINGDOM","Plantae",,,,,,,"Plantae",,"6",
,"NA NA","Plantae","6","HIGHERRANK","99","ACCEPTED","KINGDOM","Plantae",,,,,,,"Plantae",,"6",
,"NA NA","Plantae","6","HIGHERRANK","99","ACCEPTED","KINGDOM","Plantae",,,,,,,"Plantae",,"6",
,"NA NA","Plantae","6","HIGHERRANK","99","ACCEPTED","KINGDOM","Plantae",,,,,,,"Plantae",,"6",
,"NA NA","Plantae","6","HIGHERRANK","99","ACCEPTED","KINGDOM","Plantae",,,,,,,"Plantae",,"6",
,"NA NA","Plantae","6","HIGHERRANK","99","ACCEPTED","KINGDOM","Plantae",,,,,,,"Plantae",,"6",
,"NA NA","Plantae","6","HIGHERRANK","99","ACCEPTED","KINGDOM","Plantae",,,,,,,"Plantae",,"6",
,"NA NA","Plantae","6","HIGHERRANK","99","ACCEPTED","KINGDOM","Plantae",,,,,,,"Plantae",,"6",
,"NA NA","Plantae","6","HIGHERRANK","99","ACCEPTED","KINGDOM","Plantae",,,,,,,"Plantae",,"6",
,"NA NA","Plantae","6","HIGHERRANK","99","ACCEPTED","KINGDOM","Plantae",,,,,,,"Plantae",,"6",
,"NA NA","Plantae","6","HIGHERRANK","99","ACCEPTED","KINGDOM","Plantae",,,,,,,"Plantae",,"6",
,"NA NA","Plantae","6","HIGHERRANK","99","ACCEPTED","KINGDOM","Plantae",,,,,,,"Plantae",,"6",
,"NA NA","Plantae","6","HIGHERRANK","99","ACCEPTED","KINGDOM","Plantae",,,,,,,"Plantae",,"6",
,"NA NA","Plantae","6","HIGHERRANK","99","ACCEPTED","KINGDOM","Plantae",,,,,,,"Plantae",,"6",
,"NA NA","Plantae","6","HIGHERRANK","99","ACCEPTED","KINGDOM","Plantae",,,,,,,"Plantae",,"6",
,"NA NA","Plantae","6","HIGHERRANK","99","ACCEPTED","KINGDOM","Plantae",,,,,,,"Plantae",,"6",
,"NA NA","Plantae","6","HIGHERRANK","99","ACCEPTED","KINGDOM","Plantae",,,,,,,"Plantae",,"6",
,"NA NA","Plantae","6","HIGHERRANK","99","ACCEPTED","KINGDOM","Plantae",,,,,,,"Plantae",,"6",
,"NA NA","Plantae","6","HIGHERRANK","99","ACCEPTED","KINGDOM","Plantae",,,,,,,"Plantae",,"6",
,"NA NA","Plantae","6","HIGHERRANK","99","ACCEPTED","KINGDOM","Plantae",,,,,,,"Plantae",,"6",
,"NA NA","Plantae","6","HIGHERRANK","99","ACCEPTED","KINGDOM","Plantae",,,,,,,"Plantae",,"6",
,"NA NA","Plantae","6","HIGHERRANK","99","ACCEPTED","KINGDOM","Plantae",,,,,,,"Plantae",,"6",
,"NA NA","Plantae","6","HIGHERRANK","99","ACCEPTED","KINGDOM","Plantae",,,,,,,"Plantae",,"6",
,"NA NA","Plantae","6","HIGHERRANK","99","ACCEPTED","KINGDOM","Plantae",,,,,,,"Plantae",,"6",
,"NA NA","Plantae","6","HIGHERRANK","99","ACCEPTED","KINGDOM","Plantae",,,,,,,"Plantae",,"6",
,"NA NA","Plantae","6","HIGHERRANK","99","ACCEPTED","KINGDOM","Plantae",,,,,,,"Plantae",,"6",
,"NA NA","Plantae","6","HIGHERRANK","99","ACCEPTED","KINGDOM","Plantae",,,,,,,"Plantae",,"6",
,"NA NA","Plantae","6","HIGHERRANK","99","ACCEPTED","KINGDOM","Plantae",,,,,,,"Plantae",,"6",
,"NA NA","Plantae","6","HIGHERRANK","99","ACCEPTED","KINGDOM","Plantae",,,,,,,"Plantae",,"6",
,"NA NA","Plantae","6","HIGHERRANK","99","ACCEPTED","KINGDOM","Plantae",,,,,,,"Plantae",,"6",
,"NA NA","Plantae","6","HIGHERRANK","99","ACCEPTED","KINGDOM","Plantae",,,,,,,"Plantae",,"6",
,"NA NA","Plantae","6","HIGHERRANK","99","ACCEPTED","KINGDOM","Plantae",,,,,,,"Plantae",,"6",
,"NA NA","Plantae","6","HIGHERRANK","99","ACCEPTED","KINGDOM","Plantae",,,,,,,"Plantae",,"6",
,"NA NA","Plantae","6","HIGHERRANK","99","ACCEPTED","KINGDOM","Plantae",,,,,,,"Plantae",,"6",
,"NA NA","Plantae","6","HIGHERRANK","99","ACCEPTED","KINGDOM","Plantae",,,,,,,"Plantae",,"6",
,"NA NA","Plantae","6","HIGHERRANK","99","ACCEPTED","KINGDOM","Plantae",,,,,,,"Plantae",,"6",
,"NA NA","Plantae","6","HIGHERRANK","99","ACCEPTED","KINGDOM","Plantae",,,,,,,"Plantae",,"6",
,"NA NA","Plantae","6","HIGHERRANK","99","ACCEPTED","KINGDOM","Plantae",,,,,,,"Plantae",,"6",
,"NA NA","Plantae","6","HIGHERRANK","99","ACCEPTED","KINGDOM","Plantae",,,,,,,"Plantae",,"6",
,"NA NA","Plantae","6","HIGHERRANK","99","ACCEPTED","KINGDOM","Plantae",,,,,,,"Plantae",,"6",
,"NA NA","Plantae","6","HIGHERRANK","99","ACCEPTED","KINGDOM","Plantae",,,,,,,"Plantae",,"6",
,"NA NA","Plantae","6","HIGHERRANK","99","ACCEPTED","KINGDOM","Plantae",,,,,,,"Plantae",,"6",
,"NA NA","Plantae","6","HIGHERRANK","99","ACCEPTED","KINGDOM","Plantae",,,,,,,"Plantae",,"6",
,"NA NA","Plantae","6","HIGHERRANK","99","ACCEPTED","KINGDOM","Plantae",,,,,,,"Plantae",,"6",
,"NA NA","Plantae","6","HIGHERRANK","99","ACCEPTED","KINGDOM","Plantae",,,,,,,"Plantae",,"6",
,"NA NA","Plantae","6","HIGHERRANK","99","ACCEPTED","KINGDOM","Plantae",,,,,,,"Plantae",,"6",
,"NA NA","Plantae","6","HIGHERRANK","99","ACCEPTED","KINGDOM","Plantae",,,,,,,"Plantae",,"6",
,"NA NA","Plantae","6","HIGHERRANK","99","ACCEPTED","KINGDOM","Plantae",,,,,,,"Plantae",,"6",
,"NA NA","Plantae","6","HIGHERRANK","99","ACCEPTED","KINGDOM","Plantae",,,,,,,"Plantae",,"6",
,"NA NA","Plantae","6","HIGHERRANK","99","ACCEPTED","KINGDOM","Plantae",,,,,,,"Plantae",,"6",
,"NA NA","Plantae","6","HIGHERRANK","99","ACCEPTED","KINGDOM","Plantae",,,,,,,"Plantae",,"6",
,"NA NA","Plantae","6","HIGHERRANK","99","ACCEPTED","KINGDOM","Plantae",,,,,,,"Plantae",,"6",
,"NA NA","Plantae","6","HIGHERRANK","99","ACCEPTED","KINGDOM","Plantae",,,,,,,"Plantae",,"6",
,"NA NA","Plantae","6","HIGHERRANK","99","ACCEPTED","KINGDOM","Plantae",,,,,,,"Plantae",,"6",
,"NA NA","Plantae","6","HIGHERRANK","99","ACCEPTED","KINGDOM","Plantae",,,,,,,"Plantae",,"6",
,"NA NA","Plantae","6","HIGHERRANK","99","ACCEPTED","KINGDOM","Plantae",,,,,,,"Plantae",,"6",
,"NA NA","Plantae","6","HIGHERRANK","99","ACCEPTED","KINGDOM","Plantae",,,,,,,"Plantae",,"6",
,"NA NA","Plantae","6","HIGHERRANK","99","ACCEPTED","KINGDOM","Plantae",,,,,,,"Plantae",,"6",
,"NA NA","Plantae","6","HIGHERRANK","99","ACCEPTED","KINGDOM","Plantae",,,,,,,"Plantae",,"6",
,"NA NA","Plantae","6","HIGHERRANK","99","ACCEPTED","KINGDOM","Plantae",,,,,,,"Plantae",,"6",
,"NA NA","Plantae","6","HIGHERRANK","99","ACCEPTED","KINGDOM","Plantae",,,,,,,"Plantae",,"6",
,"NA NA","Plantae","6","HIGHERRANK","99","ACCEPTED","KINGDOM","Plantae",,,,,,,"Plantae",,"6",
,"NA NA","Plantae","6","HIGHERRANK","99","ACCEPTED","KINGDOM","Plantae",,,,,,,"Plantae",,"6",
,"NA NA","Plantae","6","HIGHERRANK","99","ACCEPTED","KINGDOM","Plantae",,,,,,,"Plantae",,"6",
,"NA NA","Plantae","6","HIGHERRANK","99","ACCEPTED","KINGDOM","Plantae",,,,,,,"Plantae",,"6",
,"NA NA","Plantae","6","HIGHERRANK","99","ACCEPTED","KINGDOM","Plantae",,,,,,,"Plantae",,"6",
,"NA NA","Plantae","6","HIGHERRANK","99","ACCEPTED","KINGDOM","Plantae",,,,,,,"Plantae",,"6",
,"NA NA","Plantae","6","HIGHERRANK","99","ACCEPTED","KINGDOM","Plantae",,,,,,,"Plantae",,"6",
,"NA NA","Plantae","6","HIGHERRANK","99","ACCEPTED","KINGDOM","Plantae",,,,,,,"Plantae",,"6",
,"NA NA","Plantae","6","HIGHERRANK","99","ACCEPTED","KINGDOM","Plantae",,,,,,,"Plantae",,"6",
,"NA NA","Plantae","6","HIGHERRANK","99","ACCEPTED","KINGDOM","Plantae",,,,,,,"Plantae",,"6",
,"NA NA","Plantae","6","HIGHERRANK","99","ACCEPTED","KINGDOM","Plantae",,,,,,,"Plantae",,"6",
,"NA NA","Plantae","6","HIGHERRANK","99","ACCEPTED","KINGDOM","Plantae",,,,,,,"Plantae",,"6",
,"NA NA","Plantae","6","HIGHERRANK","99","ACCEPTED","KINGDOM","Plantae",,,,,,,"Plantae",,"6",
,"NA NA","Plantae","6","HIGHERRANK","99","ACCEPTED","KINGDOM","Plantae",,,,,,,"Plantae",,"6",
,"NA NA","Plantae","6","HIGHERRANK","99","ACCEPTED","KINGDOM","Plantae",,,,,,,"Plantae",,"6",
,"NA NA","Plantae","6","HIGHERRANK","99","ACCEPTED","KINGDOM","Plantae",,,,,,,"Plantae",,"6",
,"NA NA","Plantae","6","HIGHERRANK","99","ACCEPTED","KINGDOM","Plantae",,,,,,,"Plantae",,"6",
,"NA NA","Plantae","6","HIGHERRANK","99","ACCEPTED","KINGDOM","Plantae",,,,,,,"Plantae",,"6",
,"NA NA","Plantae","6","HIGHERRANK","99","ACCEPTED","KINGDOM","Plantae",,,,,,,"Plantae",,"6",
,"NA NA","Plantae","6","HIGHERRANK","99","ACCEPTED","KINGDOM","Plantae",,,,,,,"Plantae",,"6",
,"NA NA","Plantae","6","HIGHERRANK","99","ACCEPTED","KINGDOM","Plantae",,,,,,,"Plantae",,"6",
,"NA NA","Plantae","6","HIGHERRANK","99","ACCEPTED","KINGDOM","Plantae",,,,,,,"Plantae",,"6",
,"NA NA","Plantae","6","HIGHERRANK","99","ACCEPTED","KINGDOM","Plantae",,,,,,,"Plantae",,"6",
,"NA NA","Plantae","6","HIGHERRANK","99","ACCEPTED","KINGDOM","Plantae",,,,,,,"Plantae",,"6",
,"NA NA","Plantae","6","HIGHERRANK","99","ACCEPTED","KINGDOM","Plantae",,,,,,,"Plantae",,"6",
,"NA NA","Plantae","6","HIGHERRANK","99","ACCEPTED","KINGDOM","Plantae",,,,,,,"Plantae",,"6",
,"NA NA","Plantae","6","HIGHERRANK","99","ACCEPTED","KINGDOM","Plantae",,,,,,,"Plantae",,"6",
,"NA NA","Plantae","6","HIGHERRANK","99","ACCEPTED","KINGDOM","Plantae",,,,,,,"Plantae",,"6",
,"NA NA","Plantae","6","HIGHERRANK","99","ACCEPTED","KINGDOM","Plantae",,,,,,,"Plantae",,"6",
,"NA NA","Plantae","6","HIGHERRANK","99","ACCEPTED","KINGDOM","Plantae",,,,,,,"Plantae",,"6",
,"NA NA","Plantae","6","HIGHERRANK","99","ACCEPTED","KINGDOM","Plantae",,,,,,,"Plantae",,"6",
,"NA NA","Plantae","6","HIGHERRANK","99","ACCEPTED","KINGDOM","Plantae",,,,,,,"Plantae",,"6",
,"NA NA","Plantae","6","HIGHERRANK","99","ACCEPTED","KINGDOM","Plantae",,,,,,,"Plantae",,"6",
,"NA NA","Plantae","6","HIGHERRANK","99","ACCEPTED","KINGDOM","Plantae",,,,,,,"Plantae",,"6",
,"NA NA","Plantae","6","HIGHERRANK","99","ACCEPTED","KINGDOM","Plantae",,,,,,,"Plantae",,"6",
,"NA NA","Plantae","6","HIGHERRANK","99","ACCEPTED","KINGDOM","Plantae",,,,,,,"Plantae",,"6",
,"NA NA","Plantae","6","HIGHERRANK","99","ACCEPTED","KINGDOM","Plantae",,,,,,,"Plantae",,"6",
,"NA NA","Plantae","6","HIGHERRANK","99","ACCEPTED","KINGDOM","Plantae",,,,,,,"Plantae",,"6",
,"NA NA","Plantae","6","HIGHERRANK","99","ACCEPTED","KINGDOM","Plantae",,,,,,,"Plantae",,"6",
,"NA NA","Plantae","6","HIGHERRANK","99","ACCEPTED","KINGDOM","Plantae",,,,,,,"Plantae",,"6",
,"NA NA","Plantae","6","HIGHERRANK","99","ACCEPTED","KINGDOM","Plantae",,,,,,,"Plantae",,"6",
,"NA NA","Plantae","6","HIGHERRANK","99","ACCEPTED","KINGDOM","Plantae",,,,,,,"Plantae",,"6",
,"NA NA","Plantae","6","HIGHERRANK","99","ACCEPTED","KINGDOM","Plantae",,,,,,,"Plantae",,"6",
,"NA NA","Plantae","6","HIGHERRANK","99","ACCEPTED","KINGDOM","Plantae",,,,,,,"Plantae",,"6",
,"NA NA","Plantae","6","HIGHERRANK","99","ACCEPTED","KINGDOM","Plantae",,,,,,,"Plantae",,"6",
,"NA NA","Plantae","6","HIGHERRANK","99","ACCEPTED","KINGDOM","Plantae",,,,,,,"Plantae",,"6",
,"NA NA","Plantae","6","HIGHERRANK","99","ACCEPTED","KINGDOM","Plantae",,,,,,,"Plantae",,"6",
,"NA NA","Plantae","6","HIGHERRANK","99","ACCEPTED","KINGDOM","Plantae",,,,,,,"Plantae",,"6",
,"NA NA","Plantae","6","HIGHERRANK","99","ACCEPTED","KINGDOM","Plantae",,,,,,,"Plantae",,"6",
,"NA NA","Plantae","6","HIGHERRANK","99","ACCEPTED","KINGDOM","Plantae",,,,,,,"Plantae",,"6",
,"NA NA","Plantae","6","HIGHERRANK","99","ACCEPTED","KINGDOM","Plantae",,,,,,,"Plantae",,"6",
,"NA NA","Plantae","6","HIGHERRANK","99","ACCEPTED","KINGDOM","Plantae",,,,,,,"Plantae",,"6",
,"NA NA","Plantae","6","HIGHERRANK","99","ACCEPTED","KINGDOM","Plantae",,,,,,,"Plantae",,"6",
,"NA NA","Plantae","6","HIGHERRANK","99","ACCEPTED","KINGDOM","Plantae",,,,,,,"Plantae",,"6",
,"NA NA","Plantae","6","HIGHERRANK","99","ACCEPTED","KINGDOM","Plantae",,,,,,,"Plantae",,"6",
,"NA NA","Plantae","6","HIGHERRANK","99","ACCEPTED","KINGDOM","Plantae",,,,,,,"Plantae",,"6",
,"NA NA","Plantae","6","HIGHERRANK","99","ACCEPTED","KINGDOM","Plantae",,,,,,,"Plantae",,"6",
,"NA NA","Plantae","6","HIGHERRANK","99","ACCEPTED","KINGDOM","Plantae",,,,,,,"Plantae",,"6",
,"NA NA","Plantae","6","HIGHERRANK","99","ACCEPTED","KINGDOM","Plantae",,,,,,,"Plantae",,"6",
,"NA NA","Plantae","6","HIGHERRANK","99","ACCEPTED","KINGDOM","Plantae",,,,,,,"Plantae",,"6",
,"NA NA","Plantae","6","HIGHERRANK","99","ACCEPTED","KINGDOM","Plantae",,,,,,,"Plantae",,"6",
,"NA NA","Plantae","6","HIGHERRANK","99","ACCEPTED","KINGDOM","Plantae",,,,,,,"Plantae",,"6",
,"NA NA","Plantae","6","HIGHERRANK","99","ACCEPTED","KINGDOM","Plantae",,,,,,,"Plantae",,"6",
,"NA NA","Plantae","6","HIGHERRANK","99","ACCEPTED","KINGDOM","Plantae",,,,,,,"Plantae",,"6",
,"NA NA","Plantae","6","HIGHERRANK","99","ACCEPTED","KINGDOM","Plantae",,,,,,,"Plantae",,"6",
,"NA NA","Plantae","6","HIGHERRANK","99","ACCEPTED","KINGDOM","Plantae",,,,,,,"Plantae",,"6",
,"NA NA","Plantae","6","HIGHERRANK","99","ACCEPTED","KINGDOM","Plantae",,,,,,,"Plantae",,"6",
,"NA NA","Plantae","6","HIGHERRANK","99","ACCEPTED","KINGDOM","Plantae",,,,,,,"Plantae",,"6",
,"NA NA","Plantae","6","HIGHERRANK","99","ACCEPTED","KINGDOM","Plantae",,,,,,,"Plantae",,"6",
,"NA NA","Plantae","6","HIGHERRANK","99","ACCEPTED","KINGDOM","Plantae",,,,,,,"Plantae",,"6",
,"NA NA","Plantae","6","HIGHERRANK","99","ACCEPTED","KINGDOM","Plantae",,,,,,,"Plantae",,"6",
,"NA NA","Plantae","6","HIGHERRANK","99","ACCEPTED","KINGDOM","Plantae",,,,,,,"Plantae",,"6",
,"NA NA","Plantae","6","HIGHERRANK","99","ACCEPTED","KINGDOM","Plantae",,,,,,,"Plantae",,"6",
,"NA NA","Plantae","6","HIGHERRANK","99","ACCEPTED","KINGDOM","Plantae",,,,,,,"Plantae",,"6",
,"NA NA","Plantae","6","HIGHERRANK","99","ACCEPTED","KINGDOM","Plantae",,,,,,,"Plantae",,"6",
,"NA NA","Plantae","6","HIGHERRANK","99","ACCEPTED","KINGDOM","Plantae",,,,,,,"Plantae",,"6",
,"NA NA","Plantae","6","HIGHERRANK","99","ACCEPTED","KINGDOM","Plantae",,,,,,,"Plantae",,"6",
,"NA NA","Plantae","6","HIGHERRANK","99","ACCEPTED","KINGDOM","Plantae",,,,,,,"Plantae",,"6",
,"NA NA","Plantae","6","HIGHERRANK","99","ACCEPTED","KINGDOM","Plantae",,,,,,,"Plantae",,"6",
,"NA NA","Plantae","6","HIGHERRANK","99","ACCEPTED","KINGDOM","Plantae",,,,,,,"Plantae",,"6",
,"NA NA","Plantae","6","HIGHERRANK","99","ACCEPTED","KINGDOM","Plantae",,,,,,,"Plantae",,"6",
,"NA NA","Plantae","6","HIGHERRANK","99","ACCEPTED","KINGDOM","Plantae",,,,,,,"Plantae",,"6",
,"NA NA","Plantae","6","HIGHERRANK","99","ACCEPTED","KINGDOM","Plantae",,,,,,,"Plantae",,"6",
,"NA NA","Plantae","6","HIGHERRANK","99","ACCEPTED","KINGDOM","Plantae",,,,,,,"Plantae",,"6",
,"NA NA","Plantae","6","HIGHERRANK","99","ACCEPTED","KINGDOM","Plantae",,,,,,,"Plantae",,"6",
,"NA NA","Plantae","6","HIGHERRANK","99","ACCEPTED","KINGDOM","Plantae",,,,,,,"Plantae",,"6",
,"NA NA","Plantae","6","HIGHERRANK","99","ACCEPTED","KINGDOM","Plantae",,,,,,,"Plantae",,"6",
,"NA NA","Plantae","6","HIGHERRANK","99","ACCEPTED","KINGDOM","Plantae",,,,,,,"Plantae",,"6",
,"NA NA","Plantae","6","HIGHERRANK","99","ACCEPTED","KINGDOM","Plantae",,,,,,,"Plantae",,"6",
,"NA NA","Plantae","6","HIGHERRANK","99","ACCEPTED","KINGDOM","Plantae",,,,,,,"Plantae",,"6",
,"NA NA","Plantae","6","HIGHERRANK","99","ACCEPTED","KINGDOM","Plantae",,,,,,,"Plantae",,"6",
,"NA NA","Plantae","6","HIGHERRANK","99","ACCEPTED","KINGDOM","Plantae",,,,,,,"Plantae",,"6",
,"NA NA","Plantae","6","HIGHERRANK","99","ACCEPTED","KINGDOM","Plantae",,,,,,,"Plantae",,"6",
,"NA NA","Plantae","6","HIGHERRANK","99","ACCEPTED","KINGDOM","Plantae",,,,,,,"Plantae",,"6",
,"NA NA","Plantae","6","HIGHERRANK","99","ACCEPTED","KINGDOM","Plantae",,,,,,,"Plantae",,"6",
,"NA NA","Plantae","6","HIGHERRANK","99","ACCEPTED","KINGDOM","Plantae",,,,,,,"Plantae",,"6",
,"NA NA","Plantae","6","HIGHERRANK","99","ACCEPTED","KINGDOM","Plantae",,,,,,,"Plantae",,"6",
,"NA NA","Plantae","6","HIGHERRANK","99","ACCEPTED","KINGDOM","Plantae",,,,,,,"Plantae",,"6",
,"NA NA","Plantae","6","HIGHERRANK","99","ACCEPTED","KINGDOM","Plantae",,,,,,,"Plantae",,"6",
,"NA NA","Plantae","6","HIGHERRANK","99","ACCEPTED","KINGDOM","Plantae",,,,,,,"Plantae",,"6",
,"NA NA","Plantae","6","HIGHERRANK","99","ACCEPTED","KINGDOM","Plantae",,,,,,,"Plantae",,"6",
,"NA NA","Plantae","6","HIGHERRANK","99","ACCEPTED","KINGDOM","Plantae",,,,,,,"Plantae",,"6",
,"NA NA","Plantae","6","HIGHERRANK","99","ACCEPTED","KINGDOM","Plantae",,,,,,,"Plantae",,"6",
,"NA NA","Plantae","6","HIGHERRANK","99","ACCEPTED","KINGDOM","Plantae",,,,,,,"Plantae",,"6",
,"NA NA","Plantae","6","HIGHERRANK","99","ACCEPTED","KINGDOM","Plantae",,,,,,,"Plantae",,"6",
,"NA NA","Plantae","6","HIGHERRANK","99","ACCEPTED","KINGDOM","Plantae",,,,,,,"Plantae",,"6",
,"NA NA","Plantae","6","HIGHERRANK","99","ACCEPTED","KINGDOM","Plantae",,,,,,,"Plantae",,"6",
,"NA NA","Plantae","6","HIGHERRANK","99","ACCEPTED","KINGDOM","Plantae",,,,,,,"Plantae",,"6",
,"NA NA","Plantae","6","HIGHERRANK","99","ACCEPTED","KINGDOM","Plantae",,,,,,,"Plantae",,"6",
,"NA NA","Plantae","6","HIGHERRANK","99","ACCEPTED","KINGDOM","Plantae",,,,,,,"Plantae",,"6",
,"NA NA","Plantae","6","HIGHERRANK","99","ACCEPTED","KINGDOM","Plantae",,,,,,,"Plantae",,"6",
,"NA NA","Plantae","6","HIGHERRANK","99","ACCEPTED","KINGDOM","Plantae",,,,,,,"Plantae",,"6",
,"NA NA","Plantae","6","HIGHERRANK","99","ACCEPTED","KINGDOM","Plantae",,,,,,,"Plantae",,"6",
,"NA NA","Plantae","6","HIGHERRANK","99","ACCEPTED","KINGDOM","Plantae",,,,,,,"Plantae",,"6",
,"NA NA","Plantae","6","HIGHERRANK","99","ACCEPTED","KINGDOM","Plantae",,,,,,,"Plantae",,"6",
,"NA NA","Plantae","6","HIGHERRANK","99","ACCEPTED","KINGDOM","Plantae",,,,,,,"Plantae",,"6",
,"NA NA","Plantae","6","HIGHERRANK","99","ACCEPTED","KINGDOM","Plantae",,,,,,,"Plantae",,"6",
,"NA NA","Plantae","6","HIGHERRANK","99","ACCEPTED","KINGDOM","Plantae",,,,,,,"Plantae",,"6",
,"NA NA","Plantae","6","HIGHERRANK","99","ACCEPTED","KINGDOM","Plantae",,,,,,,"Plantae",,"6",
,"NA NA","Plantae","6","HIGHERRANK","99","ACCEPTED","KINGDOM","Plantae",,,,,,,"Plantae",,"6",
,"NA NA","Plantae","6","HIGHERRANK","99","ACCEPTED","KINGDOM","Plantae",,,,,,,"Plantae",,"6",
,"NA NA","Plantae","6","HIGHERRANK","99","ACCEPTED","KINGDOM","Plantae",,,,,,,"Plantae",,"6",
,"NA NA","Plantae","6","HIGHERRANK","99","ACCEPTED","KINGDOM","Plantae",,,,,,,"Plantae",,"6",
,"NA NA","Plantae","6","HIGHERRANK","99","ACCEPTED","KINGDOM","Plantae",,,,,,,"Plantae",,"6",
,"NA NA","Plantae","6","HIGHERRANK","99","ACCEPTED","KINGDOM","Plantae",,,,,,,"Plantae",,"6",
,"NA NA","Plantae","6","HIGHERRANK","99","ACCEPTED","KINGDOM","Plantae",,,,,,,"Plantae",,"6",
,"NA NA","Plantae","6","HIGHERRANK","99","ACCEPTED","KINGDOM","Plantae",,,,,,,"Plantae",,"6",
,"NA NA","Plantae","6","HIGHERRANK","99","ACCEPTED","KINGDOM","Plantae",,,,,,,"Plantae",,"6",
,"NA NA","Plantae","6","HIGHERRANK","99","ACCEPTED","KINGDOM","Plantae",,,,,,,"Plantae",,"6",
,"NA NA","Plantae","6","HIGHERRANK","99","ACCEPTED","KINGDOM","Plantae",,,,,,,"Plantae",,"6",
,"NA NA","Plantae","6","HIGHERRANK","99","ACCEPTED","KINGDOM","Plantae",,,,,,,"Plantae",,"6",
,"NA NA","Plantae","6","HIGHERRANK","99","ACCEPTED","KINGDOM","Plantae",,,,,,,"Plantae",,"6",
,"NA NA","Plantae","6","HIGHERRANK","99","ACCEPTED","KINGDOM","Plantae",,,,,,,"Plantae",,"6",
,"NA NA","Plantae","6","HIGHERRANK","99","ACCEPTED","KINGDOM","Plantae",,,,,,,"Plantae",,"6",
,"NA NA","Plantae","6","HIGHERRANK","99","ACCEPTED","KINGDOM","Plantae",,,,,,,"Plantae",,"6",
,"NA NA","Plantae","6","HIGHERRANK","99","ACCEPTED","KINGDOM","Plantae",,,,,,,"Plantae",,"6",
,"NA NA","Plantae","6","HIGHERRANK","99","ACCEPTED","KINGDOM","Plantae",,,,,,,"Plantae",,"6",
,"NA NA","Plantae","6","HIGHERRANK","99","ACCEPTED","KINGDOM","Plantae",,,,,,,"Plantae",,"6",
,"NA NA","Plantae","6","HIGHERRANK","99","ACCEPTED","KINGDOM","Plantae",,,,,,,"Plantae",,"6",
,"NA NA","Plantae","6","HIGHERRANK","99","ACCEPTED","KINGDOM","Plantae",,,,,,,"Plantae",,"6",
,"NA NA","Plantae","6","HIGHERRANK","99","ACCEPTED","KINGDOM","Plantae",,,,,,,"Plantae",,"6",
,"NA NA","Plantae","6","HIGHERRANK","99","ACCEPTED","KINGDOM","Plantae",,,,,,,"Plantae",,"6",
,"NA NA","Plantae","6","HIGHERRANK","99","ACCEPTED","KINGDOM","Plantae",,,,,,,"Plantae",,"6",
,"NA NA","Plantae","6","HIGHERRANK","99","ACCEPTED","KINGDOM","Plantae",,,,,,,"Plantae",,"6",
,"NA NA","Plantae","6","HIGHERRANK","99","ACCEPTED","KINGDOM","Plantae",,,,,,,"Plantae",,"6",
,"NA NA","Plantae","6","HIGHERRANK","99","ACCEPTED","KINGDOM","Plantae",,,,,,,"Plantae",,"6",
,"NA NA","Plantae","6","HIGHERRANK","99","ACCEPTED","KINGDOM","Plantae",,,,,,,"Plantae",,"6",
,"NA NA","Plantae","6","HIGHERRANK","99","ACCEPTED","KINGDOM","Plantae",,,,,,,"Plantae",,"6",
,"NA NA","Plantae","6","HIGHERRANK","99","ACCEPTED","KINGDOM","Plantae",,,,,,,"Plantae",,"6",
,"NA NA","Plantae","6","HIGHERRANK","99","ACCEPTED","KINGDOM","Plantae",,,,,,,"Plantae",,"6",
,"NA NA","Plantae","6","HIGHERRANK","99","ACCEPTED","KINGDOM","Plantae",,,,,,,"Plantae",,"6",
,"NA NA","Plantae","6","HIGHERRANK","99","ACCEPTED","KINGDOM","Plantae",,,,,,,"Plantae",,"6",
,"NA NA","Plantae","6","HIGHERRANK","99","ACCEPTED","KINGDOM","Plantae",,,,,,,"Plantae",,"6",
,"NA NA","Plantae","6","HIGHERRANK","99","ACCEPTED","KINGDOM","Plantae",,,,,,,"Plantae",,"6",
,"NA NA","Plantae","6","HIGHERRANK","99","ACCEPTED","KINGDOM","Plantae",,,,,,,"Plantae",,"6",
,"NA NA","Plantae","6","HIGHERRANK","99","ACCEPTED","KINGDOM","Plantae",,,,,,,"Plantae",,"6",
,"NA NA","Plantae","6","HIGHERRANK","99","ACCEPTED","KINGDOM","Plantae",,,,,,,"Plantae",,"6",
,"NA NA","Plantae","6","HIGHERRANK","99","ACCEPTED","KINGDOM","Plantae",,,,,,,"Plantae",,"6",
,"NA NA","Plantae","6","HIGHERRANK","99","ACCEPTED","KINGDOM","Plantae",,,,,,,"Plantae",,"6",
,"NA NA","Plantae","6","HIGHERRANK","99","ACCEPTED","KINGDOM","Plantae",,,,,,,"Plantae",,"6",
,"NA NA","Plantae","6","HIGHERRANK","99","ACCEPTED","KINGDOM","Plantae",,,,,,,"Plantae",,"6",
,"NA NA","Plantae","6","HIGHERRANK","99","ACCEPTED","KINGDOM","Plantae",,,,,,,"Plantae",,"6",
,"NA NA","Plantae","6","HIGHERRANK","99","ACCEPTED","KINGDOM","Plantae",,,,,,,"Plantae",,"6",
,"NA NA","Plantae","6","HIGHERRANK","99","ACCEPTED","KINGDOM","Plantae",,,,,,,"Plantae",,"6",
,"NA NA","Plantae","6","HIGHERRANK","99","ACCEPTED","KINGDOM","Plantae",,,,,,,"Plantae",,"6",
,"NA NA","Plantae","6","HIGHERRANK","99","ACCEPTED","KINGDOM","Plantae",,,,,,,"Plantae",,"6",
,"NA NA","Plantae","6","HIGHERRANK","99","ACCEPTED","KINGDOM","Plantae",,,,,,,"Plantae",,"6",
,"NA NA","Plantae","6","HIGHERRANK","99","ACCEPTED","KINGDOM","Plantae",,,,,,,"Plantae",,"6",
,"NA NA","Plantae","6","HIGHERRANK","99","ACCEPTED","KINGDOM","Plantae",,,,,,,"Plantae",,"6",
,"NA NA","Plantae","6","HIGHERRANK","99","ACCEPTED","KINGDOM","Plantae",,,,,,,"Plantae",,"6",
,"NA NA","Plantae","6","HIGHERRANK","99","ACCEPTED","KINGDOM","Plantae",,,,,,,"Plantae",,"6",
,"NA NA","Plantae","6","HIGHERRANK","99","ACCEPTED","KINGDOM","Plantae",,,,,,,"Plantae",,"6",
,"NA NA","Plantae","6","HIGHERRANK","99","ACCEPTED","KINGDOM","Plantae",,,,,,,"Plantae",,"6",
,"NA NA","Plantae","6","HIGHERRANK","99","ACCEPTED","KINGDOM","Plantae",,,,,,,"Plantae",,"6",
,"NA NA","Plantae","6","HIGHERRANK","99","ACCEPTED","KINGDOM","Plantae",,,,,,,"Plantae",,"6",
,"NA NA","Plantae","6","HIGHERRANK","99","ACCEPTED","KINGDOM","Plantae",,,,,,,"Plantae",,"6",
,"NA NA","Plantae","6","HIGHERRANK","99","ACCEPTED","KINGDOM","Plantae",,,,,,,"Plantae",,"6",
,"NA NA","Plantae","6","HIGHERRANK","99","ACCEPTED","KINGDOM","Plantae",,,,,,,"Plantae",,"6",
,"NA NA","Plantae","6","HIGHERRANK","99","ACCEPTED","KINGDOM","Plantae",,,,,,,"Plantae",,"6",
,"NA NA","Plantae","6","HIGHERRANK","99","ACCEPTED","KINGDOM","Plantae",,,,,,,"Plantae",,"6",
,"NA NA","Plantae","6","HIGHERRANK","99","ACCEPTED","KINGDOM","Plantae",,,,,,,"Plantae",,"6",
,"NA NA","Plantae","6","HIGHERRANK","99","ACCEPTED","KINGDOM","Plantae",,,,,,,"Plantae",,"6",
,"NA NA","Plantae","6","HIGHERRANK","99","ACCEPTED","KINGDOM","Plantae",,,,,,,"Plantae",,"6",
,"NA NA","Plantae","6","HIGHERRANK","99","ACCEPTED","KINGDOM","Plantae",,,,,,,"Plantae",,"6",
,"NA NA","Plantae","6","HIGHERRANK","99","ACCEPTED","KINGDOM","Plantae",,,,,,,"Plantae",,"6",
,"NA NA","Plantae","6","HIGHERRANK","99","ACCEPTED","KINGDOM","Plantae",,,,,,,"Plantae",,"6",
,"NA NA","Plantae","6","HIGHERRANK","99","ACCEPTED","KINGDOM","Plantae",,,,,,,"Plantae",,"6",
,"NA NA","Plantae","6","HIGHERRANK","99","ACCEPTED","KINGDOM","Plantae",,,,,,,"Plantae",,"6",
,"NA NA","Plantae","6","HIGHERRANK","99","ACCEPTED","KINGDOM","Plantae",,,,,,,"Plantae",,"6",
,"NA NA","Plantae","6","HIGHERRANK","99","ACCEPTED","KINGDOM","Plantae",,,,,,,"Plantae",,"6",
,"NA NA","Plantae","6","HIGHERRANK","99","ACCEPTED","KINGDOM","Plantae",,,,,,,"Plantae",,"6",
,"NA NA","Plantae","6","HIGHERRANK","99","ACCEPTED","KINGDOM","Plantae",,,,,,,"Plantae",,"6",
,"NA NA","Plantae","6","HIGHERRANK","99","ACCEPTED","KINGDOM","Plantae",,,,,,,"Plantae",,"6",
,"NA NA","Plantae","6","HIGHERRANK","99","ACCEPTED","KINGDOM","Plantae",,,,,,,"Plantae",,"6",
,"NA NA","Plantae","6","HIGHERRANK","99","ACCEPTED","KINGDOM","Plantae",,,,,,,"Plantae",,"6",
,"NA NA","Plantae","6","HIGHERRANK","99","ACCEPTED","KINGDOM","Plantae",,,,,,,"Plantae",,"6",
,"NA NA","Plantae","6","HIGHERRANK","99","ACCEPTED","KINGDOM","Plantae",,,,,,,"Plantae",,"6",
,"NA NA","Plantae","6","HIGHERRANK","99","ACCEPTED","KINGDOM","Plantae",,,,,,,"Plantae",,"6",
,"NA NA","Plantae","6","HIGHERRANK","99","ACCEPTED","KINGDOM","Plantae",,,,,,,"Plantae",,"6",
,"NA NA","Plantae","6","HIGHERRANK","99","ACCEPTED","KINGDOM","Plantae",,,,,,,"Plantae",,"6",
,"NA NA","Plantae","6","HIGHERRANK","99","ACCEPTED","KINGDOM","Plantae",,,,,,,"Plantae",,"6",
,"NA NA","Plantae","6","HIGHERRANK","99","ACCEPTED","KINGDOM","Plantae",,,,,,,"Plantae",,"6",
,"NA NA","Plantae","6","HIGHERRANK","99","ACCEPTED","KINGDOM","Plantae",,,,,,,"Plantae",,"6",
,"NA NA","Plantae","6","HIGHERRANK","99","ACCEPTED","KINGDOM","Plantae",,,,,,,"Plantae",,"6",
,"NA NA","Plantae","6","HIGHERRANK","99","ACCEPTED","KINGDOM","Plantae",,,,,,,"Plantae",,"6",
,"NA NA","Plantae","6","HIGHERRANK","99","ACCEPTED","KINGDOM","Plantae",,,,,,,"Plantae",,"6",
,"NA NA","Plantae","6","HIGHERRANK","99","ACCEPTED","KINGDOM","Plantae",,,,,,,"Plantae",,"6",
,"NA NA","Plantae","6","HIGHERRANK","99","ACCEPTED","KINGDOM","Plantae",,,,,,,"Plantae",,"6",
,"NA NA","Plantae","6","HIGHERRANK","99","ACCEPTED","KINGDOM","Plantae",,,,,,,"Plantae",,"6",
,"NA NA","Plantae","6","HIGHERRANK","99","ACCEPTED","KINGDOM","Plantae",,,,,,,"Plantae",,"6",
,"NA NA","Plantae","6","HIGHERRANK","99","ACCEPTED","KINGDOM","Plantae",,,,,,,"Plantae",,"6",
,"NA NA","Plantae","6","HIGHERRANK","99","ACCEPTED","KINGDOM","Plantae",,,,,,,"Plantae",,"6",
,"NA NA","Plantae","6","HIGHERRANK","99","ACCEPTED","KINGDOM","Plantae",,,,,,,"Plantae",,"6",
,"NA NA","Plantae","6","HIGHERRANK","99","ACCEPTED","KINGDOM","Plantae",,,,,,,"Plantae",,"6",
,"NA NA","Plantae","6","HIGHERRANK","99","ACCEPTED","KINGDOM","Plantae",,,,,,,"Plantae",,"6",
,"NA NA","Plantae","6","HIGHERRANK","99","ACCEPTED","KINGDOM","Plantae",,,,,,,"Plantae",,"6",
,"NA NA","Plantae","6","HIGHERRANK","99","ACCEPTED","KINGDOM","Plantae",,,,,,,"Plantae",,"6",
,"NA NA","Plantae","6","HIGHERRANK","99","ACCEPTED","KINGDOM","Plantae",,,,,,,"Plantae",,"6",
,"NA NA","Plantae","6","HIGHERRANK","99","ACCEPTED","KINGDOM","Plantae",,,,,,,"Plantae",,"6",
,"NA NA","Plantae","6","HIGHERRANK","99","ACCEPTED","KINGDOM","Plantae",,,,,,,"Plantae",,"6",
,"NA NA","Plantae","6","HIGHERRANK","99","ACCEPTED","KINGDOM","Plantae",,,,,,,"Plantae",,"6",
,"NA NA","Plantae","6","HIGHERRANK","99","ACCEPTED","KINGDOM","Plantae",,,,,,,"Plantae",,"6",
,"NA NA","Plantae","6","HIGHERRANK","99","ACCEPTED","KINGDOM","Plantae",,,,,,,"Plantae",,"6",
,"NA NA","Plantae","6","HIGHERRANK","99","ACCEPTED","KINGDOM","Plantae",,,,,,,"Plantae",,"6",
,"NA NA","Plantae","6","HIGHERRANK","99","ACCEPTED","KINGDOM","Plantae",,,,,,,"Plantae",,"6",
,"NA NA","Plantae","6","HIGHERRANK","99","ACCEPTED","KINGDOM","Plantae",,,,,,,"Plantae",,"6",
,"NA NA","Plantae","6","HIGHERRANK","99","ACCEPTED","KINGDOM","Plantae",,,,,,,"Plantae",,"6",
,"NA NA","Plantae","6","HIGHERRANK","99","ACCEPTED","KINGDOM","Plantae",,,,,,,"Plantae",,"6",
,"NA NA","Plantae","6","HIGHERRANK","99","ACCEPTED","KINGDOM","Plantae",,,,,,,"Plantae",,"6",
,"NA NA","Plantae","6","HIGHERRANK","99","ACCEPTED","KINGDOM","Plantae",,,,,,,"Plantae",,"6",
,"NA NA","Plantae","6","HIGHERRANK","99","ACCEPTED","KINGDOM","Plantae",,,,,,,"Plantae",,"6",
,"NA NA","Plantae","6","HIGHERRANK","99","ACCEPTED","KINGDOM","Plantae",,,,,,,"Plantae",,"6",
,"NA NA","Plantae","6","HIGHERRANK","99","ACCEPTED","KINGDOM","Plantae",,,,,,,"Plantae",,"6",
,"NA NA","Plantae","6","HIGHERRANK","99","ACCEPTED","KINGDOM","Plantae",,,,,,,"Plantae",,"6",
,"NA NA","Plantae","6","HIGHERRANK","99","ACCEPTED","KINGDOM","Plantae",,,,,,,"Plantae",,"6",
,"NA NA","Plantae","6","HIGHERRANK","99","ACCEPTED","KINGDOM","Plantae",,,,,,,"Plantae",,"6",
,"NA NA","Plantae","6","HIGHERRANK","99","ACCEPTED","KINGDOM","Plantae",,,,,,,"Plantae",,"6",
,"NA NA","Plantae","6","HIGHERRANK","99","ACCEPTED","KINGDOM","Plantae",,,,,,,"Plantae",,"6",
,"NA NA","Plantae","6","HIGHERRANK","99","ACCEPTED","KINGDOM","Plantae",,,,,,,"Plantae",,"6",
,"NA NA","Plantae","6","HIGHERRANK","99","ACCEPTED","KINGDOM","Plantae",,,,,,,"Plantae",,"6",
,"NA NA","Plantae","6","HIGHERRANK","99","ACCEPTED","KINGDOM","Plantae",,,,,,,"Plantae",,"6",
,"NA NA","Plantae","6","HIGHERRANK","99","ACCEPTED","KINGDOM","Plantae",,,,,,,"Plantae",,"6",
,"NA NA","Plantae","6","HIGHERRANK","99","ACCEPTED","KINGDOM","Plantae",,,,,,,"Plantae",,"6",
,"NA NA","Plantae","6","HIGHERRANK","99","ACCEPTED","KINGDOM","Plantae",,,,,,,"Plantae",,"6",
,"NA NA","Plantae","6","HIGHERRANK","99","ACCEPTED","KINGDOM","Plantae",,,,,,,"Plantae",,"6",
,"NA NA","Plantae","6","HIGHERRANK","99","ACCEPTED","KINGDOM","Plantae",,,,,,,"Plantae",,"6",
,"NA NA","Plantae","6","HIGHERRANK","99","ACCEPTED","KINGDOM","Plantae",,,,,,,"Plantae",,"6",
,"NA NA","Plantae","6","HIGHERRANK","99","ACCEPTED","KINGDOM","Plantae",,,,,,,"Plantae",,"6",
,"NA NA","Plantae","6","HIGHERRANK","99","ACCEPTED","KINGDOM","Plantae",,,,,,,"Plantae",,"6",
,"NA NA","Plantae","6","HIGHERRANK","99","ACCEPTED","KINGDOM","Plantae",,,,,,,"Plantae",,"6",
,"NA NA","Plantae","6","HIGHERRANK","99","ACCEPTED","KINGDOM","Plantae",,,,,,,"Plantae",,"6",
,"NA NA","Plantae","6","HIGHERRANK","99","ACCEPTED","KINGDOM","Plantae",,,,,,,"Plantae",,"6",
,"NA NA","Plantae","6","HIGHERRANK","99","ACCEPTED","KINGDOM","Plantae",,,,,,,"Plantae",,"6",
,"NA NA","Plantae","6","HIGHERRANK","99","ACCEPTED","KINGDOM","Plantae",,,,,,,"Plantae",,"6",
,"NA NA","Plantae","6","HIGHERRANK","99","ACCEPTED","KINGDOM","Plantae",,,,,,,"Plantae",,"6",
,"NA NA","Plantae","6","HIGHERRANK","99","ACCEPTED","KINGDOM","Plantae",,,,,,,"Plantae",,"6",
,"NA NA","Plantae","6","HIGHERRANK","99","ACCEPTED","KINGDOM","Plantae",,,,,,,"Plantae",,"6",
,"NA NA","Plantae","6","HIGHERRANK","99","ACCEPTED","KINGDOM","Plantae",,,,,,,"Plantae",,"6",
,"NA NA","Plantae","6","HIGHERRANK","99","ACCEPTED","KINGDOM","Plantae",,,,,,,"Plantae",,"6",
,"NA NA","Plantae","6","HIGHERRANK","99","ACCEPTED","KINGDOM","Plantae",,,,,,,"Plantae",,"6",
,"NA NA","Plantae","6","HIGHERRANK","99","ACCEPTED","KINGDOM","Plantae",,,,,,,"Plantae",,"6",
,"NA NA","Plantae","6","HIGHERRANK","99","ACCEPTED","KINGDOM","Plantae",,,,,,,"Plantae",,"6",
,"NA NA","Plantae","6","HIGHERRANK","99","ACCEPTED","KINGDOM","Plantae",,,,,,,"Plantae",,"6",
,"NA NA","Plantae","6","HIGHERRANK","99","ACCEPTED","KINGDOM","Plantae",,,,,,,"Plantae",,"6",
,"NA NA","Plantae","6","HIGHERRANK","99","ACCEPTED","KINGDOM","Plantae",,,,,,,"Plantae",,"6",
,"NA NA","Plantae","6","HIGHERRANK","99","ACCEPTED","KINGDOM","Plantae",,,,,,,"Plantae",,"6",
,"NA NA","Plantae","6","HIGHERRANK","99","ACCEPTED","KINGDOM","Plantae",,,,,,,"Plantae",,"6",
,"NA NA","Plantae","6","HIGHERRANK","99","ACCEPTED","KINGDOM","Plantae",,,,,,,"Plantae",,"6",
,"NA NA","Plantae","6","HIGHERRANK","99","ACCEPTED","KINGDOM","Plantae",,,,,,,"Plantae",,"6",
,"NA NA","Plantae","6","HIGHERRANK","99","ACCEPTED","KINGDOM","Plantae",,,,,,,"Plantae",,"6",
,"NA NA","Plantae","6","HIGHERRANK","99","ACCEPTED","KINGDOM","Plantae",,,,,,,"Plantae",,"6",
,"NA NA","Plantae","6","HIGHERRANK","99","ACCEPTED","KINGDOM","Plantae",,,,,,,"Plantae",,"6",
,"NA NA","Plantae","6","HIGHERRANK","99","ACCEPTED","KINGDOM","Plantae",,,,,,,"Plantae",,"6",
,"NA NA","Plantae","6","HIGHERRANK","99","ACCEPTED","KINGDOM","Plantae",,,,,,,"Plantae",,"6",
,"NA NA","Plantae","6","HIGHERRANK","99","ACCEPTED","KINGDOM","Plantae",,,,,,,"Plantae",,"6",
,"NA NA","Plantae","6","HIGHERRANK","99","ACCEPTED","KINGDOM","Plantae",,,,,,,"Plantae",,"6",
,"NA NA","Plantae","6","HIGHERRANK","99","ACCEPTED","KINGDOM","Plantae",,,,,,,"Plantae",,"6",
,"NA NA","Plantae","6","HIGHERRANK","99","ACCEPTED","KINGDOM","Plantae",,,,,,,"Plantae",,"6",
,"NA NA","Plantae","6","HIGHERRANK","99","ACCEPTED","KINGDOM","Plantae",,,,,,,"Plantae",,"6",
,"NA NA","Plantae","6","HIGHERRANK","99","ACCEPTED","KINGDOM","Plantae",,,,,,,"Plantae",,"6",
,"NA NA","Plantae","6","HIGHERRANK","99","ACCEPTED","KINGDOM","Plantae",,,,,,,"Plantae",,"6",
,"NA NA","Plantae","6","HIGHERRANK","99","ACCEPTED","KINGDOM","Plantae",,,,,,,"Plantae",,"6",
,"NA NA","Plantae","6","HIGHERRANK","99","ACCEPTED","KINGDOM","Plantae",,,,,,,"Plantae",,"6",
,"NA NA","Plantae","6","HIGHERRANK","99","ACCEPTED","KINGDOM","Plantae",,,,,,,"Plantae",,"6",
,"NA NA","Plantae","6","HIGHERRANK","99","ACCEPTED","KINGDOM","Plantae",,,,,,,"Plantae",,"6",
,"NA NA","Plantae","6","HIGHERRANK","99","ACCEPTED","KINGDOM","Plantae",,,,,,,"Plantae",,"6",
,"NA NA","Plantae","6","HIGHERRANK","99","ACCEPTED","KINGDOM","Plantae",,,,,,,"Plantae",,"6",
,"NA NA","Plantae","6","HIGHERRANK","99","ACCEPTED","KINGDOM","Plantae",,,,,,,"Plantae",,"6",
,"NA NA","Plantae","6","HIGHERRANK","99","ACCEPTED","KINGDOM","Plantae",,,,,,,"Plantae",,"6",
,"NA NA","Plantae","6","HIGHERRANK","99","ACCEPTED","KINGDOM","Plantae",,,,,,,"Plantae",,"6",
,"NA NA","Plantae","6","HIGHERRANK","99","ACCEPTED","KINGDOM","Plantae",,,,,,,"Plantae",,"6",
,"NA NA","Plantae","6","HIGHERRANK","99","ACCEPTED","KINGDOM","Plantae",,,,,,,"Plantae",,"6",
,"NA NA","Plantae","6","HIGHERRANK","99","ACCEPTED","KINGDOM","Plantae",,,,,,,"Plantae",,"6",
,"NA NA","Plantae","6","HIGHERRANK","99","ACCEPTED","KINGDOM","Plantae",,,,,,,"Plantae",,"6",
,"NA NA","Plantae","6","HIGHERRANK","99","ACCEPTED","KINGDOM","Plantae",,,,,,,"Plantae",,"6",
,"NA NA","Plantae","6","HIGHERRANK","99","ACCEPTED","KINGDOM","Plantae",,,,,,,"Plantae",,"6",
,"NA NA","Plantae","6","HIGHERRANK","99","ACCEPTED","KINGDOM","Plantae",,,,,,,"Plantae",,"6",
,"NA NA","Plantae","6","HIGHERRANK","99","ACCEPTED","KINGDOM","Plantae",,,,,,,"Plantae",,"6",
,"NA NA","Plantae","6","HIGHERRANK","99","ACCEPTED","KINGDOM","Plantae",,,,,,,"Plantae",,"6",
,"NA NA","Plantae","6","HIGHERRANK","99","ACCEPTED","KINGDOM","Plantae",,,,,,,"Plantae",,"6",
,"NA NA","Plantae","6","HIGHERRANK","99","ACCEPTED","KINGDOM","Plantae",,,,,,,"Plantae",,"6",
,"NA NA","Plantae","6","HIGHERRANK","99","ACCEPTED","KINGDOM","Plantae",,,,,,,"Plantae",,"6",
,"NA NA","Plantae","6","HIGHERRANK","99","ACCEPTED","KINGDOM","Plantae",,,,,,,"Plantae",,"6",
,"NA NA","Plantae","6","HIGHERRANK","99","ACCEPTED","KINGDOM","Plantae",,,,,,,"Plantae",,"6",
,"NA NA","Plantae","6","HIGHERRANK","99","ACCEPTED","KINGDOM","Plantae",,,,,,,"Plantae",,"6",
,"NA NA","Plantae","6","HIGHERRANK","99","ACCEPTED","KINGDOM","Plantae",,,,,,,"Plantae",,"6",
,"NA NA","Plantae","6","HIGHERRANK","99","ACCEPTED","KINGDOM","Plantae",,,,,,,"Plantae",,"6",
,"NA NA","Plantae","6","HIGHERRANK","99","ACCEPTED","KINGDOM","Plantae",,,,,,,"Plantae",,"6",
,"NA NA","Plantae","6","HIGHERRANK","99","ACCEPTED","KINGDOM","Plantae",,,,,,,"Plantae",,"6",
,"NA NA","Plantae","6","HIGHERRANK","99","ACCEPTED","KINGDOM","Plantae",,,,,,,"Plantae",,"6",
,"NA NA","Plantae","6","HIGHERRANK","99","ACCEPTED","KINGDOM","Plantae",,,,,,,"Plantae",,"6",
,"NA NA","Plantae","6","HIGHERRANK","99","ACCEPTED","KINGDOM","Plantae",,,,,,,"Plantae",,"6",
,"NA NA","Plantae","6","HIGHERRANK","99","ACCEPTED","KINGDOM","Plantae",,,,,,,"Plantae",,"6",
,"NA NA","Plantae","6","HIGHERRANK","99","ACCEPTED","KINGDOM","Plantae",,,,,,,"Plantae",,"6",
,"NA NA","Plantae","6","HIGHERRANK","99","ACCEPTED","KINGDOM","Plantae",,,,,,,"Plantae",,"6",
,"NA NA","Plantae","6","HIGHERRANK","99","ACCEPTED","KINGDOM","Plantae",,,,,,,"Plantae",,"6",
,"NA NA","Plantae","6","HIGHERRANK","99","ACCEPTED","KINGDOM","Plantae",,,,,,,"Plantae",,"6",
,"NA NA","Plantae","6","HIGHERRANK","99","ACCEPTED","KINGDOM","Plantae",,,,,,,"Plantae",,"6",
,"NA NA","Plantae","6","HIGHERRANK","99","ACCEPTED","KINGDOM","Plantae",,,,,,,"Plantae",,"6",
,"NA NA","Plantae","6","HIGHERRANK","99","ACCEPTED","KINGDOM","Plantae",,,,,,,"Plantae",,"6",
,"NA NA","Plantae","6","HIGHERRANK","99","ACCEPTED","KINGDOM","Plantae",,,,,,,"Plantae",,"6",
,"NA NA","Plantae","6","HIGHERRANK","99","ACCEPTED","KINGDOM","Plantae",,,,,,,"Plantae",,"6",
,"NA NA","Plantae","6","HIGHERRANK","99","ACCEPTED","KINGDOM","Plantae",,,,,,,"Plantae",,"6",
,"NA NA","Plantae","6","HIGHERRANK","99","ACCEPTED","KINGDOM","Plantae",,,,,,,"Plantae",,"6",
,"NA NA","Plantae","6","HIGHERRANK","99","ACCEPTED","KINGDOM","Plantae",,,,,,,"Plantae",,"6",
,"NA NA","Plantae","6","HIGHERRANK","99","ACCEPTED","KINGDOM","Plantae",,,,,,,"Plantae",,"6",
,"NA NA","Plantae","6","HIGHERRANK","99","ACCEPTED","KINGDOM","Plantae",,,,,,,"Plantae",,"6",
,"NA NA","Plantae","6","HIGHERRANK","99","ACCEPTED","KINGDOM","Plantae",,,,,,,"Plantae",,"6",
,"NA NA","Plantae","6","HIGHERRANK","99","ACCEPTED","KINGDOM","Plantae",,,,,,,"Plantae",,"6",
,"NA NA","Plantae","6","HIGHERRANK","99","ACCEPTED","KINGDOM","Plantae",,,,,,,"Plantae",,"6",
,"NA NA","Plantae","6","HIGHERRANK","99","ACCEPTED","KINGDOM","Plantae",,,,,,,"Plantae",,"6",
,"NA NA","Plantae","6","HIGHERRANK","99","ACCEPTED","KINGDOM","Plantae",,,,,,,"Plantae",,"6",
,"NA NA","Plantae","6","HIGHERRANK","99","ACCEPTED","KINGDOM","Plantae",,,,,,,"Plantae",,"6",
,"NA NA","Plantae","6","HIGHERRANK","99","ACCEPTED","KINGDOM","Plantae",,,,,,,"Plantae",,"6",
,"NA NA","Plantae","6","HIGHERRANK","99","ACCEPTED","KINGDOM","Plantae",,,,,,,"Plantae",,"6",
,"NA NA","Plantae","6","HIGHERRANK","99","ACCEPTED","KINGDOM","Plantae",,,,,,,"Plantae",,"6",
,"NA NA","Plantae","6","HIGHERRANK","99","ACCEPTED","KINGDOM","Plantae",,,,,,,"Plantae",,"6",
,"NA NA","Plantae","6","HIGHERRANK","99","ACCEPTED","KINGDOM","Plantae",,,,,,,"Plantae",,"6",
,"NA NA","Plantae","6","HIGHERRANK","99","ACCEPTED","KINGDOM","Plantae",,,,,,,"Plantae",,"6",
,"NA NA","Plantae","6","HIGHERRANK","99","ACCEPTED","KINGDOM","Plantae",,,,,,,"Plantae",,"6",
,"NA NA","Plantae","6","HIGHERRANK","99","ACCEPTED","KINGDOM","Plantae",,,,,,,"Plantae",,"6",
,"NA NA","Plantae","6","HIGHERRANK","99","ACCEPTED","KINGDOM","Plantae",,,,,,,"Plantae",,"6",
,"NA NA","Plantae","6","HIGHERRANK","99","ACCEPTED","KINGDOM","Plantae",,,,,,,"Plantae",,"6",
,"NA NA","Plantae","6","HIGHERRANK","99","ACCEPTED","KINGDOM","Plantae",,,,,,,"Plantae",,"6",
,"NA NA","Plantae","6","HIGHERRANK","99","ACCEPTED","KINGDOM","Plantae",,,,,,,"Plantae",,"6",
,"NA NA","Plantae","6","HIGHERRANK","99","ACCEPTED","KINGDOM","Plantae",,,,,,,"Plantae",,"6",
,"NA NA","Plantae","6","HIGHERRANK","99","ACCEPTED","KINGDOM","Plantae",,,,,,,"Plantae",,"6",
,"NA NA","Plantae","6","HIGHERRANK","99","ACCEPTED","KINGDOM","Plantae",,,,,,,"Plantae",,"6",
,"NA NA","Plantae","6","HIGHERRANK","99","ACCEPTED","KINGDOM","Plantae",,,,,,,"Plantae",,"6",
,"NA NA","Plantae","6","HIGHERRANK","99","ACCEPTED","KINGDOM","Plantae",,,,,,,"Plantae",,"6",
,"NA NA","Plantae","6","HIGHERRANK","99","ACCEPTED","KINGDOM","Plantae",,,,,,,"Plantae",,"6",
,"NA NA","Plantae","6","HIGHERRANK","99","ACCEPTED","KINGDOM","Plantae",,,,,,,"Plantae",,"6",
,"NA NA","Plantae","6","HIGHERRANK","99","ACCEPTED","KINGDOM","Plantae",,,,,,,"Plantae",,"6",
,"NA NA","Plantae","6","HIGHERRANK","99","ACCEPTED","KINGDOM","Plantae",,,,,,,"Plantae",,"6",
,"NA NA","Plantae","6","HIGHERRANK","99","ACCEPTED","KINGDOM","Plantae",,,,,,,"Plantae",,"6",
,"NA NA","Plantae","6","HIGHERRANK","99","ACCEPTED","KINGDOM","Plantae",,,,,,,"Plantae",,"6",
,"NA NA","Plantae","6","HIGHERRANK","99","ACCEPTED","KINGDOM","Plantae",,,,,,,"Plantae",,"6",
,"NA NA","Plantae","6","HIGHERRANK","99","ACCEPTED","KINGDOM","Plantae",,,,,,,"Plantae",,"6",
,"NA NA","Plantae","6","HIGHERRANK","99","ACCEPTED","KINGDOM","Plantae",,,,,,,"Plantae",,"6",
,"NA NA","Plantae","6","HIGHERRANK","99","ACCEPTED","KINGDOM","Plantae",,,,,,,"Plantae",,"6",
,"NA NA","Plantae","6","HIGHERRANK","99","ACCEPTED","KINGDOM","Plantae",,,,,,,"Plantae",,"6",
,"NA NA","Plantae","6","HIGHERRANK","99","ACCEPTED","KINGDOM","Plantae",,,,,,,"Plantae",,"6",
,"NA NA","Plantae","6","HIGHERRANK","99","ACCEPTED","KINGDOM","Plantae",,,,,,,"Plantae",,"6",
,"NA NA","Plantae","6","HIGHERRANK","99","ACCEPTED","KINGDOM","Plantae",,,,,,,"Plantae",,"6",
,"NA NA","Plantae","6","HIGHERRANK","99","ACCEPTED","KINGDOM","Plantae",,,,,,,"Plantae",,"6",
,"NA NA","Plantae","6","HIGHERRANK","99","ACCEPTED","KINGDOM","Plantae",,,,,,,"Plantae",,"6",
,"NA NA","Plantae","6","HIGHERRANK","99","ACCEPTED","KINGDOM","Plantae",,,,,,,"Plantae",,"6",
,"NA NA","Plantae","6","HIGHERRANK","99","ACCEPTED","KINGDOM","Plantae",,,,,,,"Plantae",,"6",
,"NA NA","Plantae","6","HIGHERRANK","99","ACCEPTED","KINGDOM","Plantae",,,,,,,"Plantae",,"6",
,"NA NA","Plantae","6","HIGHERRANK","99","ACCEPTED","KINGDOM","Plantae",,,,,,,"Plantae",,"6",
,"NA NA","Plantae","6","HIGHERRANK","99","ACCEPTED","KINGDOM","Plantae",,,,,,,"Plantae",,"6",
,"NA NA","Plantae","6","HIGHERRANK","99","ACCEPTED","KINGDOM","Plantae",,,,,,,"Plantae",,"6",
,"NA NA","Plantae","6","HIGHERRANK","99","ACCEPTED","KINGDOM","Plantae",,,,,,,"Plantae",,"6",
,"NA NA","Plantae","6","HIGHERRANK","99","ACCEPTED","KINGDOM","Plantae",,,,,,,"Plantae",,"6",
,"NA NA","Plantae","6","HIGHERRANK","99","ACCEPTED","KINGDOM","Plantae",,,,,,,"Plantae",,"6",
,"NA NA","Plantae","6","HIGHERRANK","99","ACCEPTED","KINGDOM","Plantae",,,,,,,"Plantae",,"6",
,"NA NA","Plantae","6","HIGHERRANK","99","ACCEPTED","KINGDOM","Plantae",,,,,,,"Plantae",,"6",
,"NA NA","Plantae","6","HIGHERRANK","99","ACCEPTED","KINGDOM","Plantae",,,,,,,"Plantae",,"6",
,"NA NA","Plantae","6","HIGHERRANK","99","ACCEPTED","KINGDOM","Plantae",,,,,,,"Plantae",,"6",
,"NA NA","Plantae","6","HIGHERRANK","99","ACCEPTED","KINGDOM","Plantae",,,,,,,"Plantae",,"6",
,"NA NA","Plantae","6","HIGHERRANK","99","ACCEPTED","KINGDOM","Plantae",,,,,,,"Plantae",,"6",
,"NA NA","Plantae","6","HIGHERRANK","99","ACCEPTED","KINGDOM","Plantae",,,,,,,"Plantae",,"6",
,"NA NA","Plantae","6","HIGHERRANK","99","ACCEPTED","KINGDOM","Plantae",,,,,,,"Plantae",,"6",
,"NA NA","Plantae","6","HIGHERRANK","99","ACCEPTED","KINGDOM","Plantae",,,,,,,"Plantae",,"6",
,"NA NA","Plantae","6","HIGHERRANK","99","ACCEPTED","KINGDOM","Plantae",,,,,,,"Plantae",,"6",
,"NA NA","Plantae","6","HIGHERRANK","99","ACCEPTED","KINGDOM","Plantae",,,,,,,"Plantae",,"6",
,"NA NA","Plantae","6","HIGHERRANK","99","ACCEPTED","KINGDOM","Plantae",,,,,,,"Plantae",,"6",
,"NA NA","Plantae","6","HIGHERRANK","99","ACCEPTED","KINGDOM","Plantae",,,,,,,"Plantae",,"6",
,"NA NA","Plantae","6","HIGHERRANK","99","ACCEPTED","KINGDOM","Plantae",,,,,,,"Plantae",,"6",
,"NA NA","Plantae","6","HIGHERRANK","99","ACCEPTED","KINGDOM","Plantae",,,,,,,"Plantae",,"6",
,"NA NA","Plantae","6","HIGHERRANK","99","ACCEPTED","KINGDOM","Plantae",,,,,,,"Plantae",,"6",
,"NA NA","Plantae","6","HIGHERRANK","99","ACCEPTED","KINGDOM","Plantae",,,,,,,"Plantae",,"6",
,"NA NA","Plantae","6","HIGHERRANK","99","ACCEPTED","KINGDOM","Plantae",,,,,,,"Plantae",,"6",
,"NA NA","Plantae","6","HIGHERRANK","99","ACCEPTED","KINGDOM","Plantae",,,,,,,"Plantae",,"6",
,"NA NA","Plantae","6","HIGHERRANK","99","ACCEPTED","KINGDOM","Plantae",,,,,,,"Plantae",,"6",
,"NA NA","Plantae","6","HIGHERRANK","99","ACCEPTED","KINGDOM","Plantae",,,,,,,"Plantae",,"6",
,"NA NA","Plantae","6","HIGHERRANK","99","ACCEPTED","KINGDOM","Plantae",,,,,,,"Plantae",,"6",
,"NA NA","Plantae","6","HIGHERRANK","99","ACCEPTED","KINGDOM","Plantae",,,,,,,"Plantae",,"6",
,"NA NA","Plantae","6","HIGHERRANK","99","ACCEPTED","KINGDOM","Plantae",,,,,,,"Plantae",,"6",
,"NA NA","Plantae","6","HIGHERRANK","99","ACCEPTED","KINGDOM","Plantae",,,,,,,"Plantae",,"6",
,"NA NA","Plantae","6","HIGHERRANK","99","ACCEPTED","KINGDOM","Plantae",,,,,,,"Plantae",,"6",
,"NA NA","Plantae","6","HIGHERRANK","99","ACCEPTED","KINGDOM","Plantae",,,,,,,"Plantae",,"6",
,"NA NA","Plantae","6","HIGHERRANK","99","ACCEPTED","KINGDOM","Plantae",,,,,,,"Plantae",,"6",
,"NA NA","Plantae","6","HIGHERRANK","99","ACCEPTED","KINGDOM","Plantae",,,,,,,"Plantae",,"6",
,"NA NA","Plantae","6","HIGHERRANK","99","ACCEPTED","KINGDOM","Plantae",,,,,,,"Plantae",,"6",
,"NA NA","Plantae","6","HIGHERRANK","99","ACCEPTED","KINGDOM","Plantae",,,,,,,"Plantae",,"6",
,"NA NA","Plantae","6","HIGHERRANK","99","ACCEPTED","KINGDOM","Plantae",,,,,,,"Plantae",,"6",
,"NA NA","Plantae","6","HIGHERRANK","99","ACCEPTED","KINGDOM","Plantae",,,,,,,"Plantae",,"6",
,"NA NA","Plantae","6","HIGHERRANK","99","ACCEPTED","KINGDOM","Plantae",,,,,,,"Plantae",,"6",
,"NA NA","Plantae","6","HIGHERRANK","99","ACCEPTED","KINGDOM","Plantae",,,,,,,"Plantae",,"6",
,"NA NA","Plantae","6","HIGHERRANK","99","ACCEPTED","KINGDOM","Plantae",,,,,,,"Plantae",,"6",
,"NA NA","Plantae","6","HIGHERRANK","99","ACCEPTED","KINGDOM","Plantae",,,,,,,"Plantae",,"6",
,"NA NA","Plantae","6","HIGHERRANK","99","ACCEPTED","KINGDOM","Plantae",,,,,,,"Plantae",,"6",
,"NA NA","Plantae","6","HIGHERRANK","99","ACCEPTED","KINGDOM","Plantae",,,,,,,"Plantae",,"6",
,"NA NA","Plantae","6","HIGHERRANK","99","ACCEPTED","KINGDOM","Plantae",,,,,,,"Plantae",,"6",
,"NA NA","Plantae","6","HIGHERRANK","99","ACCEPTED","KINGDOM","Plantae",,,,,,,"Plantae",,"6",
,"NA NA","Plantae","6","HIGHERRANK","99","ACCEPTED","KINGDOM","Plantae",,,,,,,"Plantae",,"6",
,"NA NA","Plantae","6","HIGHERRANK","99","ACCEPTED","KINGDOM","Plantae",,,,,,,"Plantae",,"6",
,"NA NA","Plantae","6","HIGHERRANK","99","ACCEPTED","KINGDOM","Plantae",,,,,,,"Plantae",,"6",
,"NA NA","Plantae","6","HIGHERRANK","99","ACCEPTED","KINGDOM","Plantae",,,,,,,"Plantae",,"6",
,"NA NA","Plantae","6","HIGHERRANK","99","ACCEPTED","KINGDOM","Plantae",,,,,,,"Plantae",,"6",
,"NA NA","Plantae","6","HIGHERRANK","99","ACCEPTED","KINGDOM","Plantae",,,,,,,"Plantae",,"6",
,"NA NA","Plantae","6","HIGHERRANK","99","ACCEPTED","KINGDOM","Plantae",,,,,,,"Plantae",,"6",
,"NA NA","Plantae","6","HIGHERRANK","99","ACCEPTED","KINGDOM","Plantae",,,,,,,"Plantae",,"6",
,"NA NA","Plantae","6","HIGHERRANK","99","ACCEPTED","KINGDOM","Plantae",,,,,,,"Plantae",,"6",
,"NA NA","Plantae","6","HIGHERRANK","99","ACCEPTED","KINGDOM","Plantae",,,,,,,"Plantae",,"6",
,"NA NA","Plantae","6","HIGHERRANK","99","ACCEPTED","KINGDOM","Plantae",,,,,,,"Plantae",,"6",
,"NA NA","Plantae","6","HIGHERRANK","99","ACCEPTED","KINGDOM","Plantae",,,,,,,"Plantae",,"6",
,"NA NA","Plantae","6","HIGHERRANK","99","ACCEPTED","KINGDOM","Plantae",,,,,,,"Plantae",,"6",
,"NA NA","Plantae","6","HIGHERRANK","99","ACCEPTED","KINGDOM","Plantae",,,,,,,"Plantae",,"6",
,"NA NA","Plantae","6","HIGHERRANK","99","ACCEPTED","KINGDOM","Plantae",,,,,,,"Plantae",,"6",
,"NA NA","Plantae","6","HIGHERRANK","99","ACCEPTED","KINGDOM","Plantae",,,,,,,"Plantae",,"6",
,"NA NA","Plantae","6","HIGHERRANK","99","ACCEPTED","KINGDOM","Plantae",,,,,,,"Plantae",,"6",
,"NA NA","Plantae","6","HIGHERRANK","99","ACCEPTED","KINGDOM","Plantae",,,,,,,"Plantae",,"6",
,"NA NA","Plantae","6","HIGHERRANK","99","ACCEPTED","KINGDOM","Plantae",,,,,,,"Plantae",,"6",
,"NA NA","Plantae","6","HIGHERRANK","99","ACCEPTED","KINGDOM","Plantae",,,,,,,"Plantae",,"6",
,"NA NA","Plantae","6","HIGHERRANK","99","ACCEPTED","KINGDOM","Plantae",,,,,,,"Plantae",,"6",
,"NA NA","Plantae","6","HIGHERRANK","99","ACCEPTED","KINGDOM","Plantae",,,,,,,"Plantae",,"6",
,"NA NA","Plantae","6","HIGHERRANK","99","ACCEPTED","KINGDOM","Plantae",,,,,,,"Plantae",,"6",
,"NA NA","Plantae","6","HIGHERRANK","99","ACCEPTED","KINGDOM","Plantae",,,,,,,"Plantae",,"6",
,"NA NA","Plantae","6","HIGHERRANK","99","ACCEPTED","KINGDOM","Plantae",,,,,,,"Plantae",,"6",
,"NA NA","Plantae","6","HIGHERRANK","99","ACCEPTED","KINGDOM","Plantae",,,,,,,"Plantae",,"6",
,"NA NA","Plantae","6","HIGHERRANK","99","ACCEPTED","KINGDOM","Plantae",,,,,,,"Plantae",,"6",
,"NA NA","Plantae","6","HIGHERRANK","99","ACCEPTED","KINGDOM","Plantae",,,,,,,"Plantae",,"6",
,"NA NA","Plantae","6","HIGHERRANK","99","ACCEPTED","KINGDOM","Plantae",,,,,,,"Plantae",,"6",
,"NA NA","Plantae","6","HIGHERRANK","99","ACCEPTED","KINGDOM","Plantae",,,,,,,"Plantae",,"6",
,"NA NA","Plantae","6","HIGHERRANK","99","ACCEPTED","KINGDOM","Plantae",,,,,,,"Plantae",,"6",
,"NA NA","Plantae","6","HIGHERRANK","99","ACCEPTED","KINGDOM","Plantae",,,,,,,"Plantae",,"6",
,"NA NA","Plantae","6","HIGHERRANK","99","ACCEPTED","KINGDOM","Plantae",,,,,,,"Plantae",,"6",
,"NA NA","Plantae","6","HIGHERRANK","99","ACCEPTED","KINGDOM","Plantae",,,,,,,"Plantae",,"6",
,"NA NA","Plantae","6","HIGHERRANK","99","ACCEPTED","KINGDOM","Plantae",,,,,,,"Plantae",,"6",
,"NA NA","Plantae","6","HIGHERRANK","99","ACCEPTED","KINGDOM","Plantae",,,,,,,"Plantae",,"6",
,"NA NA","Plantae","6","HIGHERRANK","99","ACCEPTED","KINGDOM","Plantae",,,,,,,"Plantae",,"6",
,"NA NA","Plantae","6","HIGHERRANK","99","ACCEPTED","KINGDOM","Plantae",,,,,,,"Plantae",,"6",
,"NA NA","Plantae","6","HIGHERRANK","99","ACCEPTED","KINGDOM","Plantae",,,,,,,"Plantae",,"6",
,"NA NA","Plantae","6","HIGHERRANK","99","ACCEPTED","KINGDOM","Plantae",,,,,,,"Plantae",,"6",
,"NA NA","Plantae","6","HIGHERRANK","99","ACCEPTED","KINGDOM","Plantae",,,,,,,"Plantae",,"6",
,"NA NA","Plantae","6","HIGHERRANK","99","ACCEPTED","KINGDOM","Plantae",,,,,,,"Plantae",,"6",
,"NA NA","Plantae","6","HIGHERRANK","99","ACCEPTED","KINGDOM","Plantae",,,,,,,"Plantae",,"6",
,"NA NA","Plantae","6","HIGHERRANK","99","ACCEPTED","KINGDOM","Plantae",,,,,,,"Plantae",,"6",
,"NA NA","Plantae","6","HIGHERRANK","99","ACCEPTED","KINGDOM","Plantae",,,,,,,"Plantae",,"6",
,"NA NA","Plantae","6","HIGHERRANK","99","ACCEPTED","KINGDOM","Plantae",,,,,,,"Plantae",,"6",
,"NA NA","Plantae","6","HIGHERRANK","99","ACCEPTED","KINGDOM","Plantae",,,,,,,"Plantae",,"6",
,"NA NA","Plantae","6","HIGHERRANK","99","ACCEPTED","KINGDOM","Plantae",,,,,,,"Plantae",,"6",
,"NA NA","Plantae","6","HIGHERRANK","99","ACCEPTED","KINGDOM","Plantae",,,,,,,"Plantae",,"6",
,"NA NA","Plantae","6","HIGHERRANK","99","ACCEPTED","KINGDOM","Plantae",,,,,,,"Plantae",,"6",
,"NA NA","Plantae","6","HIGHERRANK","99","ACCEPTED","KINGDOM","Plantae",,,,,,,"Plantae",,"6",
,"NA NA","Plantae","6","HIGHERRANK","99","ACCEPTED","KINGDOM","Plantae",,,,,,,"Plantae",,"6",
,"NA NA","Plantae","6","HIGHERRANK","99","ACCEPTED","KINGDOM","Plantae",,,,,,,"Plantae",,"6",
,"NA NA","Plantae","6","HIGHERRANK","99","ACCEPTED","KINGDOM","Plantae",,,,,,,"Plantae",,"6",
,"NA NA","Plantae","6","HIGHERRANK","99","ACCEPTED","KINGDOM","Plantae",,,,,,,"Plantae",,"6",
,"NA NA","Plantae","6","HIGHERRANK","99","ACCEPTED","KINGDOM","Plantae",,,,,,,"Plantae",,"6",
,"NA NA","Plantae","6","HIGHERRANK","99","ACCEPTED","KINGDOM","Plantae",,,,,,,"Plantae",,"6",
,"NA NA","Plantae","6","HIGHERRANK","99","ACCEPTED","KINGDOM","Plantae",,,,,,,"Plantae",,"6",
,"NA NA","Plantae","6","HIGHERRANK","99","ACCEPTED","KINGDOM","Plantae",,,,,,,"Plantae",,"6",
,"NA NA","Plantae","6","HIGHERRANK","99","ACCEPTED","KINGDOM","Plantae",,,,,,,"Plantae",,"6",
,"NA NA","Plantae","6","HIGHERRANK","99","ACCEPTED","KINGDOM","Plantae",,,,,,,"Plantae",,"6",
,"NA NA","Plantae","6","HIGHERRANK","99","ACCEPTED","KINGDOM","Plantae",,,,,,,"Plantae",,"6",
,"NA NA","Plantae","6","HIGHERRANK","99","ACCEPTED","KINGDOM","Plantae",,,,,,,"Plantae",,"6",
,"NA NA","Plantae","6","HIGHERRANK","99","ACCEPTED","KINGDOM","Plantae",,,,,,,"Plantae",,"6",
,"NA NA","Plantae","6","HIGHERRANK","99","ACCEPTED","KINGDOM","Plantae",,,,,,,"Plantae",,"6",
,"NA NA","Plantae","6","HIGHERRANK","99","ACCEPTED","KINGDOM","Plantae",,,,,,,"Plantae",,"6",
